date,time,currency,impact,event,actual,forecast,previous
Thu Jan 1 2026,All Day,JPY,,Bank Holiday,,,
Thu Jan 1 2026,All Day,CNY,,Bank Holiday,,,
Thu Jan 1 2026,All Day,CHF,,Bank Holiday,,,
Thu Jan 1 2026,All Day,EUR,,French Bank Holiday,,,
Thu Jan 1 2026,All Day,EUR,,German Bank Holiday,,,
Thu Jan 1 2026,All Day,EUR,,Italian Bank Holiday,,,
Thu Jan 1 2026,All Day,GBP,,Bank Holiday,,,
Thu Jan 1 2026,All Day,CAD,,Bank Holiday,,,
Thu Jan 1 2026,All Day,USD,,Bank Holiday,,,
Thu Jan 1 2026,All Day,NZD,,Bank Holiday,,,
Fri Jan 2 2026,All Day,JPY,,Bank Holiday,,,
Fri Jan 2 2026,All Day,CNY,,Bank Holiday,,,
Fri Jan 2 2026,All Day,CHF,,Bank Holiday,,,
Fri Jan 2 2026,7:00,GBP,Low,Nationwide HPI m/m,-0.4%,0.1%,0.3%
Fri Jan 2 2026,8:15,EUR,Low,Spanish Manufacturing PMI,49.6,51.2,51.5
Fri Jan 2 2026,8:45,EUR,Low,Italian Manufacturing PMI,47.9,50.0,50.6
Fri Jan 2 2026,8:50,EUR,Low,French Final Manufacturing PMI,50.7,50.6,50.6
Fri Jan 2 2026,8:55,EUR,Low,German Final Manufacturing PMI,47.0,47.7,47.7
Fri Jan 2 2026,9:00,EUR,Low,Final Manufacturing PMI,48.8,49.2,49.2
Fri Jan 2 2026,9:00,EUR,Low,M3 Money Supply y/y,3.0%,2.7%,2.8%
Fri Jan 2 2026,9:00,EUR,Low,Private Loans y/y,2.9%,2.8%,2.8%
Fri Jan 2 2026,9:30,GBP,Low,Final Manufacturing PMI,50.6,51.2,51.2
Fri Jan 2 2026,14:30,CAD,Low,Manufacturing PMI,48.6,,48.4
Fri Jan 2 2026,14:45,USD,Low,Final Manufacturing PMI,51.8,51.8,51.8
Sat Jan 3 2026,15:15,USD,Low,FOMC Member Paulson Speaks,,,
Sat Jan 3 2026,19:30,USD,Low,FOMC Member Paulson Speaks,,,
Sun Jan 4 2026,17:30,USD,Low,FOMC Member Kashkari Speaks,,,
Mon Jan 5 2026,0:30,JPY,Low,Final Manufacturing PMI,50.0,49.8,49.7
Mon Jan 5 2026,1:45,CNY,Low,RatingDog Services PMI,52.0,52.0,52.1
Mon Jan 5 2026,7:30,CHF,Low,Retail Sales y/y,2.3%,2.5%,2.2%
Mon Jan 5 2026,8:00,EUR,Low,Spanish Unemployment Change,-16.3K,5.7K,-18.8K
Mon Jan 5 2026,8:30,CHF,Low,Manufacturing PMI,45.8,49.7,49.7
Mon Jan 5 2026,9:30,GBP,Low,M4 Money Supply m/m,0.8%,-0.1%,-0.2%
Mon Jan 5 2026,9:30,GBP,Low,Mortgage Approvals,65K,64K,65K
Mon Jan 5 2026,9:30,GBP,Low,Net Lending to Individuals m/m,6.6B,5.2B,5.9B
Mon Jan 5 2026,15:00,USD,High,ISM Manufacturing PMI,47.9,48.3,48.2
Mon Jan 5 2026,15:00,USD,Medium,ISM Manufacturing Prices,58.5,59.0,58.5
Mon Jan 5 2026,All Day,USD,Low,Omdia Total Vehicle Sales,16.0M,15.7M,15.6M
Mon Jan 5 2026,23:50,JPY,Low,Monetary Base y/y,-9.8%,-8.0%,-8.5%
Tue Jan 6 2026,0:01,GBP,Low,BRC Shop Price Index y/y,0.7%,0.6%,0.6%
Tue Jan 6 2026,3:35,JPY,Low,10-y Bond Auction,2.10|3.3,,1.87|3.6
Tue Jan 6 2026,All Day,EUR,,Italian Bank Holiday,,,
Tue Jan 6 2026,All Day,EUR,Medium,German Prelim CPI m/m,0.0%,0.3%,-0.2%
Tue Jan 6 2026,7:45,EUR,Low,French Prelim CPI m/m,0.1%,0.2%,-0.2%
Tue Jan 6 2026,8:15,EUR,Low,Spanish Services PMI,57.1,54.8,55.6
Tue Jan 6 2026,8:45,EUR,Low,Italian Services PMI,51.5,54.2,55.0
Tue Jan 6 2026,8:50,EUR,Low,French Final Services PMI,50.1,50.3,50.2
Tue Jan 6 2026,8:55,EUR,Low,German Final Services PMI,52.7,52.6,52.6
Tue Jan 6 2026,9:00,EUR,Low,Final Services PMI,52.4,52.6,52.6
Tue Jan 6 2026,9:30,GBP,Low,Final Services PMI,51.4,52.1,52.1
Tue Jan 6 2026,13:00,USD,Low,FOMC Member Barkin Speaks,,,
Tue Jan 6 2026,14:45,USD,Low,Final Services PMI,52.5,52.9,52.9
Tue Jan 6 2026,15:54,NZD,Low,GDT Price Index,6.3%,,-4.4%
Tue Jan 6 2026,19:00,USD,Medium,President Trump Speaks,,,
Tue Jan 6 2026,21:30,USD,Low,API Weekly Statistical Bulletin,,,
Wed Jan 7 2026,0:30,AUD,High,CPI m/m,0.0%,0.1%,0.0%
Wed Jan 7 2026,0:30,AUD,High,CPI y/y,3.4%,3.6%,3.8%
Wed Jan 7 2026,0:30,AUD,High,Trimmed Mean CPI m/m,0.3%,0.2%,0.3%
Wed Jan 7 2026,0:30,AUD,Low,Building Approvals m/m,15.2%,1.9%,-6.1%
Wed Jan 7 2026,7:00,EUR,Low,German Retail Sales m/m,-0.6%,0.2%,0.3%
Wed Jan 7 2026,8:55,EUR,Low,German Unemployment Change,3K,5K,1K
Wed Jan 7 2026,9:30,GBP,Low,Construction PMI,40.1,42.4,39.4
Wed Jan 7 2026,9:30,GBP,Low,Housing Equity Withdrawal q/q,-10.9B,-8.7B,-17.9B
Wed Jan 7 2026,10:00,EUR,Medium,Core CPI Flash Estimate y/y,2.3%,2.4%,2.4%
Wed Jan 7 2026,10:00,EUR,Medium,CPI Flash Estimate y/y,2.0%,2.0%,2.1%
Wed Jan 7 2026,10:00,EUR,Low,Italian Prelim CPI m/m,0.2%,0.2%,-0.2%
Wed Jan 7 2026,10:34,EUR,Low,German 10-y Bond Auction,2.83|1.3,,2.67|2.0
Wed Jan 7 2026,13:15,USD,High,ADP Non-Farm Employment Change,41K,49K,-29K
Wed Jan 7 2026,15:00,CAD,Medium,Ivey PMI,51.9,49.5,48.4
Wed Jan 7 2026,15:00,USD,High,ISM Services PMI,54.4,52.2,52.6
Wed Jan 7 2026,15:00,USD,High,JOLTS Job Openings,7.15M,7.61M,7.45M
Wed Jan 7 2026,15:00,USD,Low,Factory Orders m/m,-1.3%,-1.1%,0.2%
Wed Jan 7 2026,15:30,USD,Low,Crude Oil Inventories,-3.8M,-1.2M,-1.9M
Wed Jan 7 2026,21:10,USD,Low,FOMC Member Bowman Speaks,,,
Wed Jan 7 2026,23:30,JPY,Low,Average Cash Earnings y/y,0.5%,2.3%,2.5%
Thu Jan 8 2026,0:30,AUD,Low,Goods Trade Balance,2.94B,5.14B,4.35B
Thu Jan 8 2026,3:35,JPY,Low,30-y Bond Auction,3.45|3.1,,3.43|4.0
Thu Jan 8 2026,5:00,JPY,Low,Consumer Confidence,37.2,37.8,37.5
Thu Jan 8 2026,7:00,EUR,Low,German Factory Orders m/m,5.6%,-0.9%,1.6%
Thu Jan 8 2026,7:02,GBP,Low,Lloyds HPI m/m,-0.6%,0.1%,-0.1%
Thu Jan 8 2026,7:30,CHF,High,CPI m/m,0.0%,0.0%,-0.2%
Thu Jan 8 2026,7:45,EUR,Low,French Trade Balance,-4.2B,-4.3B,-3.5B
Thu Jan 8 2026,8:30,CHF,Low,Summary of Monetary Policy Discussions,,,
Thu Jan 8 2026,9:00,EUR,Low,Italian Monthly Unemployment Rate,5.7%,6.0%,5.8%
Thu Jan 8 2026,9:59,EUR,Low,French 10-y Bond Auction,3.53|2.0,,3.38|2.3
Thu Jan 8 2026,10:00,EUR,Low,PPI m/m,0.5%,0.4%,0.1%
Thu Jan 8 2026,10:00,EUR,Low,Unemployment Rate,6.3%,6.4%,6.4%
Thu Jan 8 2026,10:30,USD,Low,Challenger Job Cuts y/y,-8.3%,,23.5%
Thu Jan 8 2026,13:00,USD,Low,FOMC Member Miran Speaks,,,
Thu Jan 8 2026,13:30,CAD,Low,Trade Balance,-0.6B,-1.4B,0.2B
Thu Jan 8 2026,13:30,USD,High,Unemployment Claims,208K,213K,200K
Thu Jan 8 2026,13:30,USD,Low,Goods Trade Balance,-59.1B,,-78.3B
Thu Jan 8 2026,13:30,USD,Low,Prelim Nonfarm Productivity q/q,4.9%,4.9%,3.3%
Thu Jan 8 2026,13:30,USD,Low,Prelim Unit Labor Costs q/q,-1.9%,0.0%,1.0%
Thu Jan 8 2026,13:30,USD,Low,Trade Balance,-29.4B,-58.1B,-48.1B
Thu Jan 8 2026,15:00,USD,Low,Final Wholesale Inventories m/m,0.2%,0.2%,0.5%
Thu Jan 8 2026,15:30,USD,Low,Natural Gas Storage,-119B,-109B,-38B
Thu Jan 8 2026,20:00,USD,Low,Consumer Credit m/m,4.2B,10.1B,9.2B
Thu Jan 8 2026,23:30,JPY,Low,Household Spending y/y,2.9%,-1.0%,-3.0%
Fri Jan 9 2026,1:30,CNY,Medium,CPI y/y,0.8%,0.8%,0.7%
Fri Jan 9 2026,1:30,CNY,Medium,PPI y/y,-1.9%,-2.0%,-2.2%
Fri Jan 9 2026,5:00,JPY,Low,Leading Indicators,110.5%,110.4%,109.8%
Fri Jan 9 2026,7:00,EUR,Low,German Industrial Production m/m,0.8%,-0.6%,2.0%
Fri Jan 9 2026,7:00,EUR,Low,German Trade Balance,13.1B,16.3B,17.2B
Fri Jan 9 2026,7:45,EUR,Low,French Consumer Spending m/m,-0.3%,-0.1%,0.5%
Fri Jan 9 2026,7:45,EUR,Low,French Industrial Production m/m,-0.1%,-0.2%,0.2%
Fri Jan 9 2026,8:00,CHF,Low,Foreign Currency Reserves,725B,,727B
Fri Jan 9 2026,8:00,CHF,Low,Unemployment Rate,3.0%,3.0%,3.0%
Fri Jan 9 2026,9:00,EUR,Low,Italian Retail Sales m/m,0.5%,0.3%,0.5%
Fri Jan 9 2026,10:00,EUR,Low,Retail Sales m/m,0.2%,0.1%,0.0%
Fri Jan 9 2026,Sep Data,USD,Low,Building Permits,1.42M,1.33M,1.31M
Fri Jan 9 2026,Sep Data,USD,Low,Housing Starts,1.31M,1.29M,1.31M
Fri Jan 9 2026,13:30,CAD,High,Employment Change,8.2K,-1.8K,53.6K
Fri Jan 9 2026,13:30,CAD,High,Unemployment Rate,6.8%,6.7%,6.5%
Fri Jan 9 2026,13:30,USD,High,Average Hourly Earnings m/m,0.3%,0.3%,0.1%
Fri Jan 9 2026,13:30,USD,High,Non-Farm Employment Change,50K,66K,56K
Fri Jan 9 2026,13:30,USD,High,Unemployment Rate,4.4%,4.5%,4.6%
Fri Jan 9 2026,13:30,USD,Low,Building Permits,1.41M,1.35M,1.42M
Fri Jan 9 2026,13:30,USD,Low,Housing Starts,1.25M,1.33M,1.31M
Fri Jan 9 2026,15:00,USD,High,Prelim UoM Consumer Sentiment,54.0,53.5,52.9
Fri Jan 9 2026,15:00,USD,High,Prelim UoM Inflation Expectations,4.2%,,4.2%
Fri Jan 9 2026,15:00,USD,Low,FOMC Member Kashkari Speaks,,,
Fri Jan 9 2026,18:35,USD,Low,FOMC Member Barkin Speaks,,,
Mon Jan 12 2026,All Day,JPY,,Bank Holiday,,,
Mon Jan 12 2026,0:30,AUD,Low,ANZ Job Advertisements m/m,-0.5%,,-1.5%
Mon Jan 12 2026,0:30,AUD,Low,Household Spending m/m,1.0%,0.6%,1.4%
Mon Jan 12 2026,8:00,CHF,Low,SECO Consumer Climate,-31,-33,-34
Mon Jan 12 2026,9:30,EUR,Low,Sentix Investor Confidence,-1.8,-5.1,-6.2
Mon Jan 12 2026,17:45,USD,Low,FOMC Member Barkin Speaks,,,
Mon Jan 12 2026,18:01,USD,Low,10-y Bond Auction,4.17|2.6,,4.18|2.6
Mon Jan 12 2026,21:00,NZD,Low,NZIER Business Confidence,48,,18
Mon Jan 12 2026,22:50,AUD,Low,Westpac Consumer Sentiment,-1.7%,,-9.0%
Mon Jan 12 2026,23:00,USD,Low,FOMC Member Williams Speaks,,,
Mon Jan 12 2026,23:50,JPY,Low,Bank Lending y/y,4.4%,4.1%,4.1%
Mon Jan 12 2026,23:50,JPY,Low,Current Account,3.14T,3.04T,2.48T
Tue Jan 13 2026,0:01,GBP,Low,BRC Retail Sales Monitor y/y,1.0%,1.3%,1.2%
Tue Jan 13 2026,5:00,JPY,Low,Economy Watchers Sentiment,48.6,48.7,48.7
Tue Jan 13 2026,8:36,EUR,Low,French Gov Budget Balance,-155.4B,,-136.2B
Tue Jan 13 2026,11:00,USD,Low,NFIB Small Business Index,99.5,99.5,99.0
Tue Jan 13 2026,Dec 13th,USD,Medium,ADP Weekly Employment Change,11.0K,,8.8K
Tue Jan 13 2026,13:15,USD,Medium,ADP Weekly Employment Change,11.8K,,11.0K
Tue Jan 13 2026,13:30,CAD,Low,Building Permits m/m,-13.1%,-5.6%,15.7%
Tue Jan 13 2026,13:30,USD,High,Core CPI m/m,0.2%,0.3%,0.2%
Tue Jan 13 2026,13:30,USD,High,Core CPI y/y,2.6%,2.7%,2.6%
Tue Jan 13 2026,13:30,USD,High,CPI m/m,0.3%,0.3%,0.3%
Tue Jan 13 2026,13:30,USD,High,CPI y/y,2.7%,2.7%,2.7%
Tue Jan 13 2026,Sep Data,USD,Low,New Home Sales,738K,,711K
Tue Jan 13 2026,15:00,USD,Medium,New Home Sales,737K,716K,738K
Tue Jan 13 2026,15:00,USD,Low,FOMC Member Musalem Speaks,,,
Tue Jan 13 2026,15:03,USD,Low,RCM/TIPP Economic Optimism,47.2,48.2,47.9
Tue Jan 13 2026,18:01,USD,Low,30-y Bond Auction,4.83|2.4,,4.77|2.4
Tue Jan 13 2026,19:00,USD,Medium,President Trump Speaks,,,
Tue Jan 13 2026,19:00,USD,Low,Federal Budget Balance,-144.7B,-144.5B,-173.3B
Tue Jan 13 2026,21:00,USD,Low,FOMC Member Barkin Speaks,,,
Tue Jan 13 2026,21:30,USD,Low,API Weekly Statistical Bulletin,,,
Tue Jan 13 2026,21:45,NZD,Low,Building Consents m/m,2.8%,,-0.7%
Tue Jan 13 2026,23:50,JPY,Low,M2 Money Stock y/y,1.7%,1.9%,1.7%
Wed Jan 14 2026,0:00,NZD,Low,ANZ Commodity Prices m/m,-2.1%,,-1.6%
Wed Jan 14 2026,2:24,CNY,Low,Trade Balance,809B,805B,793B
Wed Jan 14 2026,2:24,CNY,Low,USD-Denominated Trade Balance,114.1B,114.3B,111.7B
Wed Jan 14 2026,6:00,JPY,Low,Prelim Machine Tool Orders y/y,10.6%,,14.8%
Wed Jan 14 2026,8:00,GBP,Low,MPC Member Taylor Speaks,,,
Wed Jan 14 2026,10:02,GBP,Low,10-y Bond Auction,4.46|3.3,,4.61|3.1
Wed Jan 14 2026,10:36,EUR,Low,German 30-y Bond Auction,3.45|2.1,,3.26|1.3
Wed Jan 14 2026,Oct Data,USD,Medium,Core PPI m/m,0.3%,,0.4%
Wed Jan 14 2026,Oct Data,USD,Medium,PPI m/m,0.1%,,0.6%
Wed Jan 14 2026,13:30,USD,High,Core PPI m/m,0.0%,0.2%,0.3%
Wed Jan 14 2026,13:30,USD,High,Core Retail Sales m/m,0.5%,0.4%,0.2%
Wed Jan 14 2026,13:30,USD,High,PPI m/m,0.2%,0.2%,0.1%
Wed Jan 14 2026,13:30,USD,High,Retail Sales m/m,0.6%,0.5%,-0.1%
Wed Jan 14 2026,13:30,USD,Low,Current Account,-226B,-235B,-249B
Wed Jan 14 2026,14:50,USD,Low,FOMC Member Paulson Speaks,,,
Wed Jan 14 2026,15:00,USD,Low,Business Inventories m/m,0.3%,0.1%,0.3%
Wed Jan 14 2026,15:00,USD,Low,Existing Home Sales,4.35M,4.21M,4.14M
Wed Jan 14 2026,15:30,GBP,Low,MPC Member Ramsden Speaks,,,
Wed Jan 14 2026,15:30,USD,Low,Crude Oil Inventories,3.4M,-1.7M,-3.8M
Wed Jan 14 2026,15:30,USD,Low,FOMC Member Miran Speaks,,,
Wed Jan 14 2026,17:00,USD,Low,FOMC Member Bostic Speaks,,,
Wed Jan 14 2026,17:00,USD,Low,FOMC Member Kashkari Speaks,,,
Wed Jan 14 2026,19:00,USD,Low,Beige Book,,,
Wed Jan 14 2026,19:10,USD,Low,FOMC Member Williams Speaks,,,
Wed Jan 14 2026,23:50,JPY,Low,PPI y/y,2.4%,2.4%,2.7%
Thu Jan 15 2026,0:00,AUD,Low,MI Inflation Expectations,4.6%,,4.7%
Thu Jan 15 2026,0:01,GBP,Low,RICS House Price Balance,-14%,-17%,-14%
Thu Jan 15 2026,0:30,AUD,Low,NAB Quarterly Business Confidence,0,,2
Thu Jan 15 2026,7:00,EUR,Low,German WPI m/m,-0.2%,0.2%,0.3%
Thu Jan 15 2026,7:00,GBP,High,GDP m/m,0.3%,0.1%,-0.1%
Thu Jan 15 2026,7:00,GBP,Low,Construction Output m/m,-1.3%,-0.3%,-1.2%
Thu Jan 15 2026,7:00,GBP,Low,Goods Trade Balance,-23.7B,-20.3B,-24.2B
Thu Jan 15 2026,7:00,GBP,Low,Index of Services 3m/3m,0.2%,0.0%,0.1%
Thu Jan 15 2026,7:00,GBP,Low,Industrial Production m/m,1.1%,0.2%,1.3%
Thu Jan 15 2026,7:00,GBP,Low,Manufacturing Production m/m,2.1%,0.4%,0.4%
Thu Jan 15 2026,7:02,CNY,Low,M2 Money Supply y/y,8.5%,8.0%,8.0%
Thu Jan 15 2026,7:02,CNY,Low,New Loans,910B,820B,390B
Thu Jan 15 2026,7:45,EUR,Low,French Final CPI m/m,0.1%,0.1%,0.1%
Thu Jan 15 2026,9:00,EUR,Low,ECB Economic Bulletin,,,
Thu Jan 15 2026,9:00,EUR,Low,Italian Industrial Production m/m,1.5%,0.6%,-1.0%
Thu Jan 15 2026,9:30,GBP,Low,BOE Credit Conditions Survey,,,
Thu Jan 15 2026,10:00,EUR,Low,Industrial Production m/m,0.7%,0.5%,0.7%
Thu Jan 15 2026,10:00,EUR,Low,Trade Balance,10.7B,14.8B,13.7B
Thu Jan 15 2026,11:00,EUR,Low,Italian Trade Balance,5.08B,5.22B,4.18B
Thu Jan 15 2026,13:30,CAD,Low,Manufacturing Sales m/m,-1.2%,-1.1%,-1.0%
Thu Jan 15 2026,13:30,CAD,Low,Wholesale Sales m/m,-1.8%,0.1%,0.4%
Thu Jan 15 2026,13:30,USD,High,Unemployment Claims,198K,215K,207K
Thu Jan 15 2026,13:30,USD,Medium,Empire State Manufacturing Index,7.7,0.8,-3.9
Thu Jan 15 2026,13:30,USD,Medium,Philly Fed Manufacturing Index,12.6,-1.6,-10.2
Thu Jan 15 2026,13:30,USD,Low,Import Prices m/m,0.4%,-0.1%,0.0%
Thu Jan 15 2026,13:35,USD,Low,FOMC Member Bostic Speaks,,,
Thu Jan 15 2026,14:15,USD,Low,FOMC Member Barr Speaks,,,
Thu Jan 15 2026,15:30,USD,Low,Natural Gas Storage,-71B,-89B,-119B
Thu Jan 15 2026,17:40,USD,Low,FOMC Member Barkin Speaks,,,
Thu Jan 15 2026,18:30,USD,Low,FOMC Member Schmid Speaks,,,
Thu Jan 15 2026,21:00,USD,Low,TIC Long-Term Purchases,220.2B,48.7B,30.9B
Thu Jan 15 2026,21:30,NZD,Low,BusinessNZ Manufacturing Index,56.1,,51.7
Thu Jan 15 2026,21:45,NZD,Low,FPI m/m,-0.3%,,-0.4%
Fri Jan 16 2026,7:00,EUR,Low,German Final CPI m/m,0.0%,0.0%,0.0%
Fri Jan 16 2026,10:00,GBP,High,BOE Gov Bailey Speaks,,,
Fri Jan 16 2026,13:15,CAD,Low,Housing Starts,282K,257K,255K
Fri Jan 16 2026,13:30,CAD,Low,Foreign Securities Purchases,16.33B,24.61B,46.62B
Fri Jan 16 2026,14:15,USD,Low,Capacity Utilization Rate,76.3%,76.0%,76.1%
Fri Jan 16 2026,14:15,USD,Low,Industrial Production m/m,0.4%,0.1%,0.4%
Fri Jan 16 2026,14:30,GBP,Low,CB Leading Index m/m,-0.1%,,0.0%
Fri Jan 16 2026,15:00,USD,Low,NAHB Housing Market Index,37,40,39
Fri Jan 16 2026,15:30,AUD,Low,CB Leading Index m/m,0.2%,,0.4%
Fri Jan 16 2026,15:50,USD,Low,FOMC Member Collins Speaks,,,
Fri Jan 16 2026,16:00,USD,Low,FOMC Member Bowman Speaks,,,
Fri Jan 16 2026,20:30,USD,Low,FOMC Member Jefferson Speaks,,,
Sun Jan 18 2026,23:50,JPY,Low,Core Machinery Orders m/m,-11.0%,-5.2%,7.0%
Mon Jan 19 2026,0:00,AUD,Low,MI Inflation Gauge m/m,1.0%,,0.3%
Mon Jan 19 2026,0:01,GBP,Low,Rightmove HPI m/m,2.8%,,-1.8%
Mon Jan 19 2026,1:30,CNY,Low,New Home Prices m/m,-0.37%,,-0.39%
Mon Jan 19 2026,2:00,CNY,Low,Fixed Asset Investment ytd/y,-3.8%,-3.1%,-2.6%
Mon Jan 19 2026,2:00,CNY,Low,GDP q/y,4.5%,4.5%,4.8%
Mon Jan 19 2026,2:00,CNY,Low,Industrial Production y/y,5.2%,5.1%,4.8%
Mon Jan 19 2026,2:00,CNY,Low,NBS Press Conference,,,
Mon Jan 19 2026,2:00,CNY,Low,Retail Sales y/y,0.9%,1.1%,1.3%
Mon Jan 19 2026,2:00,CNY,Low,Unemployment Rate,5.1%,5.2%,5.1%
Mon Jan 19 2026,4:30,JPY,Low,Revised Industrial Production m/m,-2.7%,-2.6%,-2.6%
Mon Jan 19 2026,4:30,JPY,Low,Tertiary Industry Activity m/m,-0.2%,0.0%,0.9%
Mon Jan 19 2026,Day 1,All,Low,WEF Annual Meetings,,,
Mon Jan 19 2026,10:00,EUR,Low,Final Core CPI y/y,2.3%,2.3%,2.3%
Mon Jan 19 2026,10:00,EUR,Low,Final CPI y/y,1.9%,2.0%,2.0%
Mon Jan 19 2026,All Day,EUR,Low,Eurogroup Meetings,,,
Mon Jan 19 2026,All Day,USD,,Bank Holiday,,,
Mon Jan 19 2026,13:30,CAD,High,CPI m/m,-0.2%,-0.4%,0.1%
Mon Jan 19 2026,13:30,CAD,High,Median CPI y/y,2.5%,2.7%,2.8%
Mon Jan 19 2026,13:30,CAD,High,Trimmed CPI y/y,2.7%,2.7%,2.9%
Mon Jan 19 2026,13:30,CAD,Medium,Common CPI y/y,2.8%,2.8%,2.8%
Mon Jan 19 2026,13:32,CAD,Low,Core CPI m/m,-0.4%,,-0.1%
Mon Jan 19 2026,15:30,CAD,Medium,BOC Business Outlook Survey,,,
Mon Jan 19 2026,21:30,NZD,Low,BusinessNZ Services Index,51.5,,47.2
Tue Jan 20 2026,1:00,CNY,Low,1-y Loan Prime Rate,3.00%,3.00%,3.00%
Tue Jan 20 2026,1:00,CNY,Low,5-y Loan Prime Rate,3.50%,3.50%,3.50%
Tue Jan 20 2026,7:00,EUR,Low,German PPI m/m,-0.2%,-0.2%,0.0%
Tue Jan 20 2026,7:00,GBP,High,Claimant Count Change,17.9K,15.6K,-3.3K
Tue Jan 20 2026,7:00,GBP,Medium,Average Earnings Index 3m/y,4.7%,4.6%,4.8%
Tue Jan 20 2026,7:00,GBP,Low,Unemployment Rate,5.1%,5.1%,5.1%
Tue Jan 20 2026,7:30,CHF,Low,PPI m/m,-0.2%,-0.2%,-0.5%
Tue Jan 20 2026,9:00,EUR,Low,Current Account,8.6B,20.3B,26.7B
Tue Jan 20 2026,Day 2,All,Medium,WEF Annual Meetings,,,
Tue Jan 20 2026,9:45,GBP,High,BOE Gov Bailey Speaks,,,
Tue Jan 20 2026,10:00,EUR,Low,German ZEW Economic Sentiment,59.6,50.0,45.8
Tue Jan 20 2026,10:00,EUR,Low,ZEW Economic Sentiment,40.8,36.7,33.7
Tue Jan 20 2026,All Day,EUR,Low,ECOFIN Meetings,,,
Tue Jan 20 2026,13:15,USD,Low,ADP Weekly Employment Change,8.0K,,11.3K
Tue Jan 20 2026,14:43,NZD,Low,GDT Price Index,1.5%,,6.3%
Tue Jan 20 2026,16:30,CHF,Medium,SNB Chairman Schlegel Speaks,,,
Tue Jan 20 2026,16:30,EUR,Low,German Buba President Nagel Speaks,,,
Tue Jan 20 2026,18:00,USD,Medium,President Trump Speaks,,,
Tue Jan 20 2026,23:30,AUD,Low,MI Leading Index m/m,0.1%,,0.0%
Wed Jan 21 2026,7:00,GBP,High,CPI y/y,3.4%,3.3%,3.2%
Wed Jan 21 2026,7:00,GBP,Low,Core CPI y/y,3.2%,3.3%,3.2%
Wed Jan 21 2026,7:00,GBP,Low,PPI Input m/m,-0.2%,-0.1%,0.5%
Wed Jan 21 2026,7:00,GBP,Low,PPI Output m/m,0.0%,0.1%,0.1%
Wed Jan 21 2026,7:00,GBP,Low,RPI y/y,4.2%,4.1%,3.8%
Wed Jan 21 2026,7:30,EUR,Medium,ECB President Lagarde Speaks,,,
Wed Jan 21 2026,Day 3,All,High,WEF Annual Meetings,,,
Wed Jan 21 2026,9:30,GBP,Low,HPI y/y,2.5%,1.8%,1.9%
Wed Jan 21 2026,10:34,EUR,Low,German 30-y Bond Auction,3.49|2.4,,3.45|2.1
Wed Jan 21 2026,11:00,GBP,Low,CBI Industrial Order Expectations,-30,-33,-32
Wed Jan 21 2026,13:30,CAD,Low,IPPI m/m,-0.6%,0.3%,1.1%
Wed Jan 21 2026,13:30,CAD,Low,RMPI m/m,0.5%,-0.5%,0.6%
Wed Jan 21 2026,13:30,USD,High,President Trump Speaks,,,
Wed Jan 21 2026,Sep Data,USD,Low,Construction Spending m/m,-0.6%,,0.4%
Wed Jan 21 2026,15:00,USD,Medium,Pending Home Sales m/m,-9.3%,-0.3%,3.3%
Wed Jan 21 2026,15:00,USD,Low,Construction Spending m/m,0.5%,0.1%,-0.6%
Wed Jan 21 2026,16:45,EUR,Medium,ECB President Lagarde Speaks,,,
Wed Jan 21 2026,18:00,USD,Medium,President Trump Speaks,,,
Wed Jan 21 2026,18:30,EUR,Low,German Buba President Nagel Speaks,,,
Wed Jan 21 2026,21:30,USD,Low,API Weekly Statistical Bulletin,,,
Wed Jan 21 2026,21:45,NZD,Low,Visitor Arrivals m/m,0.8%,,0.7%
Wed Jan 21 2026,23:50,JPY,Low,Trade Balance,-0.21T,-0.06T,0.01T
Thu Jan 22 2026,0:30,AUD,High,Employment Change,65.2K,28.3K,-28.7K
Thu Jan 22 2026,0:30,AUD,High,Unemployment Rate,4.1%,4.4%,4.3%
Thu Jan 22 2026,7:00,GBP,Low,Public Sector Net Borrowing,11.6B,13.4B,10.9B
Thu Jan 22 2026,Day 4,All,Low,WEF Annual Meetings,,,
Thu Jan 22 2026,11:00,EUR,Low,German Buba Monthly Report,,,
Thu Jan 22 2026,11:00,GBP,Low,CBI Realized Sales,-17,-35,-44
Thu Jan 22 2026,12:30,EUR,Low,ECB Monetary Policy Meeting Accounts,,,
Thu Jan 22 2026,13:30,CAD,Low,NHPI m/m,-0.2%,-0.2%,0.0%
Thu Jan 22 2026,13:30,USD,High,Final GDP q/q,4.4%,4.3%,4.3%
Thu Jan 22 2026,13:30,USD,High,Unemployment Claims,200K,209K,199K
Thu Jan 22 2026,13:30,USD,Medium,Final GDP Price Index q/q,3.8%,3.8%,3.8%
Thu Jan 22 2026,Oct Data,USD,Medium,Core PCE Price Index m/m,0.2%,,0.2%
Thu Jan 22 2026,Oct Data,USD,Low,Personal Income m/m,0.1%,,0.4%
Thu Jan 22 2026,Oct Data,USD,Low,Personal Spending m/m,0.5%,,0.4%
Thu Jan 22 2026,15:00,EUR,Low,Consumer Confidence,-12,-13,-15
Thu Jan 22 2026,15:00,USD,High,Core PCE Price Index m/m,0.2%,0.2%,0.2%
Thu Jan 22 2026,15:00,USD,Low,Personal Income m/m,0.3%,0.4%,0.1%
Thu Jan 22 2026,15:00,USD,Low,Personal Spending m/m,0.5%,0.5%,0.5%
Thu Jan 22 2026,15:30,USD,Low,Natural Gas Storage,-120B,-90B,-71B
Thu Jan 22 2026,17:00,USD,Low,Crude Oil Inventories,3.6M,-1.0M,3.4M
Thu Jan 22 2026,21:45,NZD,High,CPI q/q,0.6%,0.5%,1.0%
Thu Jan 22 2026,22:00,AUD,Low,Flash Manufacturing PMI,52.4,,51.6
Thu Jan 22 2026,22:00,AUD,Low,Flash Services PMI,56.0,,51.1
Thu Jan 22 2026,23:30,JPY,Low,National Core CPI y/y,2.4%,2.4%,3.0%
Fri Jan 23 2026,0:01,GBP,Low,GfK Consumer Confidence,-16,-17,-17
Fri Jan 23 2026,0:30,JPY,Low,Flash Manufacturing PMI,51.5,50.1,50.0
Fri Jan 23 2026,3:07,JPY,High,BOJ Outlook Report,,,
Fri Jan 23 2026,3:07,JPY,High,BOJ Policy Rate,<0.75%,<0.75%,<0.75%
Fri Jan 23 2026,3:07,JPY,High,Monetary Policy Statement,,,
Fri Jan 23 2026,6:30,JPY,High,BOJ Press Conference,,,
Fri Jan 23 2026,7:00,GBP,High,Retail Sales m/m,0.4%,0.0%,-0.1%
Fri Jan 23 2026,8:15,EUR,Medium,French Flash Manufacturing PMI,51.0,50.4,50.7
Fri Jan 23 2026,8:15,EUR,Medium,French Flash Services PMI,47.9,50.3,50.1
Fri Jan 23 2026,8:30,EUR,High,German Flash Manufacturing PMI,48.7,47.8,47.0
Fri Jan 23 2026,8:30,EUR,High,German Flash Services PMI,53.3,52.6,52.7
Fri Jan 23 2026,9:00,EUR,Low,Flash Manufacturing PMI,49.4,49.1,48.8
Fri Jan 23 2026,9:00,EUR,Low,Flash Services PMI,51.9,52.6,52.4
Fri Jan 23 2026,Day 5,All,Medium,WEF Annual Meetings,,,
Fri Jan 23 2026,9:30,GBP,High,Flash Manufacturing PMI,51.6,50.6,50.6
Fri Jan 23 2026,9:30,GBP,High,Flash Services PMI,54.3,51.7,51.4
Fri Jan 23 2026,9:30,GBP,Low,MPC Member Greene Speaks,,,
Fri Jan 23 2026,10:00,EUR,Medium,ECB President Lagarde Speaks,,,
Fri Jan 23 2026,12:11,CNY,Low,Foreign Direct Investment ytd/y,-9.5%,,-7.5%
Fri Jan 23 2026,13:30,CAD,Medium,Core Retail Sales m/m,1.7%,1.0%,-0.6%
Fri Jan 23 2026,13:30,CAD,Medium,Retail Sales m/m,1.3%,1.2%,-0.3%
Fri Jan 23 2026,14:45,USD,High,Flash Manufacturing PMI,51.9,51.9,51.8
Fri Jan 23 2026,14:45,USD,High,Flash Services PMI,52.5,52.9,52.5
Fri Jan 23 2026,15:00,USD,Medium,Revised UoM Consumer Sentiment,56.4,54.0,54.0
Fri Jan 23 2026,15:00,USD,Low,Revised UoM Inflation Expectations,4.0%,,4.2%
Fri Jan 23 2026,Oct Data,USD,Low,CB Leading Index m/m,-0.1%,,-0.2%
Fri Jan 23 2026,15:54,USD,Low,CB Leading Index m/m,-0.3%,-0.2%,-0.1%
Sun Jan 25 2026,All Day,AUD,,Bank Holiday,,,
Mon Jan 26 2026,9:00,EUR,Medium,German ifo Business Climate,87.6,88.3,87.6
Mon Jan 26 2026,11:00,EUR,Low,German Buba President Nagel Speaks,,,
Mon Jan 26 2026,13:30,EUR,Low,German Buba President Nagel Speaks,,,
Mon Jan 26 2026,13:30,USD,Medium,Core Durable Goods Orders m/m,0.5%,0.3%,0.1%
Mon Jan 26 2026,13:30,USD,Medium,Durable Goods Orders m/m,5.3%,3.1%,-2.1%
Mon Jan 26 2026,13:33,EUR,Low,Belgian NBB Business Climate,-8.8,-10.2,-11.9
Mon Jan 26 2026,23:50,JPY,Low,SPPI y/y,2.6%,2.7%,2.7%
Tue Jan 27 2026,0:01,GBP,Low,BRC Shop Price Index y/y,1.5%,0.7%,0.7%
Tue Jan 27 2026,0:30,AUD,Low,NAB Business Confidence,3,,2
Tue Jan 27 2026,2:00,NZD,Low,Credit Card Spending y/y,-0.3%,,4.4%
Tue Jan 27 2026,5:00,JPY,Low,BOJ Core CPI y/y,1.9%,2.0%,2.2%
Tue Jan 27 2026,8:00,EUR,Low,Spanish Unemployment Rate,9.9%,10.2%,10.5%
Tue Jan 27 2026,13:15,USD,Low,ADP Weekly Employment Change,7.8K,,8.0K
Tue Jan 27 2026,14:00,USD,Low,HPI m/m,0.6%,0.3%,0.4%
Tue Jan 27 2026,14:00,USD,Low,S&P/CS Composite-20 HPI y/y,1.4%,1.2%,1.3%
Tue Jan 27 2026,15:00,USD,Medium,CB Consumer Confidence,84.5,90.6,94.2
Tue Jan 27 2026,15:00,USD,Medium,Richmond Manufacturing Index,-6,-5,-7
Tue Jan 27 2026,17:00,EUR,Low,German Buba President Nagel Speaks,,,
Tue Jan 27 2026,21:00,USD,Medium,President Trump Speaks,,,
Tue Jan 27 2026,21:30,USD,Low,API Weekly Statistical Bulletin,,,
Tue Jan 27 2026,23:50,JPY,Low,Monetary Policy Meeting Minutes,,,
Wed Jan 28 2026,0:30,AUD,High,CPI m/m,1.0%,0.7%,0.0%
Wed Jan 28 2026,0:30,AUD,High,CPI y/y,3.8%,3.5%,3.4%
Wed Jan 28 2026,0:30,AUD,High,Trimmed Mean CPI m/m,0.2%,0.3%,0.3%
Wed Jan 28 2026,7:00,EUR,Low,German GfK Consumer Climate,-24.1,-25.5,-26.9
Wed Jan 28 2026,9:00,CHF,Low,UBS Economic Expectations,-4.7,,6.2
Wed Jan 28 2026,10:34,EUR,Low,German 10-y Bond Auction,2.85|1.7,,2.83|1.3
Wed Jan 28 2026,14:00,CNY,Low,CB Leading Index m/m,-0.1%,,-0.2%
Wed Jan 28 2026,14:45,CAD,High,BOC Monetary Policy Report,,,
Wed Jan 28 2026,14:45,CAD,High,BOC Rate Statement,,,
Wed Jan 28 2026,14:45,CAD,High,Overnight Rate,2.25%,2.25%,2.25%
Wed Jan 28 2026,15:30,CAD,High,BOC Press Conference,,,
Wed Jan 28 2026,15:30,USD,Low,Crude Oil Inventories,-2.3M,-0.2M,3.6M
Wed Jan 28 2026,19:00,USD,High,Federal Funds Rate,3.75%,3.75%,3.75%
Wed Jan 28 2026,19:00,USD,High,FOMC Statement,,,
Wed Jan 28 2026,19:30,USD,High,FOMC Press Conference,,,
Wed Jan 28 2026,21:45,NZD,Low,Trade Balance,52M,30M,-335M
Thu Jan 29 2026,0:00,NZD,Low,ANZ Business Confidence,64.1,,73.6
Thu Jan 29 2026,0:30,AUD,Low,Import Prices q/q,0.9%,-0.2%,-0.4%
Thu Jan 29 2026,5:00,JPY,Low,Consumer Confidence,37.9,37.1,37.2
Thu Jan 29 2026,9:00,EUR,Low,M3 Money Supply y/y,2.8%,3.0%,3.0%
Thu Jan 29 2026,9:00,EUR,Low,Private Loans y/y,3.0%,2.9%,2.9%
Thu Jan 29 2026,13:30,CAD,Low,Trade Balance,-2.2B,-0.7B,-0.4B
Thu Jan 29 2026,13:30,USD,High,Unemployment Claims,209K,206K,210K
Thu Jan 29 2026,13:30,USD,Low,Goods Trade Balance,-86.9B,,-59.0B
Thu Jan 29 2026,13:30,USD,Low,Revised Nonfarm Productivity q/q,4.9%,4.9%,4.9%
Thu Jan 29 2026,13:30,USD,Low,Revised Unit Labor Costs q/q,-1.9%,-1.9%,-1.9%
Thu Jan 29 2026,13:30,USD,Low,Trade Balance,-56.8B,-43.4B,-29.2B
Thu Jan 29 2026,15:00,USD,Low,Factory Orders m/m,2.7%,1.7%,-1.2%
Thu Jan 29 2026,15:00,USD,Low,Final Wholesale Inventories m/m,0.2%,0.2%,0.2%
Thu Jan 29 2026,15:30,USD,Low,Natural Gas Storage,-242B,-237B,-120B
Thu Jan 29 2026,21:00,USD,Medium,Treasury Currency Report,,,
Thu Jan 29 2026,21:30,USD,Medium,President Trump Speaks,,,
Thu Jan 29 2026,23:30,JPY,Medium,Tokyo Core CPI y/y,2.0%,2.2%,2.3%
Thu Jan 29 2026,23:30,JPY,Low,Unemployment Rate,2.6%,2.6%,2.6%
Thu Jan 29 2026,23:50,JPY,Low,Prelim Industrial Production m/m,-0.1%,-0.4%,-2.7%
Thu Jan 29 2026,23:50,JPY,Low,Retail Sales y/y,-0.9%,0.7%,1.1%
Fri Jan 30 2026,0:30,AUD,Low,PPI q/q,0.8%,1.1%,1.0%
Fri Jan 30 2026,0:30,AUD,Low,Private Sector Credit m/m,0.8%,0.6%,0.6%
Fri Jan 30 2026,5:00,JPY,Low,Housing Starts y/y,-1.3%,-4.5%,-8.5%
Fri Jan 30 2026,6:30,EUR,Low,French Consumer Spending m/m,-0.6%,-0.4%,-0.3%
Fri Jan 30 2026,6:30,EUR,Low,French Flash GDP q/q,0.2%,0.2%,0.5%
Fri Jan 30 2026,7:00,EUR,Low,German Import Prices m/m,-0.1%,-0.4%,0.5%
Fri Jan 30 2026,All Day,EUR,Medium,German Prelim CPI m/m,0.1%,0.0%,0.0%
Fri Jan 30 2026,7:45,EUR,Low,French Prelim Private Payrolls q/q,-0.1%,0.1%,-0.1%
Fri Jan 30 2026,8:00,CHF,Low,KOF Economic Barometer,102.5,103.1,103.6
Fri Jan 30 2026,8:00,EUR,Low,Spanish Flash CPI y/y,2.4%,2.4%,2.9%
Fri Jan 30 2026,8:00,EUR,Low,Spanish Flash GDP q/q,0.8%,0.6%,0.6%
Fri Jan 30 2026,8:55,EUR,Low,German Unemployment Change,0K,4K,3K
Fri Jan 30 2026,9:00,EUR,Medium,German Prelim GDP q/q,0.3%,0.2%,0.0%
Fri Jan 30 2026,9:00,EUR,Low,Italian Prelim GDP q/q,0.3%,0.2%,0.1%
Fri Jan 30 2026,9:30,GBP,Low,M4 Money Supply m/m,0.3%,0.3%,0.8%
Fri Jan 30 2026,9:30,GBP,Low,Mortgage Approvals,61K,65K,64K
Fri Jan 30 2026,9:30,GBP,Low,Net Lending to Individuals m/m,6.1B,6.1B,6.7B
Fri Jan 30 2026,10:00,EUR,Low,Italian Monthly Unemployment Rate,5.6%,5.8%,5.6%
Fri Jan 30 2026,10:00,EUR,Low,Prelim Flash GDP q/q,0.3%,0.2%,0.3%
Fri Jan 30 2026,10:00,EUR,Low,Unemployment Rate,6.2%,6.3%,6.3%
Fri Jan 30 2026,13:30,CAD,High,GDP m/m,0.0%,0.1%,-0.3%
Fri Jan 30 2026,13:30,USD,High,Core PPI m/m,0.7%,0.2%,0.0%
Fri Jan 30 2026,13:30,USD,High,PPI m/m,0.5%,0.2%,0.2%
Fri Jan 30 2026,14:45,USD,Low,Chicago PMI,54.0,43.5,43.5
Fri Jan 30 2026,18:30,USD,Low,FOMC Member Musalem Speaks,,,
Fri Jan 30 2026,22:00,USD,Low,FOMC Member Bowman Speaks,,,
Sat Jan 31 2026,1:30,CNY,Medium,Manufacturing PMI,49.3,50.1,50.1
Sat Jan 31 2026,1:30,CNY,Low,Non-Manufacturing PMI,49.4,50.3,50.2
Sun Feb 1 2026,All Day,All,Medium,OPEC-JMMC Meetings,,,
Sun Feb 1 2026,23:50,JPY,Low,BOJ Summary of Opinions,,,
Mon Feb 2 2026,0:00,AUD,Low,MI Inflation Gauge m/m,0.2%,,1.0%
Mon Feb 2 2026,0:30,AUD,Low,ANZ Job Advertisements m/m,4.4%,,-0.8%
Mon Feb 2 2026,0:30,JPY,Low,Final Manufacturing PMI,51.5,51.5,51.5
Mon Feb 2 2026,1:45,CNY,Low,RatingDog Manufacturing PMI,50.3,50.1,50.1
Mon Feb 2 2026,5:30,AUD,Low,Commodity Prices y/y,2.6%,,-3.2%
Mon Feb 2 2026,7:00,EUR,Low,German Retail Sales m/m,0.1%,-0.1%,-0.5%
Mon Feb 2 2026,7:00,GBP,Low,Nationwide HPI m/m,0.3%,0.3%,-0.4%
Mon Feb 2 2026,7:30,CHF,Low,Retail Sales y/y,2.9%,2.5%,1.7%
Mon Feb 2 2026,8:15,EUR,Low,Spanish Manufacturing PMI,49.2,49.9,49.6
Mon Feb 2 2026,8:30,CHF,Low,Manufacturing PMI,48.8,47.2,45.8
Mon Feb 2 2026,8:45,EUR,Low,Italian Manufacturing PMI,48.1,48.5,47.9
Mon Feb 2 2026,8:50,EUR,Low,French Final Manufacturing PMI,51.2,51.0,51.0
Mon Feb 2 2026,8:55,EUR,Low,German Final Manufacturing PMI,49.1,48.7,48.7
Mon Feb 2 2026,9:00,EUR,Low,Final Manufacturing PMI,49.5,49.4,49.4
Mon Feb 2 2026,9:30,GBP,Low,Final Manufacturing PMI,51.8,51.6,51.6
Mon Feb 2 2026,11:45,GBP,Low,MPC Member Breeden Speaks,,,
Mon Feb 2 2026,14:30,CAD,Low,Manufacturing PMI,50.4,,48.6
Mon Feb 2 2026,14:45,USD,Low,Final Manufacturing PMI,52.4,51.9,51.9
Mon Feb 2 2026,15:00,USD,High,ISM Manufacturing PMI,52.6,48.5,47.9
Mon Feb 2 2026,15:00,USD,Medium,ISM Manufacturing Prices,59.0,59.3,58.5
Mon Feb 2 2026,17:30,USD,Low,FOMC Member Bostic Speaks,,,
Mon Feb 2 2026,19:00,USD,Low,Loan Officer Survey,,,
Mon Feb 2 2026,21:45,NZD,Low,Building Consents m/m,-4.6%,,2.7%
Mon Feb 2 2026,23:50,JPY,Low,Monetary Base y/y,-9.5%,-10.3%,-9.8%
Tue Feb 3 2026,0:30,AUD,Low,Building Approvals m/m,-14.9%,-6.2%,13.1%
Tue Feb 3 2026,3:30,AUD,High,Cash Rate,3.85%,3.85%,3.60%
Tue Feb 3 2026,3:30,AUD,High,RBA Monetary Policy Statement,,,
Tue Feb 3 2026,3:30,AUD,High,RBA Rate Statement,,,
Tue Feb 3 2026,3:35,JPY,Low,10-y Bond Auction,2.25|3.0,,2.10|3.3
Tue Feb 3 2026,4:30,AUD,High,RBA Press Conference,,,
Tue Feb 3 2026,7:45,EUR,Low,French Gov Budget Balance,-124.7B,,-155.4B
Tue Feb 3 2026,7:45,EUR,Low,French Prelim CPI m/m,-0.3%,-0.1%,0.1%
Tue Feb 3 2026,8:00,EUR,Low,Spanish Unemployment Change,30.4K,13.4K,-16.3K
Tue Feb 3 2026,10:02,GBP,Low,10-y Bond Auction,4.59|3.6,,4.46|3.3
Tue Feb 3 2026,13:00,USD,Low,FOMC Member Barkin Speaks,,,
Tue Feb 3 2026,14:40,USD,Low,FOMC Member Bowman Speaks,,,
Tue Feb 3 2026,15:01,USD,Low,RCM/TIPP Economic Optimism,48.8,47.9,47.2
Tue Feb 3 2026,All Day,USD,Low,Omdia Total Vehicle Sales,14.9M,15.3M,16.0M
Tue Feb 3 2026,21:30,USD,Low,API Weekly Statistical Bulletin,,,
Tue Feb 3 2026,21:45,NZD,High,Employment Change q/q,0.5%,0.3%,0.0%
Tue Feb 3 2026,21:45,NZD,High,Unemployment Rate,5.4%,5.3%,5.3%
Tue Feb 3 2026,21:45,NZD,Low,Labor Cost Index q/q,0.4%,0.5%,0.5%
Tue Feb 3 2026,22:56,NZD,Low,GDT Price Index,6.7%,,1.5%
Wed Feb 4 2026,0:00,NZD,Low,ANZ Commodity Prices m/m,2.0%,,-2.1%
Wed Feb 4 2026,1:45,CNY,Low,RatingDog Services PMI,52.3,52.0,52.0
Wed Feb 4 2026,5:10,AUD,Low,RBA Assist Gov Jones Speaks,,,
Wed Feb 4 2026,8:15,EUR,Low,Spanish Services PMI,53.5,56.6,57.1
Wed Feb 4 2026,8:45,EUR,Low,Italian Services PMI,52.9,51.3,51.5
Wed Feb 4 2026,8:50,EUR,Low,French Final Services PMI,48.4,47.9,47.9
Wed Feb 4 2026,8:55,EUR,Low,German Final Services PMI,52.4,53.3,53.3
Wed Feb 4 2026,9:00,EUR,Low,Final Services PMI,51.6,51.9,51.9
Wed Feb 4 2026,9:30,GBP,Low,Final Services PMI,54.0,54.2,54.3
Wed Feb 4 2026,10:00,EUR,Medium,Core CPI Flash Estimate y/y,2.2%,2.3%,2.3%
Wed Feb 4 2026,10:00,EUR,Medium,CPI Flash Estimate y/y,1.7%,1.7%,1.9%
Wed Feb 4 2026,10:00,EUR,Low,PPI m/m,-0.3%,-0.3%,0.7%
Wed Feb 4 2026,10:00,EUR,Low,Italian Prelim CPI m/m,0.4%,0.4%,0.2%
Wed Feb 4 2026,13:15,USD,High,ADP Non-Farm Employment Change,22K,46K,37K
Wed Feb 4 2026,14:45,USD,Low,Final Services PMI,52.7,52.5,52.5
Wed Feb 4 2026,15:00,USD,High,ISM Services PMI,53.8,53.5,54.4
Wed Feb 4 2026,15:30,USD,Low,Crude Oil Inventories,-3.5M,-2.0M,-2.3M
Wed Feb 4 2026,23:30,USD,Low,FOMC Member Cook Speaks,,,
Thu Feb 5 2026,0:30,AUD,Low,Goods Trade Balance,3.37B,3.42B,2.60B
Thu Feb 5 2026,3:35,JPY,Low,30-y Bond Auction,3.62|3.6,,3.45|3.1
Thu Feb 5 2026,7:00,EUR,Low,German Factory Orders m/m,7.8%,-1.8%,5.7%
Thu Feb 5 2026,7:45,EUR,Low,French Industrial Production m/m,-0.7%,0.2%,0.1%
Thu Feb 5 2026,9:00,EUR,Low,Italian Retail Sales m/m,-0.8%,-0.4%,0.5%
Thu Feb 5 2026,9:30,GBP,Low,Construction PMI,46.4,42.2,40.1
Thu Feb 5 2026,9:43,EUR,Low,Spanish 10-y Bond Auction,3.22|2.4,,3.20|1.9
Thu Feb 5 2026,10:00,EUR,Low,Retail Sales m/m,-0.5%,-0.2%,0.1%
Thu Feb 5 2026,10:01,EUR,Low,French 10-y Bond Auction,3.45|2.4,,3.53|2.0
Thu Feb 5 2026,12:00,GBP,High,BOE Monetary Policy Report,,,
Thu Feb 5 2026,12:00,GBP,High,Monetary Policy Summary,,,
Thu Feb 5 2026,12:00,GBP,High,MPC Official Bank Rate Votes,0-4-5,0-2-7,0-5-4
Thu Feb 5 2026,12:00,GBP,High,Official Bank Rate,3.75%,3.75%,3.75%
Thu Feb 5 2026,12:30,GBP,High,BOE Gov Bailey Speaks,,,
Thu Feb 5 2026,12:30,USD,Low,Challenger Job Cuts y/y,117.8%,,-8.3%
Thu Feb 5 2026,13:15,EUR,High,Main Refinancing Rate,2.15%,2.15%,2.15%
Thu Feb 5 2026,13:15,EUR,High,Monetary Policy Statement,,,
Thu Feb 5 2026,13:30,USD,High,Unemployment Claims,231K,212K,209K
Thu Feb 5 2026,13:45,EUR,High,ECB Press Conference,,,
Thu Feb 5 2026,15:00,USD,High,JOLTS Job Openings,6.54M,7.25M,6.93M
Thu Feb 5 2026,15:30,USD,Low,Natural Gas Storage,-360B,-379B,-242B
Thu Feb 5 2026,15:50,USD,Low,FOMC Member Bostic Speaks,,,
Thu Feb 5 2026,17:25,CAD,High,BOC Gov Macklem Speaks,,,
Thu Feb 5 2026,All Day,NZD,,Bank Holiday,,,
Thu Feb 5 2026,22:30,AUD,High,RBA Gov Bullock Speaks,,,
Thu Feb 5 2026,23:30,JPY,Low,Household Spending y/y,-2.6%,-0.5%,2.9%
Fri Feb 6 2026,0:00,USD,Medium,President Trump Speaks,,,
Fri Feb 6 2026,5:00,JPY,Low,Leading Indicators,110.2%,109.8%,109.9%
Fri Feb 6 2026,7:00,EUR,Low,German Industrial Production m/m,-1.9%,-0.2%,0.2%
Fri Feb 6 2026,7:00,EUR,Low,German Trade Balance,17.1B,14.1B,13.6B
Fri Feb 6 2026,7:00,GBP,Low,Lloyds HPI m/m,0.7%,0.1%,-0.5%
Fri Feb 6 2026,7:45,EUR,Low,French Trade Balance,-4.8B,-3.8B,-4.0B
Fri Feb 6 2026,8:00,CHF,Low,Foreign Currency Reserves,712B,,725B
Fri Feb 6 2026,8:00,CHF,Low,Unemployment Rate,2.9%,3.0%,3.0%
Fri Feb 6 2026,12:00,GBP,Low,MPC Member Pill Speaks,,,
Fri Feb 6 2026,13:30,CAD,High,Employment Change,-24.8K,5.2K,8.2K
Fri Feb 6 2026,13:30,CAD,High,Unemployment Rate,6.5%,6.8%,6.8%
Fri Feb 6 2026,15:00,CAD,Medium,Ivey PMI,50.9,49.7,51.9
Fri Feb 6 2026,15:00,USD,High,Prelim UoM Consumer Sentiment,57.3,55.0,56.4
Fri Feb 6 2026,15:00,USD,High,Prelim UoM Inflation Expectations,3.5%,,4.0%
Fri Feb 6 2026,17:00,USD,Low,FOMC Member Jefferson Speaks,,,
Fri Feb 6 2026,20:00,USD,Low,Consumer Credit m/m,24.0B,9.0B,4.7B
Sun Feb 8 2026,All Day,JPY,High,Lower House Elections,,,
Sun Feb 8 2026,6:40,GBP,Medium,BOE Gov Bailey Speaks,,,
Sun Feb 8 2026,23:30,JPY,Low,Average Cash Earnings y/y,2.4%,3.0%,1.7%
Sun Feb 8 2026,23:50,JPY,Low,Bank Lending y/y,4.5%,4.5%,4.3%
Sun Feb 8 2026,23:50,JPY,Low,Current Account,2.70T,2.95T,3.14T
Mon Feb 9 2026,0:30,AUD,Low,Household Spending m/m,-0.4%,0.2%,1.0%
Mon Feb 9 2026,5:00,JPY,Low,Economy Watchers Sentiment,47.6,49.1,48.6
Mon Feb 9 2026,8:00,CHF,Low,SECO Consumer Climate,-30,-30,-31
Mon Feb 9 2026,9:30,EUR,Low,Sentix Investor Confidence,4.2,-0.2,-1.8
Mon Feb 9 2026,16:00,EUR,Low,German Buba President Nagel Speaks,,,
Mon Feb 9 2026,17:00,EUR,Medium,ECB President Lagarde Speaks,,,
Mon Feb 9 2026,18:30,USD,Low,FOMC Member Waller Speaks,,,
Mon Feb 9 2026,19:30,GBP,Low,MPC Member Mann Speaks,,,
Mon Feb 9 2026,19:30,USD,Low,FOMC Member Miran Speaks,,,
Mon Feb 9 2026,20:15,USD,Low,FOMC Member Bostic Speaks,,,
Mon Feb 9 2026,22:00,USD,Low,FOMC Member Miran Speaks,,,
Mon Feb 9 2026,22:15,GBP,Low,MPC Member Mann Speaks,,,
Mon Feb 9 2026,23:30,AUD,Low,Westpac Consumer Sentiment,-2.6%,,-1.7%
Mon Feb 9 2026,23:50,JPY,Low,M2 Money Stock y/y,1.6%,1.7%,1.7%
Tue Feb 10 2026,0:01,GBP,Low,BRC Retail Sales Monitor y/y,2.3%,1.3%,1.0%
Tue Feb 10 2026,0:30,AUD,Low,NAB Business Confidence,3,,2
Tue Feb 10 2026,6:00,JPY,Low,Prelim Machine Tool Orders y/y,25.3%,,10.9%
Tue Feb 10 2026,11:00,USD,Low,NFIB Small Business Index,99.3,99.8,99.5
Tue Feb 10 2026,Jan 10th,USD,Low,ADP Weekly Employment Change,3.8K,,8.3K
Tue Feb 10 2026,Jan 17th,USD,Low,ADP Weekly Employment Change,5.0K,,3.8K
Tue Feb 10 2026,13:15,USD,Low,ADP Weekly Employment Change,6.5K,,5.0K
Tue Feb 10 2026,13:30,USD,High,Core Retail Sales m/m,0.0%,0.3%,0.4%
Tue Feb 10 2026,13:30,USD,High,Retail Sales m/m,0.0%,0.4%,0.6%
Tue Feb 10 2026,13:30,USD,Medium,Employment Cost Index q/q,0.7%,0.8%,0.8%
Tue Feb 10 2026,13:30,USD,Low,Import Prices m/m,0.1%,0.1%,0.4%
Tue Feb 10 2026,15:00,USD,Low,Business Inventories m/m,0.1%,0.2%,0.2%
Tue Feb 10 2026,17:00,USD,Low,FOMC Member Hammack Speaks,,,
Tue Feb 10 2026,18:00,USD,Low,FOMC Member Logan Speaks,,,
Tue Feb 10 2026,21:30,USD,Low,API Weekly Statistical Bulletin,,,
Wed Feb 11 2026,All Day,JPY,,Bank Holiday,,,
Wed Feb 11 2026,1:30,AUD,Low,RBA Deputy Gov Hauser Speaks,,,
Wed Feb 11 2026,1:30,CNY,Medium,CPI y/y,0.2%,0.4%,0.8%
Wed Feb 11 2026,1:30,CNY,Medium,PPI y/y,-1.4%,-1.5%,-1.9%
Wed Feb 11 2026,9:00,EUR,Low,Italian Industrial Production m/m,-0.4%,-0.6%,1.5%
Wed Feb 11 2026,10:33,EUR,Low,German 30-y Bond Auction,3.47|1.6,,3.49|2.4
Wed Feb 11 2026,13:30,CAD,Low,Building Permits m/m,6.8%,4.9%,-13.2%
Wed Feb 11 2026,13:30,USD,High,Average Hourly Earnings m/m,0.4%,0.3%,0.1%
Wed Feb 11 2026,13:30,USD,High,Non-Farm Employment Change,130K,66K,48K
Wed Feb 11 2026,13:30,USD,High,Unemployment Rate,4.3%,4.4%,4.4%
Wed Feb 11 2026,15:00,USD,Low,FOMC Member Schmid Speaks,,,
Wed Feb 11 2026,15:15,USD,Low,FOMC Member Bowman Speaks,,,
Wed Feb 11 2026,15:30,USD,Low,Crude Oil Inventories,8.5M,-0.2M,-3.5M
Wed Feb 11 2026,18:01,USD,Low,10-y Bond Auction,4.18|2.4,,4.17|2.6
Wed Feb 11 2026,18:30,CAD,Low,BOC Summary of Deliberations,,,
Wed Feb 11 2026,19:00,USD,Low,Federal Budget Balance,-94.6B,-94.6B,-144.7B
Wed Feb 11 2026,21:00,USD,Low,FOMC Member Hammack Speaks,,,
Wed Feb 11 2026,23:50,JPY,Low,PPI y/y,2.3%,2.3%,2.4%
Thu Feb 12 2026,0:00,AUD,Low,MI Inflation Expectations,5.0%,,4.6%
Thu Feb 12 2026,0:01,GBP,Low,RICS House Price Balance,-10%,-11%,-13%
Thu Feb 12 2026,4:45,AUD,Low,RBA Assist Gov Hunter Speaks,,,
Thu Feb 12 2026,7:00,GBP,High,GDP m/m,0.1%,0.1%,0.2%
Thu Feb 12 2026,7:00,GBP,Medium,Prelim GDP q/q,0.1%,0.2%,0.1%
Thu Feb 12 2026,7:00,GBP,Low,Construction Output m/m,-0.5%,0.5%,-0.8%
Thu Feb 12 2026,7:00,GBP,Low,Goods Trade Balance,-22.7B,-22.3B,-23.6B
Thu Feb 12 2026,7:00,GBP,Low,Index of Services 3m/3m,0.0%,0.2%,0.0%
Thu Feb 12 2026,7:00,GBP,Low,Industrial Production m/m,-0.9%,-0.1%,1.3%
Thu Feb 12 2026,7:00,GBP,Low,Manufacturing Production m/m,-0.5%,-0.2%,1.9%
Thu Feb 12 2026,7:00,GBP,Low,Prelim Business Investment q/q,-2.7%,-0.5%,1.5%
Thu Feb 12 2026,13:30,USD,High,Unemployment Claims,227K,222K,232K
Thu Feb 12 2026,13:45,CAD,Low,Gov Council Member Rogers Speaks,,,
Thu Feb 12 2026,14:30,GBP,Low,CB Leading Index m/m,0.0%,,-0.1%
Thu Feb 12 2026,15:00,USD,Low,Existing Home Sales,3.91M,4.16M,4.27M
Thu Feb 12 2026,15:30,AUD,Low,CB Leading Index m/m,0.3%,,0.3%
Thu Feb 12 2026,15:30,USD,Low,Natural Gas Storage,-249B,-256B,-360B
Thu Feb 12 2026,17:40,USD,Low,Mortgage Delinquencies,4.26%,,3.99%
Thu Feb 12 2026,18:01,USD,Low,30-y Bond Auction,4.75|2.7,,4.83|2.4
Thu Feb 12 2026,20:30,EUR,Low,German Buba President Nagel Speaks,,,
Thu Feb 12 2026,21:30,NZD,Low,BusinessNZ Manufacturing Index,55.2,,56.1
Thu Feb 12 2026,21:45,NZD,Low,Visitor Arrivals m/m,1.7%,,0.8%
Fri Feb 13 2026,0:00,USD,Low,FOMC Member Logan Speaks,,,
Fri Feb 13 2026,0:05,USD,Low,FOMC Member Miran Speaks,,,
Fri Feb 13 2026,1:30,CNY,Low,New Home Prices m/m,-0.37%,,-0.37%
Fri Feb 13 2026,2:00,NZD,Low,Inflation Expectations q/q,2.37%,,2.28%
Fri Feb 13 2026,7:00,EUR,Low,German WPI m/m,0.9%,0.1%,-0.2%
Fri Feb 13 2026,7:30,CHF,High,CPI m/m,-0.1%,0.0%,0.0%
Fri Feb 13 2026,9:03,CNY,Low,M2 Money Supply y/y,9.0%,8.3%,8.5%
Fri Feb 13 2026,9:03,CNY,Low,New Loans,4710B,5000B,910B
Fri Feb 13 2026,10:00,EUR,Low,Flash Employment Change q/q,0.2%,0.1%,0.2%
Fri Feb 13 2026,10:00,EUR,Low,Flash GDP q/q,0.3%,0.3%,0.3%
Fri Feb 13 2026,10:00,EUR,Low,Trade Balance,11.6B,11.8B,10.2B
Fri Feb 13 2026,12:00,GBP,Low,MPC Member Pill Speaks,,,
Fri Feb 13 2026,13:30,USD,High,Core CPI m/m,0.3%,0.3%,0.2%
Fri Feb 13 2026,13:30,USD,High,Core CPI y/y,2.5%,2.5%,2.6%
Fri Feb 13 2026,13:30,USD,High,CPI m/m,0.2%,0.3%,0.3%
Fri Feb 13 2026,13:30,USD,High,CPI y/y,2.4%,2.5%,2.7%
Sat Feb 14 2026,16:30,EUR,Medium,ECB President Lagarde Speaks,,,
Sun Feb 15 2026,9:30,EUR,Medium,ECB President Lagarde Speaks,,,
Sun Feb 15 2026,21:30,NZD,Low,BusinessNZ Services Index,50.9,,51.7
Sun Feb 15 2026,23:50,JPY,Low,Prelim GDP Price Index y/y,3.4%,3.2%,3.4%
Sun Feb 15 2026,23:50,JPY,Low,Prelim GDP q/q,0.1%,0.4%,-0.6%
Mon Feb 16 2026,0:01,GBP,Low,Rightmove HPI m/m,0.0%,,2.8%
Mon Feb 16 2026,All Day,CNY,,Bank Holiday,,,
Mon Feb 16 2026,4:30,JPY,Low,Revised Industrial Production m/m,-0.1%,-0.1%,-0.1%
Mon Feb 16 2026,10:00,EUR,Low,Industrial Production m/m,-1.4%,-1.5%,0.3%
Mon Feb 16 2026,All Day,EUR,Low,Eurogroup Meetings,,,
Mon Feb 16 2026,All Day,CAD,,Bank Holiday,,,
Mon Feb 16 2026,All Day,USD,,Bank Holiday,,,
Mon Feb 16 2026,13:15,CAD,Low,Housing Starts,238K,266K,281K
Mon Feb 16 2026,13:25,USD,Low,FOMC Member Bowman Speaks,,,
Mon Feb 16 2026,13:30,CAD,Low,Manufacturing Sales m/m,0.6%,0.5%,-1.3%
Mon Feb 16 2026,17:40,EUR,Low,German Buba President Nagel Speaks,,,
Mon Feb 16 2026,21:45,NZD,Low,FPI m/m,2.1%,,-0.3%
Tue Feb 17 2026,All Day,CNY,,Bank Holiday,,,
Tue Feb 17 2026,0:30,AUD,Low,Monetary Policy Meeting Minutes,,,
Tue Feb 17 2026,4:30,JPY,Low,Tertiary Industry Activity m/m,-0.5%,-0.3%,-0.4%
Tue Feb 17 2026,7:00,EUR,Low,German Final CPI m/m,0.1%,0.1%,0.1%
Tue Feb 17 2026,7:00,GBP,High,Claimant Count Change,28.6K,22.8K,2.7K
Tue Feb 17 2026,7:00,GBP,Medium,Average Earnings Index 3m/y,4.2%,4.6%,4.6%
Tue Feb 17 2026,7:00,GBP,Low,Unemployment Rate,5.2%,5.2%,5.1%
Tue Feb 17 2026,9:00,EUR,Low,Italian Trade Balance,6.04B,4.75B,5.06B
Tue Feb 17 2026,10:00,EUR,Low,ZEW Economic Sentiment,39.4,45.7,40.8
Tue Feb 17 2026,10:00,EUR,Low,German ZEW Economic Sentiment,58.3,65.8,59.6
Tue Feb 17 2026,All Day,EUR,Low,ECOFIN Meetings,,,
Tue Feb 17 2026,13:15,USD,Low,ADP Weekly Employment Change,10.3K,,7.8K
Tue Feb 17 2026,13:30,CAD,High,CPI m/m,0.0%,0.1%,-0.2%
Tue Feb 17 2026,13:30,CAD,High,Median CPI y/y,2.5%,2.5%,2.6%
Tue Feb 17 2026,13:30,CAD,High,Trimmed CPI y/y,2.4%,2.6%,2.7%
Tue Feb 17 2026,13:30,CAD,Medium,Common CPI y/y,2.7%,2.7%,2.8%
Tue Feb 17 2026,13:30,CAD,Low,Foreign Securities Purchases,-5.57B,14.27B,15.96B
Tue Feb 17 2026,13:30,CAD,Low,Wholesale Sales m/m,2.0%,2.0%,-1.8%
Tue Feb 17 2026,13:30,USD,Medium,Empire State Manufacturing Index,7.1,6.4,7.7
Tue Feb 17 2026,13:32,CAD,Low,Core CPI m/m,0.2%,,-0.4%
Tue Feb 17 2026,14:45,USD,Low,Cleveland Fed Inflation Expectations,3.1%,,3.3%
Tue Feb 17 2026,15:00,USD,Low,NAHB Housing Market Index,36,38,37
Tue Feb 17 2026,16:16,NZD,Low,GDT Price Index,3.6%,,6.7%
Tue Feb 17 2026,17:45,USD,Low,FOMC Member Barr Speaks,,,
Tue Feb 17 2026,19:30,USD,Low,FOMC Member Daly Speaks,,,
Tue Feb 17 2026,21:45,NZD,Low,PPI Input q/q,-0.5%,0.4%,0.2%
Tue Feb 17 2026,21:45,NZD,Low,PPI Output q/q,0.1%,0.6%,0.6%
Tue Feb 17 2026,23:30,AUD,Low,MI Leading Index m/m,-0.1%,,0.1%
Tue Feb 17 2026,23:50,JPY,Low,Trade Balance,0.46T,-0.18T,-0.06T
Wed Feb 18 2026,All Day,CNY,,Bank Holiday,,,
Wed Feb 18 2026,0:30,AUD,Medium,Wage Price Index q/q,0.8%,0.8%,0.8%
Wed Feb 18 2026,1:00,NZD,High,Official Cash Rate,2.25%,2.25%,2.25%
Wed Feb 18 2026,1:00,NZD,High,RBNZ Monetary Policy Statement,,,
Wed Feb 18 2026,1:00,NZD,High,RBNZ Rate Statement,,,
Wed Feb 18 2026,2:00,NZD,High,RBNZ Press Conference,,,
Wed Feb 18 2026,7:00,GBP,High,CPI y/y,3.0%,3.0%,3.4%
Wed Feb 18 2026,7:00,GBP,Low,Core CPI y/y,3.1%,3.0%,3.2%
Wed Feb 18 2026,7:00,GBP,Low,PPI Input m/m,0.4%,0.4%,-0.5%
Wed Feb 18 2026,7:00,GBP,Low,PPI Output m/m,0.0%,0.2%,-0.1%
Wed Feb 18 2026,7:00,GBP,Low,RPI y/y,3.8%,3.8%,4.2%
Wed Feb 18 2026,7:45,EUR,Low,French Final CPI m/m,-0.3%,-0.3%,-0.3%
Wed Feb 18 2026,9:30,GBP,Low,HPI y/y,2.4%,1.8%,2.8%
Wed Feb 18 2026,10:32,EUR,Low,German 10-y Bond Auction,2.73|1.5,,2.85|1.7
Wed Feb 18 2026,Nov Data,USD,Low,Housing Starts,1.32M,,1.27M
Wed Feb 18 2026,Nov Data,USD,Low,Building Permits,1.39M,,1.41M
Wed Feb 18 2026,13:30,USD,Medium,Core Durable Goods Orders m/m,0.9%,0.3%,0.4%
Wed Feb 18 2026,13:30,USD,Medium,Durable Goods Orders m/m,-1.4%,-1.8%,5.4%
Wed Feb 18 2026,13:30,USD,Low,Building Permits,1.45M,1.40M,1.39M
Wed Feb 18 2026,13:30,USD,Low,Housing Starts,1.40M,1.31M,1.32M
Wed Feb 18 2026,14:15,USD,Low,Capacity Utilization Rate,76.2%,76.6%,75.7%
Wed Feb 18 2026,14:15,USD,Low,Industrial Production m/m,0.7%,0.4%,0.2%
Wed Feb 18 2026,18:00,USD,Low,FOMC Member Bowman Speaks,,,
Wed Feb 18 2026,19:00,USD,High,FOMC Meeting Minutes,,,
Wed Feb 18 2026,19:10,NZD,High,RBNZ Gov Breman Speaks,,,
Wed Feb 18 2026,21:00,USD,Low,TIC Long-Term Purchases,28.0B,128.6B,206.6B
Wed Feb 18 2026,21:30,USD,Low,API Weekly Statistical Bulletin,,,
Wed Feb 18 2026,23:50,JPY,Low,Core Machinery Orders m/m,19.1%,5.1%,-11.0%
Thu Feb 19 2026,All Day,CNY,,Bank Holiday,,,
Thu Feb 19 2026,0:30,AUD,High,Employment Change,17.8K,20.0K,68.5K
Thu Feb 19 2026,0:30,AUD,High,Unemployment Rate,4.1%,4.2%,4.1%
Thu Feb 19 2026,9:00,EUR,Low,Current Account,14.6B,9.8B,8.9B
Thu Feb 19 2026,9:00,EUR,Low,ECB Economic Bulletin,,,
Thu Feb 19 2026,9:43,EUR,Low,Spanish 10-y Bond Auction,3.17|2.5,,3.22|2.4
Thu Feb 19 2026,11:00,EUR,Low,German Buba Monthly Report,,,
Thu Feb 19 2026,11:00,GBP,Low,CBI Industrial Order Expectations,-28,-28,-30
Thu Feb 19 2026,13:20,USD,Low,FOMC Member Bostic Speaks,,,
Thu Feb 19 2026,13:30,CAD,Low,NHPI m/m,-0.4%,0.1%,-0.2%
Thu Feb 19 2026,13:30,CAD,Low,Trade Balance,-1.3B,-2.1B,-2.6B
Thu Feb 19 2026,13:30,USD,High,Unemployment Claims,206K,223K,229K
Thu Feb 19 2026,13:30,USD,Medium,Philly Fed Manufacturing Index,16.3,7.5,12.6
Thu Feb 19 2026,13:30,USD,Low,FOMC Member Bowman Speaks,,,
Thu Feb 19 2026,13:30,USD,Low,Goods Trade Balance,-98.5B,-86.0B,-82.8B
Thu Feb 19 2026,13:30,USD,Low,Prelim Wholesale Inventories m/m,0.2%,0.2%,0.2%
Thu Feb 19 2026,13:30,USD,Low,Trade Balance,-70.3B,-55.5B,-53.0B
Thu Feb 19 2026,14:00,USD,Low,FOMC Member Kashkari Speaks,,,
Thu Feb 19 2026,15:00,USD,Medium,Pending Home Sales m/m,-0.8%,1.4%,-7.4%
Thu Feb 19 2026,15:00,USD,Low,CB Leading Index m/m,-0.2%,-0.2%,-0.3%
Thu Feb 19 2026,15:10,EUR,Low,Consumer Confidence,-12,-12,-12
Thu Feb 19 2026,15:30,USD,Low,FOMC Member Goolsbee Speaks,,,
Thu Feb 19 2026,15:30,USD,Low,Natural Gas Storage,-144B,-148B,-249B
Thu Feb 19 2026,17:00,USD,Low,Crude Oil Inventories,-9.0M,1.7M,8.5M
Thu Feb 19 2026,21:00,USD,Medium,President Trump Speaks,,,
Thu Feb 19 2026,21:45,NZD,Low,Trade Balance,-519M,-745M,-88M
Thu Feb 19 2026,22:00,AUD,Low,Flash Manufacturing PMI,51.5,,52.3
Thu Feb 19 2026,22:00,AUD,Low,Flash Services PMI,52.2,,56.3
Thu Feb 19 2026,23:00,NZD,High,RBNZ Gov Breman Speaks,,,
Thu Feb 19 2026,23:30,JPY,Low,National Core CPI y/y,2.0%,2.0%,2.4%
Fri Feb 20 2026,0:00,EUR,Low,ECB President Lagarde Speaks,,,
Fri Feb 20 2026,All Day,CNY,,Bank Holiday,,,
Fri Feb 20 2026,0:30,JPY,Low,Flash Manufacturing PMI,52.8,51.3,51.5
Fri Feb 20 2026,7:00,EUR,Low,German PPI m/m,-0.6%,0.3%,-0.2%
Fri Feb 20 2026,7:00,GBP,High,Retail Sales m/m,1.8%,0.2%,0.4%
Fri Feb 20 2026,7:00,GBP,Low,Public Sector Net Borrowing,-30.4B,-24.0B,13.4B
Fri Feb 20 2026,8:15,EUR,Medium,French Flash Manufacturing PMI,49.9,50.9,51.2
Fri Feb 20 2026,8:15,EUR,Medium,French Flash Services PMI,49.6,49.1,48.4
Fri Feb 20 2026,8:30,EUR,High,German Flash Manufacturing PMI,50.7,49.6,49.1
Fri Feb 20 2026,8:30,EUR,High,German Flash Services PMI,53.4,52.4,52.4
Fri Feb 20 2026,9:00,EUR,Low,Flash Manufacturing PMI,50.8,49.9,49.5
Fri Feb 20 2026,9:00,EUR,Low,Flash Services PMI,51.8,51.9,51.6
Fri Feb 20 2026,9:30,GBP,High,Flash Manufacturing PMI,52.0,51.5,51.8
Fri Feb 20 2026,9:30,GBP,High,Flash Services PMI,53.9,53.5,54.0
Fri Feb 20 2026,13:30,CAD,Medium,Core Retail Sales m/m,0.1%,-0.1%,1.6%
Fri Feb 20 2026,13:30,CAD,Medium,Retail Sales m/m,-0.4%,-0.5%,1.2%
Fri Feb 20 2026,13:30,CAD,Low,IPPI m/m,2.7%,0.2%,-0.9%
Fri Feb 20 2026,13:30,CAD,Low,RMPI m/m,7.7%,0.7%,0.3%
Fri Feb 20 2026,13:30,USD,High,Advance GDP q/q,1.4%,2.8%,4.4%
Fri Feb 20 2026,13:30,USD,High,Core PCE Price Index m/m,0.4%,0.3%,0.2%
Fri Feb 20 2026,13:30,USD,Medium,Advance GDP Price Index q/q,3.6%,2.8%,3.8%
Fri Feb 20 2026,13:30,USD,Low,Personal Income m/m,0.3%,0.3%,0.4%
Fri Feb 20 2026,13:30,USD,Low,Personal Spending m/m,0.4%,0.4%,0.4%
Fri Feb 20 2026,14:45,USD,High,Flash Manufacturing PMI,51.2,52.4,52.4
Fri Feb 20 2026,14:45,USD,High,Flash Services PMI,52.3,53.0,52.7
Fri Feb 20 2026,14:45,USD,Low,FOMC Member Bostic Speaks,,,
Fri Feb 20 2026,Nov Data,USD,Medium,New Home Sales,758K,,737K
Fri Feb 20 2026,15:00,USD,Medium,New Home Sales,745K,732K,758K
Fri Feb 20 2026,15:00,USD,Low,Revised UoM Consumer Sentiment,56.6,56.9,57.3
Fri Feb 20 2026,15:00,USD,Low,Revised UoM Inflation Expectations,3.4%,,3.5%
Fri Feb 20 2026,17:45,USD,High,President Trump Speaks,,,
Fri Feb 20 2026,17:45,USD,Low,FOMC Member Logan Speaks,,,
Fri Feb 20 2026,20:30,USD,Low,FOMC Member Musalem Speaks,,,
Sun Feb 22 2026,21:45,NZD,Medium,Retail Sales q/q,0.9%,0.6%,1.9%
Sun Feb 22 2026,21:45,NZD,Low,Core Retail Sales q/q,1.5%,0.4%,1.2%
Mon Feb 23 2026,All Day,JPY,,Bank Holiday,,,
Mon Feb 23 2026,All Day,CNY,,Bank Holiday,,,
Mon Feb 23 2026,2:00,NZD,Low,Credit Card Spending y/y,1.0%,,-0.2%
Mon Feb 23 2026,7:30,CHF,Low,PPI m/m,-0.2%,0.1%,-0.2%
Mon Feb 23 2026,9:00,EUR,Low,German ifo Business Climate,88.6,88.4,87.6
Mon Feb 23 2026,11:00,GBP,Low,MPC Member Taylor Speaks,,,
Mon Feb 23 2026,13:00,USD,Medium,FOMC Member Waller Speaks,,,
Mon Feb 23 2026,13:26,EUR,Low,Belgian NBB Business Climate,-13.7,-7.5,-8.8
Mon Feb 23 2026,15:00,USD,Low,Factory Orders m/m,-0.7%,-0.4%,2.7%
Mon Feb 23 2026,17:30,EUR,Medium,ECB President Lagarde Speaks,,,
Tue Feb 24 2026,1:00,CNY,Low,1-y Loan Prime Rate,3.00%,3.00%,3.00%
Tue Feb 24 2026,1:00,CNY,Low,5-y Loan Prime Rate,3.50%,3.50%,3.50%
Tue Feb 24 2026,11:00,GBP,Low,CBI Realized Sales,-43,-27,-17
Tue Feb 24 2026,13:00,USD,Low,FOMC Member Goolsbee Speaks,,,
Tue Feb 24 2026,13:15,USD,Low,ADP Weekly Employment Change,12.8K,,11.5K
Tue Feb 24 2026,14:00,USD,Low,FOMC Member Bostic Speaks,,,
Tue Feb 24 2026,14:00,USD,Low,FOMC Member Collins Speaks,,,
Tue Feb 24 2026,14:00,USD,Low,HPI m/m,0.1%,0.3%,0.7%
Tue Feb 24 2026,14:00,USD,Low,S&P/CS Composite-20 HPI y/y,1.4%,1.3%,1.4%
Tue Feb 24 2026,14:15,GBP,Medium,Monetary Policy Report Hearings,,,
Tue Feb 24 2026,14:15,USD,Low,FOMC Member Waller Speaks,,,
Tue Feb 24 2026,14:30,USD,Low,FOMC Member Cook Speaks,,,
Tue Feb 24 2026,15:00,USD,Medium,CB Consumer Confidence,91.2,87.4,89.0
Tue Feb 24 2026,15:00,USD,Medium,Richmond Manufacturing Index,-10,-8,-6
Tue Feb 24 2026,15:00,USD,Low,Final Wholesale Inventories m/m,0.2%,0.2%,0.2%
Tue Feb 24 2026,17:30,CHF,Medium,SNB Chairman Schlegel Speaks,,,
Tue Feb 24 2026,20:20,USD,Low,FOMC Member Barkin Speaks,,,
Tue Feb 24 2026,20:20,USD,Low,FOMC Member Collins Speaks,,,
Tue Feb 24 2026,21:30,USD,Low,API Weekly Statistical Bulletin,,,
Tue Feb 24 2026,23:50,JPY,Low,SPPI y/y,2.6%,2.6%,2.6%
Wed Feb 25 2026,0:30,AUD,High,CPI m/m,0.4%,0.2%,1.0%
Wed Feb 25 2026,0:30,AUD,High,CPI y/y,3.8%,3.7%,3.8%
Wed Feb 25 2026,0:30,AUD,High,Trimmed Mean CPI m/m,0.3%,0.4%,0.2%
Wed Feb 25 2026,0:30,AUD,Low,Construction Work Done q/q,-0.1%,1.2%,0.1%
Wed Feb 25 2026,2:00,USD,High,President Trump Speaks,,,
Wed Feb 25 2026,5:00,JPY,Low,BOJ Core CPI y/y,1.7%,1.8%,1.9%
Wed Feb 25 2026,7:00,EUR,Low,German Final GDP q/q,0.3%,0.3%,0.3%
Wed Feb 25 2026,7:00,EUR,Low,German GfK Consumer Climate,-24.7,-23.0,-24.2
Wed Feb 25 2026,8:40,AUD,Medium,RBA Gov Bullock Speaks,,,
Wed Feb 25 2026,9:00,CHF,Low,UBS Economic Expectations,9.8,,-4.7
Wed Feb 25 2026,10:00,EUR,Low,Final Core CPI y/y,2.2%,2.2%,2.2%
Wed Feb 25 2026,10:00,EUR,Low,Final CPI y/y,1.7%,1.7%,1.7%
Wed Feb 25 2026,13:30,CAD,Low,Corporate Profits q/q,-1.6%,,7.6%
Wed Feb 25 2026,14:00,CNY,Low,CB Leading Index m/m,-0.3%,,0.0%
Wed Feb 25 2026,14:30,USD,Low,FOMC Member Barkin Speaks,,,
Wed Feb 25 2026,15:30,USD,Low,Crude Oil Inventories,16.0M,1.8M,-9.0M
Wed Feb 25 2026,16:00,USD,Low,FOMC Member Schmid Speaks,,,
Wed Feb 25 2026,18:20,USD,Low,FOMC Member Musalem Speaks,,,
Thu Feb 26 2026,0:00,NZD,Low,ANZ Business Confidence,59.2,,64.1
Thu Feb 26 2026,0:30,AUD,Low,Private Capital Expenditure q/q,0.4%,-0.1%,6.4%
Thu Feb 26 2026,0:30,AUD,Low,RBA Bulletin,,,
Thu Feb 26 2026,8:30,EUR,Medium,ECB President Lagarde Speaks,,,
Thu Feb 26 2026,9:00,EUR,Low,M3 Money Supply y/y,3.3%,2.9%,2.8%
Thu Feb 26 2026,9:00,EUR,Low,Private Loans y/y,3.0%,3.1%,3.0%
Thu Feb 26 2026,9:00,GBP,Low,MPC Member Lombardelli Speaks,,,
Thu Feb 26 2026,10:06,EUR,Low,Italian 10-y Bond Auction,3.31|1.5,,3.44|1.6
Thu Feb 26 2026,13:30,CAD,Low,Current Account,-0.7B,-8.2B,-5.3B
Thu Feb 26 2026,13:30,USD,High,Unemployment Claims,212K,217K,208K
Thu Feb 26 2026,15:00,USD,Low,FOMC Member Bowman Speaks,,,
Thu Feb 26 2026,15:30,USD,Low,Natural Gas Storage,-52B,-36B,-144B
Thu Feb 26 2026,23:30,JPY,Medium,Tokyo Core CPI y/y,1.8%,1.7%,2.0%
Thu Feb 26 2026,23:50,JPY,Low,Prelim Industrial Production m/m,2.2%,5.5%,-0.1%
Thu Feb 26 2026,23:50,JPY,Low,Retail Sales y/y,1.8%,0.1%,-0.9%
Fri Feb 27 2026,0:01,GBP,Low,GfK Consumer Confidence,-19,-15,-16
Fri Feb 27 2026,0:30,AUD,Low,Private Sector Credit m/m,0.5%,0.7%,0.8%
Fri Feb 27 2026,5:00,JPY,Low,Housing Starts y/y,-0.4%,-1.9%,-1.3%
Fri Feb 27 2026,7:00,EUR,Low,German Import Prices m/m,1.1%,0.6%,-0.1%
Fri Feb 27 2026,All Day,EUR,Medium,German Prelim CPI m/m,0.2%,0.5%,0.1%
Fri Feb 27 2026,7:45,EUR,Low,French Consumer Spending m/m,0.5%,0.4%,-0.5%
Fri Feb 27 2026,7:45,EUR,Low,French Prelim CPI m/m,0.7%,0.5%,-0.3%
Fri Feb 27 2026,7:45,EUR,Low,French Prelim GDP q/q,0.2%,0.2%,0.2%
Fri Feb 27 2026,7:48,EUR,Low,French Final Private Payrolls q/q,-0.1%,-0.1%,-0.1%
Fri Feb 27 2026,8:00,CHF,Low,GDP q/q,0.1%,0.2%,-0.4%
Fri Feb 27 2026,8:00,CHF,Low,KOF Economic Barometer,104.2,103.0,103.3
Fri Feb 27 2026,8:00,EUR,Low,Spanish Flash CPI y/y,2.3%,2.2%,2.3%
Fri Feb 27 2026,8:55,EUR,Low,German Unemployment Change,1K,2K,1K
Fri Feb 27 2026,13:00,GBP,Low,MPC Member Pill Speaks,,,
Fri Feb 27 2026,13:30,CAD,High,GDP m/m,0.2%,0.1%,0.0%
Fri Feb 27 2026,13:30,USD,High,Core PPI m/m,0.8%,0.3%,0.6%
Fri Feb 27 2026,13:30,USD,High,PPI m/m,0.5%,0.3%,0.4%
Fri Feb 27 2026,14:45,USD,Low,Chicago PMI,57.7,52.0,54.0
Fri Feb 27 2026,Nov Data,USD,Low,Construction Spending m/m,-0.2%,,-0.1%
Fri Feb 27 2026,15:00,USD,Low,Construction Spending m/m,0.3%,0.2%,-0.2%
Sat Feb 28 2026,10:47,CNY,Low,Foreign Direct Investment ytd/y,-5.7%,,-9.5%
Sun Mar 1 2026,15:00,EUR,Low,German Buba President Nagel Speaks,,,
Mon Mar 2 2026,0:00,AUD,Low,MI Inflation Gauge m/m,-0.2%,,0.2%
Mon Mar 2 2026,0:30,AUD,Low,ANZ Job Advertisements m/m,3.2%,,5.2%
Mon Mar 2 2026,0:30,AUD,Low,Company Operating Profits q/q,5.8%,1.8%,1.5%
Mon Mar 2 2026,0:30,JPY,Low,Final Manufacturing PMI,53.0,52.8,52.8
Mon Mar 2 2026,5:30,AUD,Low,Commodity Prices y/y,3.4%,,2.8%
Mon Mar 2 2026,7:00,EUR,Low,German Retail Sales m/m,-0.9%,0.0%,1.2%
Mon Mar 2 2026,7:00,GBP,Low,Nationwide HPI m/m,0.3%,0.2%,0.3%
Mon Mar 2 2026,7:30,CHF,Low,Retail Sales y/y,-1.1%,2.7%,2.8%
Mon Mar 2 2026,8:15,EUR,Low,Spanish Manufacturing PMI,50.0,49.9,49.2
Mon Mar 2 2026,8:30,CHF,Low,Manufacturing PMI,47.4,49.8,48.8
Mon Mar 2 2026,8:45,EUR,Low,Italian Manufacturing PMI,50.6,49.1,48.1
Mon Mar 2 2026,8:50,EUR,Low,French Final Manufacturing PMI,50.1,49.9,49.9
Mon Mar 2 2026,8:55,EUR,Low,German Final Manufacturing PMI,50.9,50.7,50.7
Mon Mar 2 2026,9:00,EUR,Low,Final Manufacturing PMI,50.8,50.8,50.8
Mon Mar 2 2026,9:30,GBP,Low,Final Manufacturing PMI,51.7,52.0,52.0
Mon Mar 2 2026,9:30,GBP,Low,M4 Money Supply m/m,-0.1%,0.2%,0.4%
Mon Mar 2 2026,9:30,GBP,Low,Mortgage Approvals,60K,62K,61K
Mon Mar 2 2026,9:30,GBP,Low,Net Lending to Individuals m/m,5.9B,6.2B,6.1B
Mon Mar 2 2026,12:30,AUD,Low,RBA Assist Gov Hunter Speaks,,,
Mon Mar 2 2026,12:30,GBP,Low,MPC Member Taylor Speaks,,,
Mon Mar 2 2026,14:00,CAD,Low,Gov Council Member Kozicki Speaks,,,
Mon Mar 2 2026,14:00,EUR,Medium,ECB President Lagarde Speaks,,,
Mon Mar 2 2026,14:10,EUR,Low,German Buba President Nagel Speaks,,,
Mon Mar 2 2026,14:30,CAD,Medium,Manufacturing PMI,51.0,,50.4
Mon Mar 2 2026,14:45,USD,Low,Final Manufacturing PMI,51.6,51.2,51.2
Mon Mar 2 2026,15:00,USD,High,ISM Manufacturing PMI,52.4,51.7,52.6
Mon Mar 2 2026,15:00,USD,Medium,ISM Manufacturing Prices,70.5,60.6,59.0
Mon Mar 2 2026,15:30,GBP,Low,MPC Member Ramsden Speaks,,,
Mon Mar 2 2026,16:00,USD,Medium,President Trump Speaks,,,
Mon Mar 2 2026,21:10,AUD,High,RBA Gov Bullock Speaks,,,
Mon Mar 2 2026,21:45,NZD,Low,Building Consents m/m,1.9%,,-4.5%
Mon Mar 2 2026,23:30,JPY,Low,Unemployment Rate,2.7%,2.6%,2.6%
Mon Mar 2 2026,23:50,JPY,Low,Capital Spending q/y,6.5%,3.0%,2.9%
Mon Mar 2 2026,23:50,JPY,Low,Monetary Base y/y,-10.6%,-9.8%,-9.5%
Tue Mar 3 2026,0:01,GBP,Low,BRC Shop Price Index y/y,1.1%,1.4%,1.5%
Tue Mar 3 2026,0:30,AUD,Low,Building Approvals m/m,-7.2%,5.4%,-14.9%
Tue Mar 3 2026,0:30,AUD,Low,Current Account,-21.1B,-16.8B,-18.3B
Tue Mar 3 2026,3:35,JPY,Low,10-y Bond Auction,2.12|3.3,,2.25|3.0
Tue Mar 3 2026,4:00,JPY,High,BOJ Gov Ueda Speaks,,,
Tue Mar 3 2026,7:45,EUR,Low,French Gov Budget Balance,-9.7B,,-124.7B
Tue Mar 3 2026,8:00,EUR,Low,Spanish Unemployment Change,3.6K,26.7K,30.4K
Tue Mar 3 2026,10:00,EUR,Medium,Core CPI Flash Estimate y/y,2.4%,2.2%,2.2%
Tue Mar 3 2026,10:00,EUR,Medium,CPI Flash Estimate y/y,1.9%,1.7%,1.7%
Tue Mar 3 2026,10:00,EUR,Low,Italian Prelim CPI m/m,0.8%,0.3%,0.4%
Tue Mar 3 2026,12:30,GBP,High,Annual Budget Release,,,
Tue Mar 3 2026,13:30,USD,Low,FOMC Member Bowman Speaks,,,
Tue Mar 3 2026,14:55,USD,Low,FOMC Member Williams Speaks,,,
Tue Mar 3 2026,15:01,USD,Low,RCM/TIPP Economic Optimism,47.5,50.1,48.8
Tue Mar 3 2026,15:10,USD,Low,FOMC Member Schmid Speaks,,,
Tue Mar 3 2026,All Day,USD,Low,Omdia Total Vehicle Sales,15.8M,15.4M,14.9M
Tue Mar 3 2026,15:26,NZD,Low,GDT Price Index,5.7%,,3.6%
Tue Mar 3 2026,16:45,USD,Low,FOMC Member Kashkari Speaks,,,
Tue Mar 3 2026,21:30,USD,Low,API Weekly Statistical Bulletin,,,
Tue Mar 3 2026,21:45,NZD,Low,Overseas Trade Index q/q,3.7%,-0.1%,-2.1%
Wed Mar 4 2026,0:00,NZD,Low,ANZ Commodity Prices m/m,4.2%,,2.0%
Wed Mar 4 2026,0:30,AUD,High,GDP q/q,0.8%,0.7%,0.5%
Wed Mar 4 2026,1:30,CNY,Low,Manufacturing PMI,49.0,49.2,49.3
Wed Mar 4 2026,1:30,CNY,Low,Non-Manufacturing PMI,49.5,49.7,49.4
Wed Mar 4 2026,1:45,CNY,Low,RatingDog Manufacturing PMI,52.1,50.1,50.3
Wed Mar 4 2026,1:45,CNY,Low,RatingDog Services PMI,56.7,52.3,52.3
Wed Mar 4 2026,5:00,JPY,Low,Consumer Confidence,40.0,38.2,37.9
Wed Mar 4 2026,7:30,CHF,Medium,CPI m/m,0.6%,0.5%,-0.1%
Wed Mar 4 2026,8:15,EUR,Low,Spanish Services PMI,51.9,52.9,53.5
Wed Mar 4 2026,8:45,EUR,Low,Italian Services PMI,52.3,52.6,52.9
Wed Mar 4 2026,8:50,EUR,Low,French Final Services PMI,49.6,49.6,49.6
Wed Mar 4 2026,8:55,EUR,Low,German Final Services PMI,53.5,53.4,53.4
Wed Mar 4 2026,9:00,CHF,Low,Gov Board Member Martin Speaks,,,
Wed Mar 4 2026,9:00,EUR,Low,Final Services PMI,51.9,51.8,51.8
Wed Mar 4 2026,9:00,EUR,Low,Italian Monthly Unemployment Rate,5.1%,5.6%,5.5%
Wed Mar 4 2026,9:30,GBP,Low,Final Services PMI,53.9,53.9,53.9
Wed Mar 4 2026,10:00,EUR,Low,PPI m/m,0.7%,0.2%,-0.3%
Wed Mar 4 2026,10:00,EUR,Low,Unemployment Rate,6.1%,6.2%,6.3%
Wed Mar 4 2026,13:15,USD,High,ADP Non-Farm Employment Change,63K,50K,11K
Wed Mar 4 2026,13:30,CAD,Low,Labor Productivity q/q,-0.1%,-0.1%,1.1%
Wed Mar 4 2026,14:45,USD,Low,Final Services PMI,51.7,52.4,52.3
Wed Mar 4 2026,15:00,USD,High,ISM Services PMI,56.1,53.5,53.8
Wed Mar 4 2026,15:30,CAD,Medium,BOC Gov Macklem Speaks,,,
Wed Mar 4 2026,15:30,USD,Low,Crude Oil Inventories,3.5M,3.0M,16.0M
Wed Mar 4 2026,19:00,USD,Low,Beige Book,,,
Thu Mar 5 2026,0:30,AUD,Low,Goods Trade Balance,2.63B,3.78B,3.37B
Thu Mar 5 2026,0:30,AUD,Low,Household Spending m/m,0.3%,0.4%,-0.5%
Thu Mar 5 2026,3:35,JPY,Low,30-y Bond Auction,3.40|3.7,,3.62|3.6
Thu Mar 5 2026,7:45,EUR,Low,French Industrial Production m/m,0.5%,0.4%,-0.5%
Thu Mar 5 2026,8:00,CHF,Low,Unemployment Rate,3.0%,2.9%,2.9%
Thu Mar 5 2026,9:00,EUR,Low,Italian Retail Sales m/m,0.6%,-0.1%,-0.7%
Thu Mar 5 2026,9:30,GBP,Low,Construction PMI,44.5,47.0,46.4
Thu Mar 5 2026,9:59,EUR,Low,French 10-y Bond Auction,3.39|2.2,,3.45|2.4
Thu Mar 5 2026,10:00,EUR,Low,German Buba President Nagel Speaks,,,
Thu Mar 5 2026,10:00,EUR,Low,Retail Sales m/m,-0.1%,0.3%,0.1%
Thu Mar 5 2026,12:30,EUR,Low,ECB Monetary Policy Meeting Accounts,,,
Thu Mar 5 2026,12:30,USD,Low,Challenger Job Cuts y/y,-71.9%,,117.8%
Thu Mar 5 2026,13:30,USD,High,Unemployment Claims,213K,215K,213K
Thu Mar 5 2026,13:30,USD,Low,Import Prices m/m,0.2%,0.3%,0.2%
Thu Mar 5 2026,13:30,USD,Low,Prelim Nonfarm Productivity q/q,2.8%,1.9%,5.2%
Thu Mar 5 2026,13:30,USD,Low,Prelim Unit Labor Costs q/q,2.8%,2.0%,-1.8%
Thu Mar 5 2026,15:30,USD,Low,Natural Gas Storage,-132B,-122B,-52B
Thu Mar 5 2026,17:00,EUR,Medium,ECB President Lagarde Speaks,,,
Thu Mar 5 2026,18:00,USD,Low,FOMC Member Bowman Speaks,,,
Fri Mar 6 2026,0:00,USD,Low,FOMC Member Goolsbee Speaks,,,
Fri Mar 6 2026,7:00,GBP,Low,Lloyds HPI m/m,0.3%,0.3%,0.8%
Fri Mar 6 2026,8:00,CHF,Low,Foreign Currency Reserves,710B,,712B
Fri Mar 6 2026,10:00,EUR,Low,Final Employment Change q/q,0.2%,0.2%,0.2%
Fri Mar 6 2026,10:00,EUR,Low,Revised GDP q/q,0.2%,0.3%,0.3%
Fri Mar 6 2026,12:30,USD,Medium,FOMC Member Waller Speaks,,,
Fri Mar 6 2026,13:30,USD,High,Average Hourly Earnings m/m,0.4%,0.3%,0.4%
Fri Mar 6 2026,13:30,USD,High,Core Retail Sales m/m,0.0%,0.1%,0.0%
Fri Mar 6 2026,13:30,USD,High,Non-Farm Employment Change,-92K,58K,126K
Fri Mar 6 2026,13:30,USD,High,Retail Sales m/m,-0.2%,-0.3%,0.0%
Fri Mar 6 2026,13:30,USD,High,Unemployment Rate,4.4%,4.3%,4.3%
Fri Mar 6 2026,13:30,USD,Low,FOMC Member Daly Speaks,,,
Fri Mar 6 2026,14:50,USD,Low,FOMC Member Goolsbee Speaks,,,
Fri Mar 6 2026,15:00,CAD,Medium,Ivey PMI,56.6,51.1,50.9
Fri Mar 6 2026,15:00,USD,Low,Business Inventories m/m,0.1%,0.1%,0.0%
Fri Mar 6 2026,15:15,USD,Low,FOMC Member Daly Speaks,,,
Fri Mar 6 2026,15:15,USD,Low,FOMC Member Paulson Speaks,,,
Fri Mar 6 2026,16:30,USD,Low,FOMC Member Miran Speaks,,,
Fri Mar 6 2026,16:30,USD,Low,FOMC Member Schmid Speaks,,,
Fri Mar 6 2026,18:20,USD,Low,FOMC Member Collins Speaks,,,
Fri Mar 6 2026,18:30,AUD,Low,RBA Deputy Gov Hauser Speaks,,,
Fri Mar 6 2026,18:30,USD,Low,FOMC Member Hammack Speaks,,,
Fri Mar 6 2026,20:00,USD,Low,Consumer Credit m/m,8.0B,12.4B,25.2B
Fri Mar 6 2026,20:10,USD,Low,FOMC Member Hammack Speaks,,,
Sun Mar 8 2026,7:00,CAD,,Daylight Saving Time Shift,,,
Sun Mar 8 2026,7:00,USD,,Daylight Saving Time Shift,,,
Sun Mar 8 2026,23:30,JPY,Low,Average Cash Earnings y/y,3.0%,2.5%,2.4%
Sun Mar 8 2026,23:50,JPY,Low,Bank Lending y/y,4.5%,4.4%,4.4%
Sun Mar 8 2026,23:50,JPY,Low,Current Account,3.15T,3.19T,2.70T
Mon Mar 9 2026,1:30,CNY,Medium,CPI y/y,1.3%,0.9%,0.2%
Mon Mar 9 2026,1:30,CNY,Medium,PPI y/y,-0.9%,-1.1%,-1.4%
Mon Mar 9 2026,5:00,JPY,Low,Leading Indicators,112.4%,113.0%,111.0%
Mon Mar 9 2026,6:00,JPY,Low,Economy Watchers Sentiment,48.9,48.1,47.6
Mon Mar 9 2026,7:00,EUR,Low,German Factory Orders m/m,-11.1%,-4.2%,6.4%
Mon Mar 9 2026,7:00,EUR,Low,German Industrial Production m/m,-0.5%,1.0%,-1.0%
Mon Mar 9 2026,8:00,CHF,Low,SECO Consumer Climate,-30,-29,-30
Mon Mar 9 2026,9:30,EUR,Low,Sentix Investor Confidence,-3.1,-3.1,4.2
Mon Mar 9 2026,All Day,EUR,Low,Eurogroup Meetings,,,
Mon Mar 9 2026,21:30,USD,Medium,President Trump Speaks,,,
Mon Mar 9 2026,23:30,AUD,Low,Westpac Consumer Sentiment,1.2%,,-2.6%
Mon Mar 9 2026,23:30,JPY,Low,Household Spending y/y,-1.0%,2.4%,-2.6%
Mon Mar 9 2026,23:50,JPY,Low,Final GDP Price Index y/y,3.4%,3.4%,3.4%
Mon Mar 9 2026,23:50,JPY,Low,Final GDP q/q,0.3%,0.3%,0.1%
Mon Mar 9 2026,23:50,JPY,Low,M2 Money Stock y/y,1.7%,1.5%,1.6%
Tue Mar 10 2026,0:01,GBP,Low,BRC Retail Sales Monitor y/y,0.7%,2.0%,2.3%
Tue Mar 10 2026,0:30,AUD,Low,NAB Business Confidence,-1,,4
Tue Mar 10 2026,3:01,CNY,Low,USD-Denominated Trade Balance,213.6B,177.4B,114.1B
Tue Mar 10 2026,3:02,CNY,Low,Trade Balance,1503B,1250B,809B
Tue Mar 10 2026,6:00,JPY,Low,Prelim Machine Tool Orders y/y,24.2%,,25.3%
Tue Mar 10 2026,7:00,EUR,Low,German Trade Balance,21.2B,15.4B,17.4B
Tue Mar 10 2026,7:45,EUR,Low,French Trade Balance,-1.8B,-5.2B,-4.3B
Tue Mar 10 2026,All Day,EUR,Low,ECOFIN Meetings,,,
Tue Mar 10 2026,10:00,USD,Low,NFIB Small Business Index,98.8,99.6,99.3
Tue Mar 10 2026,Feb 14th,USD,Low,ADP Weekly Employment Change,15.5K,,12.0K
Tue Mar 10 2026,12:15,USD,Low,ADP Weekly Employment Change,15.5K,,15.5K
Tue Mar 10 2026,14:00,USD,Low,Existing Home Sales,4.09M,3.89M,4.02M
Tue Mar 10 2026,20:30,USD,Low,API Weekly Statistical Bulletin,,,
Tue Mar 10 2026,23:50,JPY,Low,PPI y/y,2.0%,2.2%,2.3%
Wed Mar 11 2026,7:00,EUR,Low,German Final CPI m/m,0.2%,0.2%,0.2%
Wed Mar 11 2026,10:00,GBP,Low,MPC Member Breeden Speaks,,,
Wed Mar 11 2026,10:33,EUR,Low,German 10-y Bond Auction,2.89|1.2,,2.73|1.5
Wed Mar 11 2026,12:30,USD,High,Core CPI m/m,0.2%,0.2%,0.3%
Wed Mar 11 2026,12:30,USD,High,Core CPI y/y,2.5%,2.5%,2.5%
Wed Mar 11 2026,12:30,USD,High,CPI m/m,0.3%,0.3%,0.2%
Wed Mar 11 2026,12:30,USD,High,CPI y/y,2.4%,2.4%,2.4%
Wed Mar 11 2026,12:30,USD,Low,FOMC Member Bowman Speaks,,,
Wed Mar 11 2026,14:30,USD,Low,Crude Oil Inventories,3.8M,2.8M,3.5M
Wed Mar 11 2026,17:01,USD,Low,10-y Bond Auction,4.22|2.4,,4.18|2.4
Wed Mar 11 2026,18:00,USD,Low,Federal Budget Balance,-307.5B,-304.4B,-94.6B
Wed Mar 11 2026,20:25,USD,Medium,President Trump Speaks,,,
Wed Mar 11 2026,21:45,NZD,Low,Manufacturing Sales q/q,0.6%,,2.6%
Wed Mar 11 2026,23:50,JPY,Low,BSI Manufacturing Index,3.8,5.3,4.7
Thu Mar 12 2026,0:00,AUD,Low,MI Inflation Expectations,5.2%,,5.0%
Thu Mar 12 2026,0:01,GBP,Low,RICS House Price Balance,-12%,-8%,-10%
Thu Mar 12 2026,9:00,EUR,Low,Italian Quarterly Unemployment Rate,5.6%,6.1%,6.0%
Thu Mar 12 2026,9:30,GBP,Medium,BOE Gov Bailey Speaks,,,
Thu Mar 12 2026,12:30,CAD,Low,Building Permits m/m,4.8%,-2.0%,6.1%
Thu Mar 12 2026,12:30,CAD,Low,Trade Balance,-3.6B,-1.1B,-1.3B
Thu Mar 12 2026,12:30,CAD,Low,Wholesale Sales m/m,-1.0%,-0.6%,1.8%
Thu Mar 12 2026,12:30,USD,High,Unemployment Claims,213K,214K,214K
Thu Mar 12 2026,12:30,USD,Low,Building Permits,1.38M,1.42M,1.45M
Thu Mar 12 2026,12:30,USD,Low,Goods Trade Balance,-80.8B,,-98.5B
Thu Mar 12 2026,12:30,USD,Low,Housing Starts,1.49M,1.34M,1.39M
Thu Mar 12 2026,12:30,USD,Low,Trade Balance,-54.5B,-66.6B,-72.9B
Thu Mar 12 2026,13:30,GBP,Low,CB Leading Index m/m,0.0%,,0.0%
Thu Mar 12 2026,14:30,USD,Low,Natural Gas Storage,-38B,-42B,-132B
Thu Mar 12 2026,15:00,USD,Low,FOMC Member Bowman Speaks,,,
Thu Mar 12 2026,17:01,USD,Low,30-y Bond Auction,4.87|2.5,,4.75|2.7
Thu Mar 12 2026,21:30,NZD,Low,BusinessNZ Manufacturing Index,55.0,,55.1
Thu Mar 12 2026,21:45,NZD,Low,Visitor Arrivals m/m,0.9%,,1.6%
Fri Mar 13 2026,7:00,EUR,Low,German WPI m/m,0.6%,0.3%,0.9%
Fri Mar 13 2026,7:00,GBP,High,GDP m/m,0.0%,0.2%,0.1%
Fri Mar 13 2026,7:00,GBP,Low,Construction Output m/m,0.2%,0.0%,-0.5%
Fri Mar 13 2026,7:00,GBP,Low,Goods Trade Balance,-14.4B,-22.2B,-22.7B
Fri Mar 13 2026,7:00,GBP,Low,Index of Services 3m/3m,0.2%,0.3%,0.0%
Fri Mar 13 2026,7:00,GBP,Low,Industrial Production m/m,-0.1%,0.3%,-0.9%
Fri Mar 13 2026,7:00,GBP,Low,Manufacturing Production m/m,0.1%,0.2%,-0.5%
Fri Mar 13 2026,7:45,EUR,Low,French Final CPI m/m,0.6%,0.7%,0.7%
Fri Mar 13 2026,9:00,EUR,Low,Italian Industrial Production m/m,-0.6%,0.4%,-0.5%
Fri Mar 13 2026,9:02,CNY,Low,M2 Money Supply y/y,9.0%,8.9%,9.0%
Fri Mar 13 2026,9:03,CNY,Low,New Loans,900B,865B,4710B
Fri Mar 13 2026,9:30,GBP,Low,Consumer Inflation Expectations,3.2%,,3.5%
Fri Mar 13 2026,10:00,EUR,Low,Industrial Production m/m,-1.5%,0.6%,-0.5%
Fri Mar 13 2026,12:30,CAD,High,Employment Change,-83.9K,10.3K,-24.8K
Fri Mar 13 2026,12:30,CAD,High,Unemployment Rate,6.7%,6.6%,6.5%
Fri Mar 13 2026,12:30,CAD,Low,Capacity Utilization Rate,78.5%,78.4%,78.9%
Fri Mar 13 2026,12:30,CAD,Low,Manufacturing Sales m/m,-3.0%,-3.3%,0.4%
Fri Mar 13 2026,12:30,USD,High,Core PCE Price Index m/m,0.4%,0.4%,0.4%
Fri Mar 13 2026,12:30,USD,High,Prelim GDP q/q,0.7%,1.4%,1.4%
Fri Mar 13 2026,12:30,USD,Medium,Core Durable Goods Orders m/m,0.4%,0.5%,1.0%
Fri Mar 13 2026,12:30,USD,Medium,Durable Goods Orders m/m,0.0%,1.1%,-0.9%
Fri Mar 13 2026,12:30,USD,Medium,Prelim GDP Price Index q/q,3.8%,3.6%,3.6%
Fri Mar 13 2026,12:30,USD,Low,Personal Income m/m,0.4%,0.5%,0.3%
Fri Mar 13 2026,12:30,USD,Low,Personal Spending m/m,0.4%,0.3%,0.4%
Fri Mar 13 2026,14:00,USD,High,JOLTS Job Openings,6.95M,6.76M,6.55M
Fri Mar 13 2026,14:00,USD,Medium,Prelim UoM Consumer Sentiment,55.5,55.0,56.6
Fri Mar 13 2026,14:00,USD,Medium,Prelim UoM Inflation Expectations,3.4%,,3.4%
Sun Mar 15 2026,21:30,NZD,Low,BusinessNZ Services Index,48.0,,50.7
Sun Mar 15 2026,23:54,GBP,Low,Rightmove HPI m/m,0.8%,,0.0%
Mon Mar 16 2026,1:30,CNY,Low,New Home Prices m/m,-0.28%,,-0.37%
Mon Mar 16 2026,2:00,CNY,Low,Fixed Asset Investment ytd/y,1.8%,-5.0%,-3.8%
Mon Mar 16 2026,2:00,CNY,Low,Industrial Production y/y,6.3%,5.3%,5.2%
Mon Mar 16 2026,2:00,CNY,Low,NBS Press Conference,,,
Mon Mar 16 2026,2:00,CNY,Low,Retail Sales y/y,2.8%,2.6%,0.9%
Mon Mar 16 2026,2:00,CNY,Low,Unemployment Rate,5.3%,5.1%,5.1%
Mon Mar 16 2026,12:15,CAD,Low,Housing Starts,251K,243K,240K
Mon Mar 16 2026,12:30,CAD,High,CPI m/m,0.5%,0.7%,0.0%
Mon Mar 16 2026,12:30,CAD,High,Median CPI y/y,2.3%,2.4%,2.5%
Mon Mar 16 2026,12:30,CAD,High,Trimmed CPI y/y,2.3%,2.4%,2.4%
Mon Mar 16 2026,12:30,CAD,Medium,Common CPI y/y,2.4%,2.6%,2.7%
Mon Mar 16 2026,12:30,USD,Medium,Empire State Manufacturing Index,-0.2,4.0,7.1
Mon Mar 16 2026,12:32,CAD,Low,Core CPI m/m,0.4%,,0.2%
Mon Mar 16 2026,13:15,USD,Low,Capacity Utilization Rate,76.3%,76.2%,76.3%
Mon Mar 16 2026,13:15,USD,Low,Industrial Production m/m,0.2%,0.1%,0.7%
Mon Mar 16 2026,14:00,USD,Low,NAHB Housing Market Index,38,37,37
Mon Mar 16 2026,15:30,USD,Medium,President Trump Speaks,,,
Mon Mar 16 2026,21:45,NZD,Low,FPI m/m,-0.1%,,2.1%
Tue Mar 17 2026,3:30,AUD,High,Cash Rate,4.10%,4.10%,3.85%
Tue Mar 17 2026,3:30,AUD,High,RBA Rate Statement,,,
Tue Mar 17 2026,4:30,AUD,High,RBA Press Conference,,,
Tue Mar 17 2026,4:30,JPY,Low,Tertiary Industry Activity m/m,1.7%,0.9%,-0.8%
Tue Mar 17 2026,7:30,CHF,Low,PPI m/m,-0.3%,0.0%,-0.2%
Tue Mar 17 2026,10:00,EUR,Low,German ZEW Economic Sentiment,-0.5,39.0,58.3
Tue Mar 17 2026,10:00,EUR,Low,ZEW Economic Sentiment,-8.5,26.5,39.4
Tue Mar 17 2026,12:15,USD,Low,ADP Weekly Employment Change,9.0K,,14.8K
Tue Mar 17 2026,14:00,USD,Medium,Pending Home Sales m/m,1.8%,-0.6%,-1.0%
Tue Mar 17 2026,14:25,AUD,Low,CB Leading Index m/m,0.2%,,0.3%
Tue Mar 17 2026,15:15,EUR,Low,German Buba President Nagel Speaks,,,
Tue Mar 17 2026,15:18,NZD,Low,GDT Price Index,0.1%,,5.7%
Tue Mar 17 2026,19:05,NZD,Low,Westpac Consumer Sentiment,94.7,,96.5
Tue Mar 17 2026,20:30,USD,Low,API Weekly Statistical Bulletin,,,
Tue Mar 17 2026,21:45,NZD,Low,Current Account,-5.98B,-4.78B,-8.36B
Tue Mar 17 2026,23:30,AUD,Low,MI Leading Index m/m,-0.1%,,0.0%
Tue Mar 17 2026,23:50,JPY,Low,Trade Balance,-0.37T,-0.62T,0.50T
Wed Mar 18 2026,8:00,CHF,Low,SECO Economic Forecasts,,,
Wed Mar 18 2026,10:00,EUR,Low,Final Core CPI y/y,2.4%,2.4%,2.4%
Wed Mar 18 2026,10:00,EUR,Low,Final CPI y/y,1.9%,1.9%,1.9%
Wed Mar 18 2026,10:34,EUR,Low,German 30-y Bond Auction,3.45|1.7,,3.47|1.6
Wed Mar 18 2026,12:30,CAD,Low,Foreign Securities Purchases,46.73B,4.72B,-5.84B
Wed Mar 18 2026,12:30,USD,High,Core PPI m/m,0.5%,0.3%,0.8%
Wed Mar 18 2026,12:30,USD,High,PPI m/m,0.7%,0.3%,0.5%
Wed Mar 18 2026,13:45,CAD,High,BOC Rate Statement,,,
Wed Mar 18 2026,13:45,CAD,High,Overnight Rate,2.25%,2.25%,2.25%
Wed Mar 18 2026,14:00,USD,Low,Factory Orders m/m,0.1%,0.1%,-0.7%
Wed Mar 18 2026,14:30,CAD,High,BOC Press Conference,,,
Wed Mar 18 2026,14:30,USD,Low,Crude Oil Inventories,6.2M,-1.5M,3.8M
Wed Mar 18 2026,18:00,USD,High,Federal Funds Rate,3.75%,3.75%,3.75%
Wed Mar 18 2026,18:00,USD,High,FOMC Economic Projections,,,
Wed Mar 18 2026,18:00,USD,High,FOMC Statement,,,
Wed Mar 18 2026,18:30,USD,High,FOMC Press Conference,,,
Wed Mar 18 2026,20:00,USD,Low,TIC Long-Term Purchases,15.5B,71.6B,96.5B
Wed Mar 18 2026,21:45,NZD,High,GDP q/q,0.2%,0.5%,0.9%
Wed Mar 18 2026,23:50,JPY,Low,Core Machinery Orders m/m,-5.5%,-9.6%,19.1%
Thu Mar 19 2026,0:30,AUD,High,Employment Change,48.9K,20.8K,26.1K
Thu Mar 19 2026,0:30,AUD,High,Unemployment Rate,4.3%,4.1%,4.1%
Thu Mar 19 2026,0:30,AUD,Low,RBA Financial Stability Review,,,
Thu Mar 19 2026,2:46,JPY,High,BOJ Policy Rate,<0.75%,<0.75%,<0.75%
Thu Mar 19 2026,2:46,JPY,High,Monetary Policy Statement,,,
Thu Mar 19 2026,4:30,JPY,Low,Revised Industrial Production m/m,4.3%,2.2%,2.2%
Thu Mar 19 2026,6:30,JPY,High,BOJ Press Conference,,,
Thu Mar 19 2026,7:00,GBP,High,Claimant Count Change,24.7K,25.8K,4.7K
Thu Mar 19 2026,7:00,GBP,Medium,Average Earnings Index 3m/y,3.9%,3.9%,4.2%
Thu Mar 19 2026,7:00,GBP,Low,Unemployment Rate,5.2%,5.3%,5.2%
Thu Mar 19 2026,8:30,CHF,High,SNB Monetary Policy Assessment,,,
Thu Mar 19 2026,8:30,CHF,High,SNB Policy Rate,0.00%,0.00%,0.00%
Thu Mar 19 2026,9:00,CHF,High,SNB Press Conference,,,
Thu Mar 19 2026,All Day,EUR,Low,Euro Summit,,,
Thu Mar 19 2026,9:44,EUR,Low,Spanish 10-y Bond Auction,3.48|2.3,,3.17|2.5
Thu Mar 19 2026,12:00,GBP,High,Monetary Policy Summary,,,
Thu Mar 19 2026,12:00,GBP,High,MPC Official Bank Rate Votes,0-0-9,0-2-7,0-4-5
Thu Mar 19 2026,12:00,GBP,High,Official Bank Rate,3.75%,3.75%,3.75%
Thu Mar 19 2026,12:30,USD,High,Unemployment Claims,205K,215K,213K
Thu Mar 19 2026,12:30,USD,Medium,Philly Fed Manufacturing Index,18.1,8.3,16.3
Thu Mar 19 2026,13:15,EUR,High,Main Refinancing Rate,2.15%,2.15%,2.15%
Thu Mar 19 2026,13:15,EUR,High,Monetary Policy Statement,,,
Thu Mar 19 2026,13:45,EUR,High,ECB Press Conference,,,
Thu Mar 19 2026,14:00,USD,Medium,New Home Sales,587K,722K,712K
Thu Mar 19 2026,14:00,USD,Low,CB Leading Index m/m,-0.1%,-0.1%,-0.2%
Thu Mar 19 2026,14:00,USD,Low,Final Wholesale Inventories m/m,-0.5%,0.2%,0.2%
Thu Mar 19 2026,14:30,USD,Low,Natural Gas Storage,35B,39B,-38B
Thu Mar 19 2026,21:45,NZD,Low,Trade Balance,-257M,-740M,-627M
Thu Mar 19 2026,All Day,JPY,,Bank Holiday,,,
Fri Mar 20 2026,1:00,CNY,Low,1-y Loan Prime Rate,3.00%,3.00%,3.00%
Fri Mar 20 2026,1:00,CNY,Low,5-y Loan Prime Rate,3.50%,3.50%,3.50%
Fri Mar 20 2026,2:00,NZD,Low,Credit Card Spending y/y,-1.1%,,0.9%
Fri Mar 20 2026,7:00,EUR,Low,German PPI m/m,-0.5%,0.3%,-0.6%
Fri Mar 20 2026,7:00,GBP,Low,Public Sector Net Borrowing,14.3B,8.7B,-31.9B
Fri Mar 20 2026,9:00,EUR,Low,Current Account,37.9B,17.2B,13.3B
Fri Mar 20 2026,9:00,EUR,Low,Italian Trade Balance,1.09B,5.65B,5.99B
Fri Mar 20 2026,9:06,CNY,Low,Foreign Direct Investment ytd/y,-5.7%,,-5.7%
Fri Mar 20 2026,10:00,EUR,Low,Trade Balance,12.1B,12.8B,10.3B
Fri Mar 20 2026,11:00,GBP,Low,CBI Industrial Order Expectations,-27,-30,-28
Fri Mar 20 2026,12:30,CAD,Medium,Core Retail Sales m/m,0.8%,1.2%,0.0%
Fri Mar 20 2026,12:30,CAD,Medium,Retail Sales m/m,1.1%,1.4%,-0.4%
Fri Mar 20 2026,12:30,CAD,Low,IPPI m/m,0.4%,1.1%,2.8%
Fri Mar 20 2026,12:30,CAD,Low,NHPI m/m,0.3%,-0.2%,-0.4%
Fri Mar 20 2026,12:30,CAD,Low,RMPI m/m,0.6%,2.4%,7.7%
Fri Mar 20 2026,17:30,EUR,Low,German Buba President Nagel Speaks,,,
Sat Mar 21 2026,17:30,USD,Medium,FOMC Member Powell Speaks,,,
Mon Mar 23 2026,12:45,USD,Low,FOMC Member Miran Speaks,,,
Mon Mar 23 2026,14:00,USD,Low,Construction Spending m/m,-0.3%,0.1%,0.8%
Mon Mar 23 2026,15:00,EUR,Low,Consumer Confidence,-16,-15,-12
Mon Mar 23 2026,20:00,NZD,Medium,RBNZ Gov Breman Speaks,,,
Mon Mar 23 2026,22:00,AUD,Low,Flash Manufacturing PMI,50.1,,51.0
Mon Mar 23 2026,22:00,AUD,Low,Flash Services PMI,46.6,,52.8
Mon Mar 23 2026,23:30,JPY,Low,National Core CPI y/y,1.6%,1.7%,2.0%
Tue Mar 24 2026,0:30,JPY,Low,Flash Manufacturing PMI,51.4,53.2,53.0
Tue Mar 24 2026,8:15,EUR,Medium,French Flash Manufacturing PMI,50.2,49.4,50.1
Tue Mar 24 2026,8:15,EUR,Medium,French Flash Services PMI,48.3,49.2,49.6
Tue Mar 24 2026,8:30,EUR,High,German Flash Manufacturing PMI,51.7,49.6,50.9
Tue Mar 24 2026,8:30,EUR,High,German Flash Services PMI,51.2,52.5,53.5
Tue Mar 24 2026,9:00,EUR,Low,Flash Manufacturing PMI,51.4,49.4,50.8
Tue Mar 24 2026,9:00,EUR,Low,Flash Services PMI,50.1,51.1,51.9
Tue Mar 24 2026,9:30,GBP,High,Flash Manufacturing PMI,51.4,50.0,51.7
Tue Mar 24 2026,9:30,GBP,High,Flash Services PMI,51.2,52.8,53.9
Tue Mar 24 2026,10:02,GBP,Low,10-y Bond Auction,4.91|3.5,,4.59|3.6
Tue Mar 24 2026,11:00,GBP,Low,CBI Realized Sales,-52,-43,-43
Tue Mar 24 2026,12:15,USD,Low,ADP Weekly Employment Change,10.0K,,9.0K
Tue Mar 24 2026,12:30,USD,Low,Revised Nonfarm Productivity q/q,1.8%,1.9%,2.8%
Tue Mar 24 2026,12:30,USD,Low,Revised Unit Labor Costs q/q,4.4%,3.6%,2.8%
Tue Mar 24 2026,13:25,GBP,Low,MPC Member Pill Speaks,,,
Tue Mar 24 2026,13:45,USD,High,Flash Manufacturing PMI,52.4,51.5,51.6
Tue Mar 24 2026,13:45,USD,High,Flash Services PMI,51.1,52.0,51.7
Tue Mar 24 2026,14:00,USD,Medium,Richmond Manufacturing Index,0,-8,-10
Tue Mar 24 2026,15:00,EUR,Low,German Buba President Nagel Speaks,,,
Tue Mar 24 2026,15:15,CHF,Low,Gov Board Member Tschudin Speaks,,,
Tue Mar 24 2026,17:00,CHF,Medium,SNB Chairman Schlegel Speaks,,,
Tue Mar 24 2026,20:30,USD,Low,API Weekly Statistical Bulletin,,,
Tue Mar 24 2026,22:00,USD,Low,FOMC Member Goolsbee Speaks,,,
Tue Mar 24 2026,22:30,USD,Low,FOMC Member Barr Speaks,,,
Tue Mar 24 2026,23:50,JPY,Low,Monetary Policy Meeting Minutes,,,
Wed Mar 25 2026,0:30,AUD,High,CPI m/m,0.0%,0.1%,0.4%
Wed Mar 25 2026,0:30,AUD,High,CPI y/y,3.7%,3.8%,3.8%
Wed Mar 25 2026,0:30,AUD,High,Trimmed Mean CPI m/m,0.2%,0.3%,0.3%
Wed Mar 25 2026,2:40,AUD,Low,RBA Assist Gov Jones Speaks,,,
Wed Mar 25 2026,7:00,GBP,High,CPI y/y,3.0%,3.0%,3.0%
Wed Mar 25 2026,7:00,GBP,Low,Core CPI y/y,3.2%,3.1%,3.1%
Wed Mar 25 2026,7:00,GBP,Low,PPI Input m/m,0.8%,0.5%,0.3%
Wed Mar 25 2026,7:00,GBP,Low,PPI Output m/m,-0.5%,0.3%,0.0%
Wed Mar 25 2026,7:00,GBP,Low,RPI y/y,3.6%,3.7%,3.8%
Wed Mar 25 2026,8:45,EUR,Medium,ECB President Lagarde Speaks,,,
Wed Mar 25 2026,9:00,CHF,Low,UBS Economic Expectations,-35.0,,9.8
Wed Mar 25 2026,9:00,EUR,Low,German ifo Business Climate,86.4,86.2,88.4
Wed Mar 25 2026,9:30,GBP,Low,HPI y/y,1.3%,1.7%,1.9%
Wed Mar 25 2026,12:00,GBP,Low,MPC Member Greene Speaks,,,
Wed Mar 25 2026,12:30,USD,Low,Current Account,-191B,-211B,-239B
Wed Mar 25 2026,12:30,USD,Low,Import Prices m/m,1.3%,0.6%,0.6%
Wed Mar 25 2026,13:00,CNY,Low,CB Leading Index m/m,-0.2%,,0.1%
Wed Mar 25 2026,13:28,EUR,Low,Belgian NBB Business Climate,-13.7,-14.8,-13.7
Wed Mar 25 2026,14:00,CHF,Low,SNB Quarterly Bulletin,,,
Wed Mar 25 2026,14:30,USD,Low,Crude Oil Inventories,6.9M,-1.3M,6.2M
Wed Mar 25 2026,20:10,USD,Low,FOMC Member Miran Speaks,,,
Wed Mar 25 2026,22:15,AUD,Low,RBA Assist Gov Kent Speaks,,,
Wed Mar 25 2026,23:20,USD,Medium,President Trump Speaks,,,
Wed Mar 25 2026,23:50,JPY,Low,SPPI y/y,2.7%,2.6%,2.6%
Thu Mar 26 2026,0:30,AUD,Low,NAB Quarterly Business Confidence,-4,,0
Thu Mar 26 2026,5:02,JPY,Low,BOJ Core CPI y/y,1.7%,1.6%,1.7%
Thu Mar 26 2026,7:00,EUR,Low,German GfK Consumer Climate,-28.0,-27.3,-24.8
Thu Mar 26 2026,9:00,EUR,Low,M3 Money Supply y/y,3.0%,3.3%,3.2%
Thu Mar 26 2026,9:00,EUR,Low,Private Loans y/y,3.0%,3.1%,3.0%
Thu Mar 26 2026,9:30,GBP,Low,MPC Member Breeden Speaks,,,
Thu Mar 26 2026,10:02,GBP,Low,30-y Bond Auction,5.52|3.8,,5.29|3.2
Thu Mar 26 2026,11:00,EUR,Low,German Buba Monthly Report,,,
Thu Mar 26 2026,12:30,USD,High,Unemployment Claims,210K,211K,205K
Thu Mar 26 2026,14:30,USD,Low,Natural Gas Storage,-54B,-49B,35B
Thu Mar 26 2026,16:00,GBP,Low,MPC Member Taylor Speaks,,,
Thu Mar 26 2026,16:30,GBP,Low,MPC Member Greene Speaks,,,
Thu Mar 26 2026,17:10,CAD,Low,Gov Council Member Rogers Speaks,,,
Thu Mar 26 2026,20:00,USD,Medium,President Trump Speaks,,,
Thu Mar 26 2026,20:00,USD,Low,FOMC Member Cook Speaks,,,
Thu Mar 26 2026,22:30,USD,Low,FOMC Member Miran Speaks,,,
Thu Mar 26 2026,23:00,USD,Low,FOMC Member Jefferson Speaks,,,
Thu Mar 26 2026,23:10,USD,Low,FOMC Member Barr Speaks,,,
Fri Mar 27 2026,0:01,GBP,Low,GfK Consumer Confidence,-21,-24,-19
Fri Mar 27 2026,7:00,GBP,High,Retail Sales m/m,-0.4%,-0.6%,2.0%
Fri Mar 27 2026,8:00,EUR,Low,Spanish Flash CPI y/y,3.3%,3.6%,2.3%
Fri Mar 27 2026,All Day,EUR,Low,Eurogroup Meetings,,,
Fri Mar 27 2026,10:04,EUR,Low,Italian 10-y Bond Auction,4.09|1.7,,3.31|1.5
Fri Mar 27 2026,14:00,USD,Medium,Revised UoM Consumer Sentiment,53.3,53.9,55.5
Fri Mar 27 2026,14:00,USD,Low,Revised UoM Inflation Expectations,3.8%,,3.4%
Fri Mar 27 2026,15:00,USD,Low,FOMC Member Barkin Speaks,,,
Fri Mar 27 2026,15:30,USD,Low,FOMC Member Daly Speaks,,,
Fri Mar 27 2026,15:30,USD,Low,FOMC Member Paulson Speaks,,,
Fri Mar 27 2026,21:30,USD,Medium,President Trump Speaks,,,
Sun Mar 29 2026,0:00,CHF,,Daylight Saving Time Shift,,,
Sun Mar 29 2026,0:00,EUR,,Daylight Saving Time Shift,,,
Sun Mar 29 2026,0:00,GBP,,Daylight Saving Time Shift,,,
Sun Mar 29 2026,23:50,JPY,Low,BOJ Summary of Opinions,,,
Mon Mar 30 2026,All Day,EUR,Medium,German Prelim CPI m/m,1.1%,1.1%,0.2%
Mon Mar 30 2026,7:00,CHF,Low,KOF Economic Barometer,96.1,101.1,103.8
Mon Mar 30 2026,8:30,GBP,Low,M4 Money Supply m/m,0.6%,0.1%,-0.1%
Mon Mar 30 2026,8:30,GBP,Low,Mortgage Approvals,63K,61K,60K
Mon Mar 30 2026,8:30,GBP,Low,Net Lending to Individuals m/m,6.8B,5.6B,6.0B
Mon Mar 30 2026,14:30,USD,High,FOMC Member Powell Speaks,,,
Mon Mar 30 2026,20:00,USD,Low,FOMC Member Williams Speaks,,,
Mon Mar 30 2026,23:01,GBP,Low,BRC Shop Price Index y/y,1.2%,1.2%,1.1%
Mon Mar 30 2026,23:30,JPY,Medium,Tokyo Core CPI y/y,1.7%,1.8%,1.8%
Mon Mar 30 2026,23:30,JPY,Low,Unemployment Rate,2.6%,2.7%,2.7%
Mon Mar 30 2026,23:50,JPY,Low,Prelim Industrial Production m/m,-2.1%,-2.1%,4.3%
Mon Mar 30 2026,23:50,JPY,Low,Retail Sales y/y,-0.2%,0.9%,1.8%
Tue Mar 31 2026,0:00,NZD,Low,ANZ Business Confidence,32.5,,59.2
Tue Mar 31 2026,0:30,AUD,Low,Monetary Policy Meeting Minutes,,,
Tue Mar 31 2026,0:30,AUD,Low,Private Sector Credit m/m,0.6%,0.6%,0.5%
Tue Mar 31 2026,1:30,CNY,Low,Manufacturing PMI,50.4,50.1,49.0
Tue Mar 31 2026,1:30,CNY,Low,Non-Manufacturing PMI,50.1,49.9,49.5
Tue Mar 31 2026,5:00,JPY,Low,Housing Starts y/y,-4.9%,-4.5%,-0.4%
Tue Mar 31 2026,6:00,EUR,Low,German Import Prices m/m,0.3%,0.7%,1.1%
Tue Mar 31 2026,6:00,EUR,Low,German Retail Sales m/m,-0.6%,0.3%,-1.1%
Tue Mar 31 2026,6:00,GBP,Low,Current Account,-18.4B,-24.0B,-10.7B
Tue Mar 31 2026,6:00,GBP,Low,Final GDP q/q,0.1%,0.1%,0.1%
Tue Mar 31 2026,6:00,GBP,Low,Nationwide HPI m/m,0.9%,0.0%,0.3%
Tue Mar 31 2026,6:00,GBP,Low,Revised Business Investment q/q,-2.5%,-2.7%,-2.7%
Tue Mar 31 2026,6:45,EUR,Low,French Consumer Spending m/m,-1.4%,-0.3%,0.4%
Tue Mar 31 2026,6:45,EUR,Low,French Prelim CPI m/m,0.9%,0.9%,0.6%
Tue Mar 31 2026,7:55,EUR,Low,German Unemployment Change,0K,2K,1K
Tue Mar 31 2026,9:00,EUR,Medium,Core CPI Flash Estimate y/y,2.3%,2.4%,2.4%
Tue Mar 31 2026,9:00,EUR,Medium,CPI Flash Estimate y/y,2.5%,2.6%,1.9%
Tue Mar 31 2026,9:00,EUR,Low,Italian Prelim CPI m/m,0.5%,0.6%,0.7%
Tue Mar 31 2026,12:30,CAD,High,GDP m/m,0.1%,0.0%,0.2%
Tue Mar 31 2026,13:00,USD,Low,HPI m/m,0.1%,0.1%,0.3%
Tue Mar 31 2026,13:00,USD,Low,S&P/CS Composite-20 HPI y/y,1.2%,1.4%,1.4%
Tue Mar 31 2026,13:45,USD,Low,Chicago PMI,52.8,54.8,57.7
Tue Mar 31 2026,14:00,USD,High,JOLTS Job Openings,6.88M,6.89M,7.24M
Tue Mar 31 2026,14:00,USD,Medium,CB Consumer Confidence,91.8,87.8,91.0
Tue Mar 31 2026,16:00,USD,Low,FOMC Member Goolsbee Speaks,,,
Tue Mar 31 2026,17:10,USD,Low,FOMC Member Schmid Speaks,,,
Tue Mar 31 2026,19:00,USD,Low,FOMC Member Barr Speaks,,,
Tue Mar 31 2026,20:30,USD,Low,API Weekly Statistical Bulletin,,,
Tue Mar 31 2026,21:10,USD,Low,FOMC Member Bowman Speaks,,,
Tue Mar 31 2026,21:45,NZD,Low,Building Consents m/m,2.7%,,2.0%
Tue Mar 31 2026,23:50,JPY,Low,Tankan Manufacturing Index,17,16,15
Tue Mar 31 2026,23:50,JPY,Low,Tankan Non-Manufacturing Index,36,33,34
Wed Apr 1 2026,0:30,AUD,Low,Building Approvals m/m,29.7%,5.8%,-7.2%
Wed Apr 1 2026,0:30,JPY,Low,Final Manufacturing PMI,51.6,51.6,51.4
Wed Apr 1 2026,1:45,CNY,Low,RatingDog Manufacturing PMI,50.8,51.6,52.1
Wed Apr 1 2026,5:30,AUD,Low,Commodity Prices y/y,12.8%,,4.9%
Wed Apr 1 2026,6:30,CHF,Low,Retail Sales y/y,0.9%,1.5%,-0.6%
Wed Apr 1 2026,7:15,EUR,Low,Spanish Manufacturing PMI,48.7,50.5,50.0
Wed Apr 1 2026,7:30,CHF,Low,Manufacturing PMI,53.3,47.2,47.4
Wed Apr 1 2026,7:45,EUR,Low,Italian Manufacturing PMI,51.3,50.9,50.6
Wed Apr 1 2026,7:50,EUR,Low,French Final Manufacturing PMI,50.0,50.2,50.2
Wed Apr 1 2026,7:55,EUR,Low,German Final Manufacturing PMI,52.2,51.7,51.7
Wed Apr 1 2026,8:00,EUR,Low,Final Manufacturing PMI,51.6,51.4,51.4
Wed Apr 1 2026,8:00,EUR,Low,Italian Monthly Unemployment Rate,5.3%,5.2%,5.1%
Wed Apr 1 2026,8:30,GBP,Low,Final Manufacturing PMI,51.0,51.4,51.4
Wed Apr 1 2026,9:00,EUR,Low,Unemployment Rate,6.2%,6.1%,6.1%
Wed Apr 1 2026,9:30,GBP,Low,FPC Meeting Minutes,,,
Wed Apr 1 2026,9:30,GBP,Low,FPC Statement,,,
Wed Apr 1 2026,12:15,USD,High,ADP Non-Farm Employment Change,62K,41K,66K
Wed Apr 1 2026,12:30,USD,High,Core Retail Sales m/m,0.5%,0.3%,0.0%
Wed Apr 1 2026,12:30,USD,High,Retail Sales m/m,0.6%,0.5%,-0.1%
Wed Apr 1 2026,13:05,USD,Low,FOMC Member Musalem Speaks,,,
Wed Apr 1 2026,13:10,USD,Low,FOMC Member Barr Speaks,,,
Wed Apr 1 2026,13:30,CAD,Low,Manufacturing PMI,50.0,,51.0
Wed Apr 1 2026,13:45,USD,Low,Final Manufacturing PMI,52.3,52.3,52.4
Wed Apr 1 2026,14:00,USD,High,ISM Manufacturing PMI,52.7,52.3,52.4
Wed Apr 1 2026,14:00,USD,Medium,ISM Manufacturing Prices,78.3,74.0,70.5
Wed Apr 1 2026,14:00,USD,Low,Business Inventories m/m,-0.1%,0.0%,0.0%
Wed Apr 1 2026,All Day,USD,Low,Omdia Total Vehicle Sales,16.3M,15.9M,15.8M
Wed Apr 1 2026,14:30,USD,Low,Crude Oil Inventories,5.5M,1.8M,6.9M
Wed Apr 1 2026,17:30,CAD,Low,BOC Summary of Deliberations,,,
Wed Apr 1 2026,23:50,JPY,Low,Monetary Base y/y,-11.6%,-10.8%,-10.6%
Thu Apr 2 2026,0:30,AUD,Low,Goods Trade Balance,5.69B,2.81B,2.26B
Thu Apr 2 2026,1:00,USD,High,President Trump Speaks,,,
Thu Apr 2 2026,3:35,JPY,Low,10-y Bond Auction,2.35|2.6,,2.12|3.3
Thu Apr 2 2026,6:30,CHF,Medium,CPI m/m,0.2%,0.5%,0.6%
Thu Apr 2 2026,6:45,EUR,Low,French Gov Budget Balance,-32.1B,,-9.7B
Thu Apr 2 2026,8:00,EUR,Low,ECB Economic Bulletin,,,
Thu Apr 2 2026,8:55,EUR,Low,French 10-y Bond Auction,3.73|1.9,,3.39|2.2
Thu Apr 2 2026,9:06,EUR,Low,Italian Retail Sales m/m,0.0%,0.3%,0.6%
Thu Apr 2 2026,11:30,USD,Low,Challenger Job Cuts y/y,-78.0%,,-71.9%
Thu Apr 2 2026,12:30,CAD,Low,Trade Balance,-5.7B,-2.5B,-4.2B
Thu Apr 2 2026,12:30,USD,High,Unemployment Claims,202K,212K,211K
Thu Apr 2 2026,12:30,USD,Low,Goods Trade Balance,-83.5B,,-80.9B
Thu Apr 2 2026,12:30,USD,Low,Trade Balance,-57.3B,-60.5B,-54.7B
Thu Apr 2 2026,14:15,USD,Low,FOMC Member Logan Speaks,,,
Thu Apr 2 2026,14:30,USD,Low,Natural Gas Storage,36B,38B,-54B
Thu Apr 2 2026,16:45,USD,Low,FOMC Member Bowman Speaks,,,
Thu Apr 2 2026,All Day,NZD,,Bank Holiday,,,
Thu Apr 2 2026,All Day,AUD,,Bank Holiday,,,
Fri Apr 3 2026,1:45,CNY,Low,RatingDog Services PMI,52.1,53.6,56.7
Fri Apr 3 2026,All Day,CHF,,Bank Holiday,,,
Fri Apr 3 2026,All Day,EUR,,German Bank Holiday,,,
Fri Apr 3 2026,6:45,EUR,Low,French Industrial Production m/m,-0.7%,-0.1%,0.2%
Fri Apr 3 2026,All Day,GBP,,Bank Holiday,,,
Fri Apr 3 2026,All Day,CAD,,Bank Holiday,,,
Fri Apr 3 2026,12:30,USD,High,Average Hourly Earnings m/m,0.2%,0.3%,0.4%
Fri Apr 3 2026,12:30,USD,High,Non-Farm Employment Change,178K,65K,-133K
Fri Apr 3 2026,12:30,USD,High,Unemployment Rate,4.3%,4.4%,4.4%
Fri Apr 3 2026,13:45,USD,Low,Final Services PMI,49.8,51.1,51.1
Sat Apr 4 2026,14:00,NZD,,Daylight Saving Time Shift,,,
Sat Apr 4 2026,16:00,AUD,,Daylight Saving Time Shift,,,
Sun Apr 5 2026,All Day,All,High,OPEC-JMMC Meetings,,,
Sun Apr 5 2026,All Day,NZD,,Bank Holiday,,,
Sun Apr 5 2026,All Day,AUD,,Bank Holiday,,,
Sun Apr 5 2026,All Day,CNY,,Bank Holiday,,,
Mon Apr 6 2026,All Day,CHF,,Bank Holiday,,,
Mon Apr 6 2026,All Day,EUR,,French Bank Holiday,,,
Mon Apr 6 2026,All Day,EUR,,German Bank Holiday,,,
Mon Apr 6 2026,All Day,EUR,,Italian Bank Holiday,,,
Mon Apr 6 2026,7:00,EUR,Low,Spanish Unemployment Change,-22.9K,10.3K,3.6K
Mon Apr 6 2026,All Day,GBP,,Bank Holiday,,,
Mon Apr 6 2026,14:00,USD,High,ISM Services PMI,54.0,54.8,56.1
Mon Apr 6 2026,17:00,USD,High,President Trump Speaks,,,
Mon Apr 6 2026,23:30,JPY,Low,Household Spending y/y,-1.8%,-0.8%,-1.0%
Tue Apr 7 2026,1:00,AUD,Low,MI Inflation Gauge m/m,1.3%,,-0.2%
Tue Apr 7 2026,1:00,NZD,Low,ANZ Commodity Prices m/m,4.1%,,4.2%
Tue Apr 7 2026,1:30,AUD,Low,ANZ Job Advertisements m/m,-3.1%,,3.2%
Tue Apr 7 2026,1:30,AUD,Low,Household Spending m/m,0.3%,0.2%,0.3%
Tue Apr 7 2026,3:35,JPY,Low,30-y Bond Auction,3.70|3.1,,3.40|3.7
Tue Apr 7 2026,5:00,JPY,Low,Leading Indicators,112.4%,112.4%,112.1%
Tue Apr 7 2026,7:00,CHF,Low,Foreign Currency Reserves,721B,,710B
Tue Apr 7 2026,7:15,EUR,Low,Spanish Services PMI,53.3,50.7,51.9
Tue Apr 7 2026,7:45,EUR,Low,Italian Services PMI,48.8,51.0,52.3
Tue Apr 7 2026,7:50,EUR,Low,French Final Services PMI,48.8,48.3,48.3
Tue Apr 7 2026,7:55,EUR,Low,German Final Services PMI,50.9,51.2,51.2
Tue Apr 7 2026,8:00,EUR,Low,Final Services PMI,50.2,50.1,50.1
Tue Apr 7 2026,8:30,EUR,Low,Sentix Investor Confidence,-19.2,-7.8,-3.1
Tue Apr 7 2026,8:30,GBP,Low,Final Services PMI,50.5,51.1,51.2
Tue Apr 7 2026,Mar 14th,USD,Low,ADP Weekly Employment Change,15.3K,,10.0K
Tue Apr 7 2026,12:15,USD,Low,ADP Weekly Employment Change,26.0K,,15.3K
Tue Apr 7 2026,12:30,USD,Medium,Core Durable Goods Orders m/m,0.8%,0.5%,0.3%
Tue Apr 7 2026,12:30,USD,Medium,Durable Goods Orders m/m,-1.4%,-1.1%,-0.5%
Tue Apr 7 2026,14:00,CAD,Medium,Ivey PMI,49.7,55.9,56.6
Tue Apr 7 2026,14:01,USD,Low,RCM/TIPP Economic Optimism,42.8,48.1,47.5
Tue Apr 7 2026,14:35,NZD,Low,GDT Price Index,-3.4%,,0.1%
Tue Apr 7 2026,16:35,USD,Low,FOMC Member Goolsbee Speaks,,,
Tue Apr 7 2026,19:00,USD,Low,Consumer Credit m/m,9.5B,10.3B,7.7B
Tue Apr 7 2026,20:30,USD,Low,API Weekly Statistical Bulletin,,,
Tue Apr 7 2026,21:50,USD,Low,FOMC Member Jefferson Speaks,,,
Tue Apr 7 2026,23:30,JPY,Low,Average Cash Earnings y/y,3.3%,2.7%,2.5%
Tue Apr 7 2026,23:50,JPY,Low,Current Account,2.71T,2.40T,3.13T
Wed Apr 8 2026,2:00,NZD,High,Official Cash Rate,2.25%,2.25%,2.25%
Wed Apr 8 2026,2:00,NZD,High,RBNZ Rate Statement,,,
Wed Apr 8 2026,3:00,NZD,High,RBNZ Press Conference,,,
Wed Apr 8 2026,5:00,JPY,Low,Economy Watchers Sentiment,42.2,48.0,48.9
Wed Apr 8 2026,6:00,EUR,Low,German Factory Orders m/m,0.9%,3.0%,-11.1%
Wed Apr 8 2026,6:04,GBP,Low,Lloyds HPI m/m,-0.5%,0.2%,0.3%
Wed Apr 8 2026,6:45,EUR,Low,French Trade Balance,-5.8B,-2.4B,-2.0B
Wed Apr 8 2026,7:00,CHF,Low,Unemployment Rate,3.0%,3.0%,3.0%
Wed Apr 8 2026,8:30,GBP,Low,Construction PMI,45.6,43.6,44.5
Wed Apr 8 2026,8:30,GBP,Low,Housing Equity Withdrawal q/q,-13.8B,-9.6B,-11.2B
Wed Apr 8 2026,9:00,EUR,Low,PPI m/m,-0.7%,-0.6%,0.8%
Wed Apr 8 2026,9:00,EUR,Low,Retail Sales m/m,-0.2%,-0.2%,0.0%
Wed Apr 8 2026,9:32,EUR,Low,German 10-y Bond Auction,2.92|1.2,,2.89|1.2
Wed Apr 8 2026,14:30,USD,Low,Crude Oil Inventories,3.1M,-1.0M,5.5M
Wed Apr 8 2026,17:01,USD,Low,10-y Bond Auction,4.28|2.4,,4.22|2.4
Wed Apr 8 2026,17:05,USD,Low,FOMC Member Daly Speaks,,,
Wed Apr 8 2026,18:00,USD,High,FOMC Meeting Minutes,,,
Wed Apr 8 2026,23:01,GBP,Low,RICS House Price Balance,-23%,-18%,-14%
Thu Apr 9 2026,5:00,JPY,Low,Consumer Confidence,33.3,38.3,40.0
Thu Apr 9 2026,6:00,EUR,Low,German Industrial Production m/m,-0.3%,0.6%,0.0%
Thu Apr 9 2026,6:00,EUR,Low,German Trade Balance,19.8B,18.1B,21.4B
Thu Apr 9 2026,6:00,JPY,Low,Prelim Machine Tool Orders y/y,28.1%,,24.2%
Thu Apr 9 2026,8:00,CHF,Low,SNB Chairman Schlegel Speaks,,,
Thu Apr 9 2026,8:30,GBP,Low,BOE Credit Conditions Survey,,,
Thu Apr 9 2026,8:40,EUR,Low,Spanish 10-y Bond Auction,3.44|2.0,,3.48|2.3
Thu Apr 9 2026,12:30,USD,High,Core PCE Price Index m/m,0.4%,0.4%,0.4%
Thu Apr 9 2026,12:30,USD,High,Final GDP q/q,0.5%,0.7%,0.7%
Thu Apr 9 2026,12:30,USD,Medium,Unemployment Claims,219K,210K,203K
Thu Apr 9 2026,12:30,USD,Low,Personal Income m/m,-0.1%,0.3%,0.4%
Thu Apr 9 2026,12:30,USD,Low,Personal Spending m/m,0.5%,0.6%,0.3%
Thu Apr 9 2026,12:33,USD,Medium,Final GDP Price Index q/q,3.7%,3.8%,3.8%
Thu Apr 9 2026,14:00,USD,Low,Final Wholesale Inventories m/m,0.8%,-0.1%,-0.5%
Thu Apr 9 2026,14:30,USD,Low,Natural Gas Storage,50B,41B,36B
Thu Apr 9 2026,17:01,USD,Low,30-y Bond Auction,4.88|2.4,,4.87|2.5
Thu Apr 9 2026,22:30,NZD,Low,BusinessNZ Manufacturing Index,53.2,,54.8
Thu Apr 9 2026,23:50,JPY,Low,Bank Lending y/y,4.8%,4.4%,4.5%
Thu Apr 9 2026,23:50,JPY,Low,PPI y/y,2.6%,2.4%,2.1%
Fri Apr 10 2026,1:30,CNY,Medium,CPI y/y,1.0%,1.2%,1.3%
Fri Apr 10 2026,1:30,CNY,Medium,PPI y/y,0.5%,0.4%,-0.9%
Fri Apr 10 2026,6:00,EUR,Low,German Final CPI m/m,1.1%,1.1%,1.1%
Fri Apr 10 2026,7:00,CHF,Low,SECO Consumer Climate,-43,-32,-30
Fri Apr 10 2026,8:00,EUR,Low,Italian Industrial Production m/m,0.1%,0.5%,-0.6%
Fri Apr 10 2026,12:30,CAD,High,Employment Change,14.1K,14.5K,-83.9K
Fri Apr 10 2026,12:30,CAD,High,Unemployment Rate,6.7%,6.8%,6.7%
Fri Apr 10 2026,12:30,USD,High,Core CPI m/m,0.2%,0.3%,0.2%
Fri Apr 10 2026,12:30,USD,High,Core CPI y/y,2.6%,2.7%,2.5%
Fri Apr 10 2026,12:30,USD,High,CPI m/m,0.9%,1.0%,0.3%
Fri Apr 10 2026,12:30,USD,High,CPI y/y,3.3%,3.4%,2.4%
Fri Apr 10 2026,14:00,USD,Medium,Prelim UoM Consumer Sentiment,47.6,51.6,53.3
Fri Apr 10 2026,14:00,USD,Medium,Prelim UoM Inflation Expectations,4.8%,,3.8%
Fri Apr 10 2026,14:00,USD,Low,Factory Orders m/m,0.0%,-0.3%,0.0%
Fri Apr 10 2026,17:58,USD,Low,Federal Budget Balance,-164.1B,-157.8B,-307.5B
Sun Apr 12 2026,22:30,NZD,Low,BusinessNZ Services Index,46.0,,47.6
Sun Apr 12 2026,23:50,JPY,Low,M2 Money Stock y/y,2.0%,1.6%,1.7%
Mon Apr 13 2026,9:00,CNY,Low,M2 Money Supply y/y,8.5%,8.9%,9.0%
Mon Apr 13 2026,9:01,CNY,Low,New Loans,2990B,3465B,900B
Mon Apr 13 2026,12:30,CAD,Low,Building Permits m/m,-8.4%,-0.4%,3.5%
Mon Apr 13 2026,14:00,USD,Low,Existing Home Sales,3.98M,4.07M,4.13M
Mon Apr 13 2026,Day 1,All,Low,IMF Meetings,,,
Mon Apr 13 2026,22:15,AUD,Low,RBA Deputy Gov Hauser Speaks,,,
Mon Apr 13 2026,22:20,USD,Low,FOMC Member Miran Speaks,,,
Mon Apr 13 2026,22:45,NZD,Low,Visitor Arrivals m/m,1.7%,,1.1%
Mon Apr 13 2026,23:01,GBP,Low,BRC Retail Sales Monitor y/y,3.1%,0.9%,0.7%
Tue Apr 14 2026,0:30,AUD,Low,Westpac Consumer Sentiment,-12.5%,,1.2%
Tue Apr 14 2026,1:30,AUD,Low,NAB Business Confidence,-29,,0
Tue Apr 14 2026,2:56,CNY,Low,USD-Denominated Trade Balance,51.1B,107.2B,213.6B
Tue Apr 14 2026,2:57,CNY,Low,Trade Balance,355B,760B,1503B
Tue Apr 14 2026,4:30,JPY,Low,Revised Industrial Production m/m,-2.0%,-2.1%,-2.1%
Tue Apr 14 2026,6:00,EUR,Low,German WPI m/m,2.7%,0.4%,0.6%
Tue Apr 14 2026,8:50,GBP,Low,MPC Member Mann Speaks,,,
Tue Apr 14 2026,10:00,USD,Low,NFIB Small Business Index,95.8,97.8,98.8
Tue Apr 14 2026,12:15,USD,Low,ADP Weekly Employment Change,39.3K,,26.0K
Tue Apr 14 2026,12:30,USD,High,Core PPI m/m,0.1%,0.4%,0.3%
Tue Apr 14 2026,12:30,USD,High,PPI m/m,0.5%,1.1%,0.5%
Tue Apr 14 2026,13:30,GBP,Low,CB Leading Index m/m,-0.1%,,-0.1%
Tue Apr 14 2026,13:45,USD,Low,FOMC Member Goolsbee Speaks,,,
Tue Apr 14 2026,14:00,EUR,Medium,ECB President Lagarde Speaks,,,
Tue Apr 14 2026,14:00,GBP,Low,MPC Member Greene Speaks,,,
Tue Apr 14 2026,14:15,USD,Low,FOMC Member Goolsbee Speaks,,,
Tue Apr 14 2026,Day 2,All,Low,IMF Meetings,,,
Tue Apr 14 2026,16:05,GBP,Medium,BOE Gov Bailey Speaks,,,
Tue Apr 14 2026,16:10,USD,Low,FOMC Member Goolsbee Speaks,,,
Tue Apr 14 2026,16:45,USD,Low,FOMC Member Barr Speaks,,,
Tue Apr 14 2026,17:00,USD,Low,FOMC Member Barkin Speaks,,,
Tue Apr 14 2026,17:00,USD,Low,FOMC Member Collins Speaks,,,
Tue Apr 14 2026,17:00,USD,Low,FOMC Member Paulson Speaks,,,
Tue Apr 14 2026,20:10,GBP,Low,MPC Member Breeden Speaks,,,
Tue Apr 14 2026,20:30,USD,Low,API Weekly Statistical Bulletin,,,
Tue Apr 14 2026,21:00,EUR,Medium,ECB President Lagarde Speaks,,,
Tue Apr 14 2026,23:50,JPY,Low,Core Machinery Orders m/m,13.6%,-1.1%,-5.5%
Wed Apr 15 2026,6:45,EUR,Low,French Final CPI m/m,1.0%,0.9%,0.9%
Wed Apr 15 2026,9:00,EUR,Low,Industrial Production m/m,0.4%,0.3%,-0.8%
Wed Apr 15 2026,9:34,EUR,Low,German 30-y Bond Auction,3.58|1.4,,3.45|1.7
Wed Apr 15 2026,10:00,USD,Medium,President Trump Speaks,,,
Wed Apr 15 2026,12:30,CAD,Low,Manufacturing Sales m/m,3.6%,3.8%,-3.1%
Wed Apr 15 2026,12:30,CAD,Low,Wholesale Sales m/m,2.0%,2.3%,-1.1%
Wed Apr 15 2026,12:30,USD,Medium,Empire State Manufacturing Index,11.0,0.3,-0.2
Wed Apr 15 2026,12:30,USD,Low,FOMC Member Barr Speaks,,,
Wed Apr 15 2026,12:30,USD,Low,FOMC Member Hammack Speaks,,,
Wed Apr 15 2026,12:30,USD,Low,Import Prices m/m,0.8%,2.3%,0.9%
Wed Apr 15 2026,14:00,USD,Low,NAHB Housing Market Index,34,37,38
Wed Apr 15 2026,Day 3,All,Low,IMF Meetings,,,
Wed Apr 15 2026,14:30,AUD,Low,CB Leading Index m/m,1.1%,,0.1%
Wed Apr 15 2026,14:30,USD,Low,Crude Oil Inventories,-0.9M,2.1M,3.1M
Wed Apr 15 2026,15:50,GBP,Medium,BOE Gov Bailey Speaks,,,
Wed Apr 15 2026,17:00,CHF,Medium,SNB Chairman Schlegel Speaks,,,
Wed Apr 15 2026,17:00,NZD,Medium,RBNZ Gov Breman Speaks,,,
Wed Apr 15 2026,17:45,USD,Low,FOMC Member Bowman Speaks,,,
Wed Apr 15 2026,18:00,GBP,Medium,BOE Gov Bailey Speaks,,,
Wed Apr 15 2026,18:00,USD,Low,Beige Book,,,
Wed Apr 15 2026,19:30,EUR,Medium,ECB President Lagarde Speaks,,,
Wed Apr 15 2026,20:00,AUD,Low,RBA Deputy Gov Hauser Speaks,,,
Wed Apr 15 2026,20:04,USD,Low,TIC Long-Term Purchases,58.6B,36.6B,2.4B
Thu Apr 16 2026,1:00,AUD,Low,MI Inflation Expectations,5.9%,,5.2%
Thu Apr 16 2026,1:30,AUD,High,Employment Change,17.9K,19.1K,49.7K
Thu Apr 16 2026,1:30,AUD,High,Unemployment Rate,4.3%,4.3%,4.3%
Thu Apr 16 2026,1:30,CNY,Low,New Home Prices m/m,-0.21%,,-0.28%
Thu Apr 16 2026,2:00,CNY,Low,Fixed Asset Investment ytd/y,1.7%,1.9%,1.8%
Thu Apr 16 2026,2:00,CNY,Low,GDP q/y,5.0%,4.8%,4.5%
Thu Apr 16 2026,2:00,CNY,Low,Industrial Production y/y,5.7%,5.4%,6.3%
Thu Apr 16 2026,2:00,CNY,Low,NBS Press Conference,,,
Thu Apr 16 2026,2:00,CNY,Low,Retail Sales y/y,1.7%,2.4%,2.8%
Thu Apr 16 2026,2:00,CNY,Low,Unemployment Rate,5.4%,5.2%,5.3%
Thu Apr 16 2026,6:00,GBP,High,GDP m/m,0.5%,0.1%,0.1%
Thu Apr 16 2026,6:00,GBP,Low,Construction Output m/m,1.0%,-0.4%,0.5%
Thu Apr 16 2026,6:00,GBP,Low,Goods Trade Balance,-18.8B,-19.4B,-15.1B
Thu Apr 16 2026,6:00,GBP,Low,Index of Services 3m/3m,0.5%,0.3%,0.3%
Thu Apr 16 2026,6:00,GBP,Low,Industrial Production m/m,0.5%,0.3%,-0.1%
Thu Apr 16 2026,6:00,GBP,Low,Manufacturing Production m/m,-0.1%,0.3%,0.2%
Thu Apr 16 2026,6:30,CHF,Low,PPI m/m,0.2%,0.5%,-0.3%
Thu Apr 16 2026,7:30,CHF,Low,Summary of Monetary Policy Discussions,,,
Thu Apr 16 2026,9:00,EUR,Low,Final Core CPI y/y,2.3%,2.3%,2.3%
Thu Apr 16 2026,9:00,EUR,Low,Final CPI y/y,2.6%,2.5%,2.5%
Thu Apr 16 2026,11:30,EUR,Low,ECB Monetary Policy Meeting Accounts,,,
Thu Apr 16 2026,12:30,USD,Medium,Philly Fed Manufacturing Index,26.7,10.3,18.1
Thu Apr 16 2026,12:30,USD,Medium,Unemployment Claims,207K,213K,218K
Thu Apr 16 2026,12:35,USD,Low,FOMC Member Williams Speaks,,,
Thu Apr 16 2026,13:15,USD,Low,Capacity Utilization Rate,75.7%,76.3%,76.1%
Thu Apr 16 2026,13:15,USD,Low,Industrial Production m/m,-0.5%,0.1%,0.7%
Thu Apr 16 2026,Day 4,All,Low,IMF Meetings,,,
Thu Apr 16 2026,14:30,USD,Low,Natural Gas Storage,59B,55B,50B
Thu Apr 16 2026,14:35,USD,Low,FOMC Member Miran Speaks,,,
Thu Apr 16 2026,15:40,GBP,Low,MPC Member Taylor Speaks,,,
Thu Apr 16 2026,16:00,CHF,Low,Gov Board Member Tschudin Speaks,,,
Thu Apr 16 2026,16:45,EUR,Low,German Buba President Nagel Speaks,,,
Thu Apr 16 2026,18:30,AUD,Low,RBA Assist Gov Hunter Speaks,,,
Thu Apr 16 2026,19:00,GBP,Low,MPC Member Taylor Speaks,,,
Thu Apr 16 2026,22:45,NZD,Low,FPI m/m,-0.6%,,-0.1%
Thu Apr 16 2026,23:00,USD,Medium,President Trump Speaks,,,
Fri Apr 17 2026,8:00,EUR,Low,Current Account,24.9B,29.8B,40.4B
Fri Apr 17 2026,8:00,EUR,Low,Italian Trade Balance,4.94B,3.83B,1.13B
Fri Apr 17 2026,9:00,EUR,Low,Trade Balance,7.0B,11.7B,12.8B
Fri Apr 17 2026,12:00,GBP,Low,MPC Member Pill Speaks,,,
Fri Apr 17 2026,12:15,CAD,Low,Housing Starts,236K,258K,251K
Fri Apr 17 2026,12:30,CAD,Low,Foreign Securities Purchases,6.17B,23.81B,46.79B
Fri Apr 17 2026,Day 5,All,Low,IMF Meetings,,,
Fri Apr 17 2026,15:30,USD,Low,FOMC Member Daly Speaks,,,
Fri Apr 17 2026,16:15,USD,Low,FOMC Member Barkin Speaks,,,
Fri Apr 17 2026,18:00,USD,Medium,FOMC Member Waller Speaks,,,
Fri Apr 17 2026,21:00,USD,Medium,President Trump Speaks,,,
Sat Apr 18 2026,Day 6,All,Low,IMF Meetings,,,
Sun Apr 19 2026,22:45,NZD,Low,Trade Balance,698M,175M,-365M
Sun Apr 19 2026,23:01,GBP,Low,Rightmove HPI m/m,0.8%,,0.8%
Mon Apr 20 2026,1:00,CNY,Low,1-y Loan Prime Rate,3.00%,3.00%,3.00%
Mon Apr 20 2026,1:00,CNY,Low,5-y Loan Prime Rate,3.50%,3.50%,3.50%
Mon Apr 20 2026,4:30,JPY,Low,Tertiary Industry Activity m/m,-0.4%,-0.4%,2.0%
Mon Apr 20 2026,6:00,EUR,Low,German PPI m/m,2.5%,1.4%,-0.5%
Mon Apr 20 2026,12:30,CAD,High,CPI m/m,0.9%,1.1%,0.5%
Mon Apr 20 2026,12:30,CAD,High,Median CPI y/y,2.3%,2.4%,2.3%
Mon Apr 20 2026,12:30,CAD,High,Trimmed CPI y/y,2.2%,2.3%,2.3%
Mon Apr 20 2026,12:30,CAD,Medium,Common CPI y/y,2.6%,2.6%,2.4%
Mon Apr 20 2026,12:30,CAD,Low,Core CPI m/m,0.2%,,0.4%
Mon Apr 20 2026,15:30,CAD,Low,BOC Business Outlook Survey,,,
Mon Apr 20 2026,16:40,EUR,Medium,ECB President Lagarde Speaks,,,
Mon Apr 20 2026,22:00,NZD,Low,NZIER Business Confidence,-4,,48
Mon Apr 20 2026,22:45,NZD,High,CPI q/q,0.9%,0.8%,0.6%
Tue Apr 21 2026,6:00,GBP,High,Claimant Count Change,26.8K,22.6K,17.1K
Tue Apr 21 2026,6:00,GBP,Medium,Average Earnings Index 3m/y,3.8%,3.6%,4.1%
Tue Apr 21 2026,6:00,GBP,Low,Unemployment Rate,4.9%,5.2%,5.2%
Tue Apr 21 2026,6:30,EUR,Low,German Buba President Nagel Speaks,,,
Tue Apr 21 2026,9:00,EUR,Low,German ZEW Economic Sentiment,-17.2,-5.9,-0.5
Tue Apr 21 2026,9:00,EUR,Low,ZEW Economic Sentiment,-20.4,-12.7,-8.5
Tue Apr 21 2026,12:15,USD,Low,ADP Weekly Employment Change,54.8K,,40.3K
Tue Apr 21 2026,12:30,USD,High,Core Retail Sales m/m,1.9%,1.4%,0.7%
Tue Apr 21 2026,12:30,USD,High,Retail Sales m/m,1.7%,1.4%,0.7%
Tue Apr 21 2026,12:30,USD,Medium,President Trump Speaks,,,
Tue Apr 21 2026,14:00,USD,High,Fed Chairman Warsh Testifies,,,
Tue Apr 21 2026,14:00,USD,Medium,Pending Home Sales m/m,1.5%,0.0%,2.5%
Tue Apr 21 2026,14:00,USD,Low,Business Inventories m/m,0.4%,0.4%,0.0%
Tue Apr 21 2026,15:28,NZD,Low,GDT Price Index,-2.7%,,-3.4%
Tue Apr 21 2026,16:15,CHF,Low,Gov Board Member Tschudin Speaks,,,
Tue Apr 21 2026,18:30,USD,Low,FOMC Member Waller Speaks,,,
Tue Apr 21 2026,20:30,USD,Low,API Weekly Statistical Bulletin,,,
Tue Apr 21 2026,23:50,JPY,Low,Trade Balance,0.09T,0.23T,-0.37T
Wed Apr 22 2026,0:30,AUD,Low,MI Leading Index m/m,-0.1%,,-0.1%
Wed Apr 22 2026,5:45,AUD,Low,RBA Assist Gov Hunter Speaks,,,
Wed Apr 22 2026,6:00,GBP,High,CPI y/y,3.3%,3.3%,3.0%
Wed Apr 22 2026,6:00,GBP,Low,Core CPI y/y,3.1%,3.2%,3.2%
Wed Apr 22 2026,6:00,GBP,Low,PPI Input m/m,4.4%,2.9%,0.9%
Wed Apr 22 2026,6:00,GBP,Low,PPI Output m/m,0.9%,1.0%,-0.5%
Wed Apr 22 2026,6:00,GBP,Low,RPI y/y,4.1%,3.9%,3.6%
Wed Apr 22 2026,8:05,GBP,Low,MPC Member Breeden Speaks,,,
Wed Apr 22 2026,8:30,GBP,Low,HPI y/y,1.2%,0.9%,1.0%
Wed Apr 22 2026,10:00,EUR,Low,German Buba Monthly Report,,,
Wed Apr 22 2026,12:30,CAD,Low,NHPI m/m,-0.2%,0.2%,0.3%
Wed Apr 22 2026,14:00,EUR,Low,Consumer Confidence,-21,-18,-16
Wed Apr 22 2026,14:30,USD,Low,Crude Oil Inventories,1.9M,-1.9M,-0.9M
Wed Apr 22 2026,17:00,EUR,Low,German Buba President Nagel Speaks,,,
Wed Apr 22 2026,17:30,EUR,Medium,ECB President Lagarde Speaks,,,
Wed Apr 22 2026,23:00,AUD,Low,Flash Manufacturing PMI,51.0,,49.8
Wed Apr 22 2026,23:00,AUD,Low,Flash Services PMI,50.3,,46.3
Thu Apr 23 2026,0:30,JPY,Low,Flash Manufacturing PMI,54.9,51.1,51.6
Thu Apr 23 2026,3:00,NZD,Low,Credit Card Spending y/y,2.1%,,1.1%
Thu Apr 23 2026,6:00,GBP,Low,Public Sector Net Borrowing,12.6B,10.4B,12.8B
Thu Apr 23 2026,7:15,EUR,Medium,French Flash Manufacturing PMI,52.8,49.5,50.0
Thu Apr 23 2026,7:15,EUR,Medium,French Flash Services PMI,46.5,48.5,48.8
Thu Apr 23 2026,7:30,EUR,High,German Flash Manufacturing PMI,51.2,51.4,52.2
Thu Apr 23 2026,7:30,EUR,High,German Flash Services PMI,46.9,50.4,50.9
Thu Apr 23 2026,8:00,EUR,Low,Flash Manufacturing PMI,52.2,50.9,51.6
Thu Apr 23 2026,8:00,EUR,Low,Flash Services PMI,47.4,49.8,50.2
Thu Apr 23 2026,8:30,GBP,High,Flash Manufacturing PMI,53.6,50.3,51.0
Thu Apr 23 2026,8:30,GBP,High,Flash Services PMI,52.0,50.0,50.5
Thu Apr 23 2026,10:00,GBP,Low,CBI Industrial Order Expectations,-38,-34,-27
Thu Apr 23 2026,12:30,CAD,Low,IPPI m/m,2.4%,1.6%,0.6%
Thu Apr 23 2026,12:30,CAD,Low,RMPI m/m,12.0%,9.3%,0.9%
Thu Apr 23 2026,12:30,USD,Medium,Unemployment Claims,214K,211K,208K
Thu Apr 23 2026,13:21,GBP,Low,GfK Consumer Confidence,-25,-24,-21
Thu Apr 23 2026,13:45,USD,Medium,Flash Manufacturing PMI,54.0,52.5,52.3
Thu Apr 23 2026,13:45,USD,Medium,Flash Services PMI,51.3,50.5,49.8
Thu Apr 23 2026,14:30,USD,Low,Natural Gas Storage,103B,96B,59B
Thu Apr 23 2026,15:00,EUR,Low,German Buba President Nagel Speaks,,,
Thu Apr 23 2026,23:30,JPY,Low,National Core CPI y/y,1.8%,1.7%,1.6%
Thu Apr 23 2026,23:50,JPY,Low,SPPI y/y,3.1%,3.0%,2.7%
Fri Apr 24 2026,6:00,GBP,High,Retail Sales m/m,0.7%,0.0%,-0.6%
Fri Apr 24 2026,8:00,CHF,Medium,SNB Chairman Schlegel Speaks,,,
Fri Apr 24 2026,8:00,EUR,Low,German ifo Business Climate,84.4,85.7,86.3
Fri Apr 24 2026,9:01,CNY,Low,Foreign Direct Investment ytd/y,-7.3%,,-5.7%
Fri Apr 24 2026,12:30,CAD,Medium,Core Retail Sales m/m,0.5%,0.8%,1.0%
Fri Apr 24 2026,12:30,CAD,Medium,Retail Sales m/m,0.7%,0.9%,1.2%
Fri Apr 24 2026,12:32,EUR,Low,Belgian NBB Business Climate,-14.2,-14.8,-13.7
Fri Apr 24 2026,14:00,USD,Medium,Revised UoM Consumer Sentiment,49.8,48.5,47.6
Fri Apr 24 2026,14:00,USD,Low,Revised UoM Inflation Expectations,4.7%,,4.8%
Sat Apr 25 2026,16:00,USD,Medium,President Trump Speaks,,,
Sun Apr 26 2026,2:45,USD,Medium,President Trump Speaks,,,
Sun Apr 26 2026,All Day,NZD,,Bank Holiday,,,
Sun Apr 26 2026,All Day,AUD,,Bank Holiday,,,
Sun Apr 26 2026,23:00,USD,Medium,President Trump Speaks,,,
Mon Apr 27 2026,6:00,EUR,Low,German GfK Consumer Climate,-33.3,-30.2,-28.1
Mon Apr 27 2026,10:00,GBP,Low,CBI Realized Sales,-68,-42,-52
Mon Apr 27 2026,13:00,CNY,Low,CB Leading Index m/m,-0.2%,,-0.2%
Mon Apr 27 2026,23:01,GBP,Low,BRC Shop Price Index y/y,1.0%,1.4%,1.2%
Mon Apr 27 2026,23:30,JPY,Low,Unemployment Rate,2.7%,2.6%,2.6%
Tue Apr 28 2026,3:04,JPY,High,BOJ Outlook Report,,,
Tue Apr 28 2026,3:04,JPY,High,BOJ Policy Rate,<0.75%,<0.75%,<0.75%
Tue Apr 28 2026,3:04,JPY,High,Monetary Policy Statement,,,
Tue Apr 28 2026,5:00,JPY,Low,BOJ Core CPI y/y,1.7%,1.9%,1.7%
Tue Apr 28 2026,6:30,JPY,High,BOJ Press Conference,,,
Tue Apr 28 2026,7:00,EUR,Low,Spanish Unemployment Rate,10.8%,9.8%,9.9%
Tue Apr 28 2026,12:15,USD,Low,ADP Weekly Employment Change,39.3K,,40.3K
Tue Apr 28 2026,13:00,USD,Low,HPI m/m,0.0%,0.1%,0.2%
Tue Apr 28 2026,13:00,USD,Low,S&P/CS Composite-20 HPI y/y,0.9%,1.1%,1.2%
Tue Apr 28 2026,14:00,USD,Medium,CB Consumer Confidence,92.8,89.0,92.2
Tue Apr 28 2026,14:00,USD,Low,Richmond Manufacturing Index,3,2,0
Tue Apr 28 2026,20:30,USD,Low,API Weekly Statistical Bulletin,,,
Tue Apr 28 2026,All Day,JPY,,Bank Holiday,,,
Wed Apr 29 2026,0:30,NZD,Medium,RBNZ Gov Breman Speaks,,,
Wed Apr 29 2026,1:30,AUD,High,CPI m/m,1.1%,1.3%,0.0%
Wed Apr 29 2026,1:30,AUD,High,CPI y/y,4.6%,4.8%,3.7%
Wed Apr 29 2026,1:30,AUD,High,Trimmed Mean CPI m/m,0.3%,0.3%,0.2%
Wed Apr 29 2026,All Day,EUR,Medium,German Prelim CPI m/m,0.6%,0.7%,1.1%
Wed Apr 29 2026,7:00,EUR,Low,Spanish Flash CPI y/y,3.2%,3.5%,3.3%
Wed Apr 29 2026,8:00,CHF,Low,UBS Economic Expectations,-30.3,,-35.0
Wed Apr 29 2026,8:00,EUR,Low,M3 Money Supply y/y,3.2%,3.1%,3.0%
Wed Apr 29 2026,8:00,EUR,Low,Private Loans y/y,3.0%,3.1%,3.0%
Wed Apr 29 2026,9:17,EUR,Low,Italian 10-y Bond Auction,3.77|1.7,,4.09|1.7
Wed Apr 29 2026,9:32,EUR,Low,German 10-y Bond Auction,3.08|1.5,,2.92|1.2
Wed Apr 29 2026,Feb Data,USD,Low,Building Permits,1.54M,,1.39M
Wed Apr 29 2026,Feb Data,USD,Low,Housing Starts,1.36M,,1.40M
Wed Apr 29 2026,12:30,USD,Low,Building Permits,1.37M,1.39M,1.54M
Wed Apr 29 2026,12:30,USD,Low,Core Durable Goods Orders m/m,0.9%,0.4%,0.9%
Wed Apr 29 2026,12:30,USD,Low,Durable Goods Orders m/m,0.8%,0.4%,-1.3%
Wed Apr 29 2026,12:30,USD,Low,Goods Trade Balance,-87.9B,-87.5B,-83.5B
Wed Apr 29 2026,12:30,USD,Low,Housing Starts,1.50M,1.38M,1.36M
Wed Apr 29 2026,12:30,USD,Low,Prelim Wholesale Inventories m/m,1.4%,0.4%,0.9%
Wed Apr 29 2026,13:45,CAD,High,BOC Monetary Policy Report,,,
Wed Apr 29 2026,13:45,CAD,High,BOC Rate Statement,,,
Wed Apr 29 2026,13:45,CAD,High,Overnight Rate,2.25%,2.25%,2.25%
Wed Apr 29 2026,14:30,CAD,High,BOC Press Conference,,,
Wed Apr 29 2026,14:30,USD,Low,Crude Oil Inventories,-6.2M,0.3M,1.9M
Wed Apr 29 2026,18:00,USD,High,Federal Funds Rate,3.75%,3.75%,3.75%
Wed Apr 29 2026,18:00,USD,High,FOMC Statement,,,
Wed Apr 29 2026,18:30,USD,High,FOMC Press Conference,,,
Wed Apr 29 2026,23:50,JPY,Low,Prelim Industrial Production m/m,-0.5%,1.0%,-2.0%
Wed Apr 29 2026,23:50,JPY,Low,Retail Sales y/y,1.7%,0.9%,-0.1%
Thu Apr 30 2026,1:00,NZD,Low,ANZ Business Confidence,-10.6,,32.5
Thu Apr 30 2026,1:30,AUD,Low,Import Prices q/q,0.1%,0.4%,0.9%
Thu Apr 30 2026,1:30,AUD,Low,Private Sector Credit m/m,0.7%,0.6%,0.6%
Thu Apr 30 2026,1:30,CNY,Low,Manufacturing PMI,50.3,50.1,50.4
Thu Apr 30 2026,1:30,CNY,Low,Non-Manufacturing PMI,49.4,49.9,50.1
Thu Apr 30 2026,1:45,CNY,Low,RatingDog Manufacturing PMI,52.2,50.9,50.8
Thu Apr 30 2026,5:00,JPY,Low,Consumer Confidence,32.2,32.8,33.3
Thu Apr 30 2026,5:00,JPY,Low,Housing Starts y/y,-29.3%,-28.7%,-4.9%
Thu Apr 30 2026,5:30,EUR,Low,French Consumer Spending m/m,0.7%,0.7%,-1.4%
Thu Apr 30 2026,5:30,EUR,Low,French Flash GDP q/q,0.0%,0.2%,0.2%
Thu Apr 30 2026,6:00,EUR,Low,German Import Prices m/m,3.6%,3.6%,0.3%
Thu Apr 30 2026,6:00,EUR,Low,German Retail Sales m/m,-2.0%,-0.3%,-0.3%
Thu Apr 30 2026,6:45,EUR,Low,French Prelim CPI m/m,1.0%,0.9%,1.0%
Thu Apr 30 2026,6:45,EUR,Low,French Prelim Private Payrolls q/q,-0.1%,-0.1%,-0.1%
Thu Apr 30 2026,7:00,CHF,Low,KOF Economic Barometer,97.9,95.8,95.6
Thu Apr 30 2026,7:00,EUR,Low,Spanish Flash GDP q/q,0.6%,0.5%,0.8%
Thu Apr 30 2026,7:55,EUR,Low,German Unemployment Change,20K,4K,3K
Thu Apr 30 2026,8:00,EUR,Medium,German Prelim GDP q/q,0.3%,0.1%,0.3%
Thu Apr 30 2026,8:00,EUR,Low,Italian Prelim GDP q/q,0.2%,0.1%,0.3%
Thu Apr 30 2026,8:30,EUR,Low,Italian Monthly Unemployment Rate,5.2%,5.3%,5.4%
Thu Apr 30 2026,9:00,EUR,Medium,Core CPI Flash Estimate y/y,2.2%,2.2%,2.3%
Thu Apr 30 2026,9:00,EUR,Medium,CPI Flash Estimate y/y,3.0%,3.0%,2.6%
Thu Apr 30 2026,9:00,EUR,Low,Italian Prelim CPI m/m,1.2%,0.9%,0.5%
Thu Apr 30 2026,9:00,EUR,Low,Prelim Flash GDP q/q,0.1%,0.2%,0.2%
Thu Apr 30 2026,9:00,EUR,Low,Unemployment Rate,6.2%,6.2%,6.3%
Thu Apr 30 2026,11:00,GBP,High,BOE Monetary Policy Report,,,
Thu Apr 30 2026,11:00,GBP,High,Monetary Policy Summary,,,
Thu Apr 30 2026,11:00,GBP,High,MPC Official Bank Rate Votes,1-0-8,1-0-8,0-0-9
Thu Apr 30 2026,11:00,GBP,High,Official Bank Rate,3.75%,3.75%,3.75%
Thu Apr 30 2026,11:00,GBP,Low,BOE Inflation Letter,,,
Thu Apr 30 2026,11:30,GBP,High,BOE Gov Bailey Speaks,,,
Thu Apr 30 2026,12:15,EUR,High,Main Refinancing Rate,2.15%,2.15%,2.15%
Thu Apr 30 2026,12:15,EUR,High,Monetary Policy Statement,,,
Thu Apr 30 2026,12:30,CAD,High,GDP m/m,0.2%,0.2%,0.1%
Thu Apr 30 2026,12:30,USD,High,Advance GDP q/q,2.0%,2.2%,0.5%
Thu Apr 30 2026,12:30,USD,High,Core PCE Price Index m/m,0.3%,0.3%,0.4%
Thu Apr 30 2026,12:30,USD,High,Employment Cost Index q/q,0.9%,0.8%,0.7%
Thu Apr 30 2026,12:30,USD,Medium,Advance GDP Price Index q/q,3.6%,3.8%,3.7%
Thu Apr 30 2026,12:30,USD,Medium,Unemployment Claims,189K,213K,215K
Thu Apr 30 2026,12:30,USD,Low,Personal Income m/m,0.6%,0.3%,0.0%
Thu Apr 30 2026,12:30,USD,Low,Personal Spending m/m,0.9%,0.9%,0.6%
Thu Apr 30 2026,12:45,EUR,High,ECB Press Conference,,,
Thu Apr 30 2026,13:45,USD,Low,Chicago PMI,49.2,54.8,52.8
Thu Apr 30 2026,Feb Data,USD,Low,CB Leading Index m/m,0.3%,,-0.1%
Thu Apr 30 2026,14:00,USD,Low,CB Leading Index m/m,-0.6%,-0.2%,0.3%
Thu Apr 30 2026,14:30,USD,Low,Natural Gas Storage,79B,83B,103B
Thu Apr 30 2026,22:45,NZD,Low,Building Consents m/m,-1.3%,,2.8%
Thu Apr 30 2026,All Day,CNY,,Bank Holiday,,,
Thu Apr 30 2026,23:30,JPY,Medium,Tokyo Core CPI y/y,1.5%,1.8%,1.7%
Fri May 1 2026,0:30,JPY,Low,Final Manufacturing PMI,55.1,54.9,54.9
Fri May 1 2026,1:30,AUD,Low,PPI q/q,0.4%,0.9%,0.8%
Fri May 1 2026,All Day,CHF,,Bank Holiday,,,
Fri May 1 2026,6:00,GBP,Low,Nationwide HPI m/m,0.4%,-0.3%,0.9%
Fri May 1 2026,All Day,EUR,,French Bank Holiday,,,
Fri May 1 2026,All Day,EUR,,German Bank Holiday,,,
Fri May 1 2026,All Day,EUR,,Italian Bank Holiday,,,
Fri May 1 2026,6:30,AUD,Low,Commodity Prices y/y,15.7%,,12.6%
Fri May 1 2026,6:30,CHF,Low,Retail Sales y/y,0.5%,0.6%,0.4%
Fri May 1 2026,8:30,GBP,Low,Final Manufacturing PMI,53.7,53.3,53.6
Fri May 1 2026,8:30,GBP,Low,M4 Money Supply m/m,0.8%,0.5%,0.7%
Fri May 1 2026,8:30,GBP,Low,Mortgage Approvals,64K,60K,63K
Fri May 1 2026,8:30,GBP,Low,Net Lending to Individuals m/m,8.0B,5.9B,7.2B
Fri May 1 2026,11:15,GBP,Low,MPC Member Pill Speaks,,,
Fri May 1 2026,13:30,CAD,Low,Manufacturing PMI,53.3,,50.0
Fri May 1 2026,13:45,USD,Low,Final Manufacturing PMI,54.5,54.0,54.0
Fri May 1 2026,14:00,USD,Medium,ISM Manufacturing PMI,52.7,53.1,52.7
Fri May 1 2026,14:00,USD,Medium,ISM Manufacturing Prices,84.6,80.0,78.3
Fri May 1 2026,All Day,USD,Low,Omdia Total Vehicle Sales,15.9M,16.0M,16.3M
Fri May 1 2026,19:00,USD,Medium,President Trump Speaks,,,
Sun May 3 2026,All Day,JPY,,Bank Holiday,,,
Sun May 3 2026,All Day,CNY,,Bank Holiday,,,
Mon May 4 2026,1:00,AUD,Low,MI Inflation Gauge m/m,0.6%,,1.3%
Mon May 4 2026,1:30,AUD,Low,ANZ Job Advertisements m/m,-0.8%,,-3.2%
Mon May 4 2026,1:30,AUD,Low,Building Approvals m/m,-10.5%,-10.2%,31.0%
Mon May 4 2026,All Day,GBP,,Bank Holiday,,,
Mon May 4 2026,7:15,EUR,Low,Spanish Manufacturing PMI,51.7,49.5,48.7
Mon May 4 2026,7:30,CHF,Low,Manufacturing PMI,54.5,52.0,53.3
Mon May 4 2026,7:45,EUR,Low,Italian Manufacturing PMI,52.1,51.6,51.3
Mon May 4 2026,7:50,EUR,Low,French Final Manufacturing PMI,52.8,52.8,52.8
Mon May 4 2026,7:55,EUR,Low,German Final Manufacturing PMI,51.4,51.2,51.2
Mon May 4 2026,8:00,EUR,Low,Final Manufacturing PMI,52.2,52.2,52.2
Mon May 4 2026,8:30,EUR,Low,Sentix Investor Confidence,-16.4,-20.9,-19.2
Mon May 4 2026,All Day,EUR,Low,Eurogroup Meetings,,,
Mon May 4 2026,14:00,USD,Low,Factory Orders m/m,1.5%,0.5%,0.3%
Mon May 4 2026,16:50,USD,Low,FOMC Member Williams Speaks,,,
Mon May 4 2026,17:05,EUR,Low,German Buba President Nagel Speaks,,,
Mon May 4 2026,18:00,USD,Low,Loan Officer Survey,,,
Mon May 4 2026,19:30,CAD,Medium,BOC Gov Macklem Speaks,,,
Mon May 4 2026,All Day,JPY,,Bank Holiday,,,
Mon May 4 2026,All Day,CNY,,Bank Holiday,,,
Tue May 5 2026,1:00,NZD,Low,ANZ Commodity Prices m/m,-0.8%,,4.2%
Tue May 5 2026,1:30,AUD,Low,Household Spending m/m,1.6%,1.8%,0.3%
Tue May 5 2026,4:30,AUD,High,Cash Rate,4.35%,4.35%,4.10%
Tue May 5 2026,4:30,AUD,High,RBA Monetary Policy Statement,,,
Tue May 5 2026,4:30,AUD,High,RBA Rate Statement,,,
Tue May 5 2026,5:30,AUD,High,RBA Press Conference,,,
Tue May 5 2026,6:30,CHF,Medium,CPI m/m,0.3%,0.3%,0.2%
Tue May 5 2026,7:00,EUR,Low,Spanish Unemployment Change,-62.7K,-18.6K,-22.9K
Tue May 5 2026,All Day,EUR,Low,ECOFIN Meetings,,,
Tue May 5 2026,12:30,CAD,Low,Trade Balance,1.8B,-2.4B,-5.1B
Tue May 5 2026,12:30,EUR,Medium,ECB President Lagarde Speaks,,,
Tue May 5 2026,12:30,USD,Low,Trade Balance,-60.3B,-61.0B,-57.8B
Tue May 5 2026,13:31,EUR,Low,French Gov Budget Balance,-42.9B,,-32.1B
Tue May 5 2026,13:45,USD,Low,Final Services PMI,51.0,51.3,51.3
Tue May 5 2026,Feb Data,USD,Medium,New Home Sales,635K,,583K
Tue May 5 2026,14:00,USD,High,ISM Services PMI,53.6,53.7,54.0
Tue May 5 2026,14:00,USD,High,JOLTS Job Openings,6.87M,6.86M,6.92M
Tue May 5 2026,14:00,USD,Medium,New Home Sales,682K,652K,635K
Tue May 5 2026,14:00,USD,Low,FOMC Member Bowman Speaks,,,
Tue May 5 2026,14:03,USD,Low,RCM/TIPP Economic Optimism,42.6,42.0,42.8
Tue May 5 2026,15:37,NZD,Low,GDT Price Index,1.5%,,-2.7%
Tue May 5 2026,16:30,USD,Low,FOMC Member Barr Speaks,,,
Tue May 5 2026,20:30,USD,Low,API Weekly Statistical Bulletin,,,
Tue May 5 2026,21:00,NZD,Low,RBNZ Financial Stability Report,,,
Tue May 5 2026,22:45,NZD,High,Employment Change q/q,0.2%,0.3%,0.5%
Tue May 5 2026,22:45,NZD,High,Unemployment Rate,5.3%,5.4%,5.4%
Tue May 5 2026,22:45,NZD,Low,Labor Cost Index q/q,0.5%,0.4%,0.4%
Tue May 5 2026,All Day,JPY,,Bank Holiday,,,
Wed May 6 2026,1:00,NZD,Medium,RBNZ Gov Breman Speaks,,,
Wed May 6 2026,1:45,CNY,Low,RatingDog Services PMI,52.6,52.0,52.1
Wed May 6 2026,6:45,EUR,Low,French Industrial Production m/m,1.0%,0.5%,-0.9%
Wed May 6 2026,7:15,EUR,Low,Spanish Services PMI,47.9,51.9,53.3
Wed May 6 2026,7:45,EUR,Low,Italian Services PMI,49.8,47.9,48.8
Wed May 6 2026,7:50,EUR,Low,French Final Services PMI,46.5,46.5,46.5
Wed May 6 2026,7:55,EUR,Low,German Final Services PMI,46.9,46.9,46.9
Wed May 6 2026,8:00,EUR,Low,Final Services PMI,47.6,47.4,47.4
Wed May 6 2026,8:00,EUR,Low,Italian Retail Sales m/m,0.8%,-0.4%,-0.1%
Wed May 6 2026,8:30,GBP,Low,Final Services PMI,52.7,51.9,52.0
Wed May 6 2026,9:00,EUR,Low,PPI m/m,3.4%,3.3%,-0.6%
Wed May 6 2026,12:15,USD,Medium,ADP Non-Farm Employment Change,109K,118K,61K
Wed May 6 2026,13:30,USD,Low,FOMC Member Musalem Speaks,,,
Wed May 6 2026,14:00,CAD,Medium,Ivey PMI,57.7,49.9,49.7
Wed May 6 2026,14:30,USD,Low,Crude Oil Inventories,-2.3M,-3.4M,-6.2M
Wed May 6 2026,17:00,USD,Low,FOMC Member Goolsbee Speaks,,,
Wed May 6 2026,20:15,CAD,Medium,BOC Gov Macklem Speaks,,,
Wed May 6 2026,21:10,NZD,Medium,RBNZ Gov Breman Speaks,,,
Wed May 6 2026,23:50,JPY,Low,Monetary Base y/y,-11.3%,-10.5%,-11.6%
Wed May 6 2026,23:50,JPY,Low,Monetary Policy Meeting Minutes,,,
Thu May 7 2026,1:30,AUD,Low,Goods Trade Balance,-1.84B,4.38B,5.03B
Thu May 7 2026,6:00,EUR,Low,German Factory Orders m/m,5.0%,1.0%,1.4%
Thu May 7 2026,6:45,EUR,Low,French Trade Balance,-6.9B,-6.7B,-5.5B
Thu May 7 2026,7:00,CHF,Low,Foreign Currency Reserves,716B,,721B
Thu May 7 2026,7:00,CHF,Low,Unemployment Rate,3.0%,3.0%,3.0%
Thu May 7 2026,8:00,GBP,Low,MPC Member Lombardelli Speaks,,,
Thu May 7 2026,8:30,GBP,Low,Construction PMI,39.7,45.8,45.6
Thu May 7 2026,8:46,EUR,Low,Spanish 10-y Bond Auction,3.39|2.1,,3.44|2.0
Thu May 7 2026,8:57,EUR,Low,French 10-y Bond Auction,3.61|2.0,,3.73|1.9
Thu May 7 2026,9:00,EUR,Low,Retail Sales m/m,-0.1%,-0.3%,-0.3%
Thu May 7 2026,9:30,USD,Low,Challenger Job Cuts y/y,-20.9%,,-78.0%
Thu May 7 2026,12:30,USD,Medium,Unemployment Claims,200K,205K,190K
Thu May 7 2026,12:30,USD,Low,Prelim Nonfarm Productivity q/q,0.8%,0.7%,1.8%
Thu May 7 2026,12:30,USD,Low,Prelim Unit Labor Costs q/q,2.3%,2.6%,4.4%
Thu May 7 2026,12:40,GBP,Low,MPC Member Taylor Speaks,,,
Thu May 7 2026,Feb Data,USD,Low,Construction Spending m/m,-0.2%,,-1.9%
Thu May 7 2026,14:00,USD,Low,Construction Spending m/m,0.6%,0.3%,-0.2%
Thu May 7 2026,14:30,USD,Low,Natural Gas Storage,63B,72B,79B
Thu May 7 2026,17:00,USD,Low,FOMC Member Kashkari Speaks,,,
Thu May 7 2026,18:05,USD,Low,FOMC Member Hammack Speaks,,,
Thu May 7 2026,19:00,USD,Low,Consumer Credit m/m,24.9B,12.5B,8.8B
Thu May 7 2026,19:30,USD,Low,FOMC Member Williams Speaks,,,
Thu May 7 2026,23:30,JPY,Low,Average Cash Earnings y/y,2.7%,3.2%,3.4%
Fri May 8 2026,6:00,EUR,Low,German Industrial Production m/m,-0.7%,0.4%,-0.5%
Fri May 8 2026,6:00,EUR,Low,German Trade Balance,14.3B,17.8B,19.6B
Fri May 8 2026,6:00,GBP,Low,Lloyds HPI m/m,-0.1%,0.0%,-0.5%
Fri May 8 2026,All Day,EUR,,French Bank Holiday,,,
Fri May 8 2026,7:00,CHF,Low,SECO Consumer Climate,-40,-46,-43
Fri May 8 2026,7:00,EUR,Medium,ECB President Lagarde Speaks,,,
Fri May 8 2026,9:45,USD,Low,FOMC Member Cook Speaks,,,
Fri May 8 2026,12:20,GBP,High,BOE Gov Bailey Speaks,,,
Fri May 8 2026,12:30,CAD,High,Employment Change,-17.7K,12.9K,14.1K
Fri May 8 2026,12:30,CAD,High,Unemployment Rate,6.9%,6.7%,6.7%
Fri May 8 2026,12:30,USD,High,Average Hourly Earnings m/m,0.2%,0.3%,0.2%
Fri May 8 2026,12:30,USD,High,Non-Farm Employment Change,115K,65K,185K
Fri May 8 2026,12:30,USD,High,Unemployment Rate,4.3%,4.3%,4.3%
Fri May 8 2026,14:00,USD,Medium,Prelim UoM Consumer Sentiment,48.2,49.7,49.8
Fri May 8 2026,14:00,USD,Medium,Prelim UoM Inflation Expectations,4.5%,,4.7%
Fri May 8 2026,14:00,USD,Low,Final Wholesale Inventories m/m,1.3%,1.4%,1.4%
Fri May 8 2026,15:05,USD,Low,FOMC Member Goolsbee Speaks,,,
Fri May 8 2026,16:00,USD,Medium,President Trump Speaks,,,
Fri May 8 2026,16:15,EUR,Low,German Buba President Nagel Speaks,,,
Fri May 8 2026,18:20,USD,Low,FOMC Member Goolsbee Speaks,,,
Fri May 8 2026,20:00,USD,Low,FOMC Financial Stability Report,,,
Fri May 8 2026,23:30,USD,Low,FOMC Member Bowman Speaks,,,
Fri May 8 2026,23:30,USD,Low,FOMC Member Daly Speaks,,,
Fri May 8 2026,23:30,USD,Low,FOMC Member Goolsbee Speaks,,,
Fri May 8 2026,23:30,USD,Low,FOMC Member Waller Speaks,,,
Sat May 9 2026,2:42,CNY,Low,USD-Denominated Trade Balance,84.8B,83.1B,51.1B
Sat May 9 2026,2:43,CNY,Low,Trade Balance,586B,575B,355B
Mon May 11 2026,1:30,CNY,Medium,CPI y/y,1.2%,0.9%,1.0%
Mon May 11 2026,1:30,CNY,Medium,PPI y/y,2.8%,1.7%,0.5%
Mon May 11 2026,13:45,USD,Low,Cleveland Fed Inflation Expectations,3.7%,,3.1%
Mon May 11 2026,14:00,USD,Low,Existing Home Sales,4.02M,4.05M,4.01M
Mon May 11 2026,23:01,GBP,Low,BRC Retail Sales Monitor y/y,-3.4%,0.7%,3.1%
Mon May 11 2026,23:30,JPY,Low,Household Spending y/y,-2.9%,-1.4%,-1.8%
Mon May 11 2026,23:50,JPY,Low,BOJ Summary of Opinions,,,
Tue May 12 2026,1:30,AUD,Low,NAB Business Confidence,-24,,-29
Tue May 12 2026,3:35,JPY,Low,10-y Bond Auction,2.54|3.9,,2.35|2.6
Tue May 12 2026,5:00,JPY,Low,Leading Indicators,114.5%,114.4%,113.3%
Tue May 12 2026,6:00,EUR,Low,German Final CPI m/m,0.6%,0.6%,0.6%
Tue May 12 2026,6:30,CHF,Low,PPI m/m,0.8%,0.4%,0.2%
Tue May 12 2026,7:15,EUR,Low,German Buba President Nagel Speaks,,,
Tue May 12 2026,7:15,USD,Low,FOMC Member Williams Speaks,,,
Tue May 12 2026,8:00,EUR,Low,Italian Industrial Production m/m,0.7%,0.2%,0.2%
Tue May 12 2026,9:00,EUR,Low,German ZEW Economic Sentiment,-10.2,-19.2,-17.2
Tue May 12 2026,9:00,EUR,Low,ZEW Economic Sentiment,-9.1,-21.6,-20.4
Tue May 12 2026,9:30,AUD,Low,Annual Budget Release,,,
Tue May 12 2026,10:00,USD,Low,NFIB Small Business Index,95.9,96.1,95.8
Tue May 12 2026,Apr 18th,USD,Low,ADP Weekly Employment Change,30.3K,,39.3K
Tue May 12 2026,12:15,USD,Low,ADP Weekly Employment Change,33.0K,,30.3K
Tue May 12 2026,12:30,USD,High,Core CPI m/m,0.4%,0.3%,0.2%
Tue May 12 2026,12:30,USD,High,Core CPI y/y,2.8%,2.7%,2.6%
Tue May 12 2026,12:30,USD,High,CPI m/m,0.6%,0.6%,0.9%
Tue May 12 2026,12:30,USD,High,CPI y/y,3.8%,3.7%,3.3%
Tue May 12 2026,13:10,USD,Low,FOMC Member Goolsbee Speaks,,,
Tue May 12 2026,14:30,AUD,Low,CB Leading Index m/m,-0.6%,,1.0%
Tue May 12 2026,17:00,USD,Low,FOMC Member Goolsbee Speaks,,,
Tue May 12 2026,17:01,USD,Low,10-y Bond Auction,4.47|2.4,,4.28|2.4
Tue May 12 2026,18:00,USD,Low,Federal Budget Balance,215.0B,157.2B,-164.1B
Tue May 12 2026,20:30,USD,Low,API Weekly Statistical Bulletin,,,
Tue May 12 2026,23:50,JPY,Low,Bank Lending y/y,5.4%,4.6%,4.8%
Tue May 12 2026,23:50,JPY,Low,Current Account,3.90T,2.95T,2.70T
Wed May 13 2026,1:30,AUD,Medium,Wage Price Index q/q,0.8%,0.8%,0.8%
Wed May 13 2026,3:00,NZD,Low,Inflation Expectations q/q,2.53%,,2.37%
Wed May 13 2026,5:00,JPY,Low,Economy Watchers Sentiment,40.8,41.5,42.2
Wed May 13 2026,6:00,EUR,Low,German WPI m/m,2.0%,1.7%,2.7%
Wed May 13 2026,6:45,EUR,Low,French Final CPI m/m,1.0%,1.0%,1.0%
Wed May 13 2026,9:00,EUR,Low,Flash Employment Change q/q,0.1%,0.0%,0.2%
Wed May 13 2026,9:00,EUR,Low,Flash GDP q/q,0.1%,0.1%,0.1%
Wed May 13 2026,9:00,EUR,Low,Industrial Production m/m,0.2%,0.3%,0.2%
Wed May 13 2026,9:35,EUR,Low,German 30-y Bond Auction,3.62|1.3,,3.58|1.4
Wed May 13 2026,12:30,USD,High,Core PPI m/m,1.0%,0.3%,0.2%
Wed May 13 2026,12:30,USD,High,PPI m/m,1.4%,0.5%,0.7%
Wed May 13 2026,13:30,GBP,Low,CB Leading Index m/m,-0.7%,,-0.1%
Wed May 13 2026,14:00,GBP,Low,MPC Member Mann Speaks,,,
Wed May 13 2026,14:30,USD,Low,Crude Oil Inventories,-4.3M,-2.0M,-2.3M
Wed May 13 2026,15:05,CAD,Low,Gov Council Member Alexopoulos Speaks,,,
Wed May 13 2026,15:30,USD,Low,FOMC Member Collins Speaks,,,
Wed May 13 2026,17:01,USD,Low,30-y Bond Auction,5.05|2.3,,4.88|2.4
Wed May 13 2026,17:15,USD,Low,FOMC Member Kashkari Speaks,,,
Wed May 13 2026,17:30,CAD,Low,BOC Summary of Deliberations,,,
Wed May 13 2026,18:40,USD,High,Fed Chair Nomination Vote,Pass,Pass,
Wed May 13 2026,19:15,EUR,Low,ECB President Lagarde Speaks,,,
Wed May 13 2026,22:50,NZD,Low,Visitor Arrivals m/m,-3.0%,,2.1%
Wed May 13 2026,23:01,GBP,Low,RICS House Price Balance,-34%,-25%,-25%
Wed May 13 2026,23:50,JPY,Low,M2 Money Stock y/y,2.3%,1.9%,2.0%
Thu May 14 2026,3:35,JPY,Low,30-y Bond Auction,3.84|3.5,,3.70|3.1
Thu May 14 2026,All Day,CHF,,Bank Holiday,,,
Thu May 14 2026,6:00,GBP,High,GDP m/m,0.3%,-0.1%,0.4%
Thu May 14 2026,6:00,GBP,Medium,Prelim GDP q/q,0.6%,0.6%,0.2%
Thu May 14 2026,6:00,GBP,Low,Construction Output m/m,1.5%,-0.5%,0.5%
Thu May 14 2026,6:00,GBP,Low,Goods Trade Balance,-27.2B,-19.8B,-22.8B
Thu May 14 2026,6:00,GBP,Low,Index of Services 3m/3m,0.8%,0.6%,0.6%
Thu May 14 2026,6:00,GBP,Low,Industrial Production m/m,-0.2%,-0.2%,0.3%
Thu May 14 2026,6:00,GBP,Low,Manufacturing Production m/m,1.2%,-0.1%,-0.2%
Thu May 14 2026,6:00,GBP,Low,Prelim Business Investment q/q,0.7%,1.1%,-2.5%
Thu May 14 2026,All Day,EUR,,French Bank Holiday,,,
Thu May 14 2026,All Day,EUR,,German Bank Holiday,,,
Thu May 14 2026,9:01,CNY,Low,M2 Money Supply y/y,8.6%,8.5%,8.5%
Thu May 14 2026,9:02,CNY,Low,New Loans,-10B,320B,2990B
Thu May 14 2026,12:30,CAD,Low,Wholesale Sales m/m,1.9%,1.3%,2.4%
Thu May 14 2026,12:30,USD,High,Core Retail Sales m/m,0.7%,0.7%,1.9%
Thu May 14 2026,12:30,USD,High,Retail Sales m/m,0.5%,0.5%,1.6%
Thu May 14 2026,12:30,USD,Medium,Unemployment Claims,211K,205K,199K
Thu May 14 2026,12:30,USD,Low,Import Prices m/m,1.9%,1.0%,0.9%
Thu May 14 2026,14:00,USD,Low,Business Inventories m/m,0.9%,0.8%,0.4%
Thu May 14 2026,14:13,USD,Low,Mortgage Delinquencies,4.44%,,4.26%
Thu May 14 2026,14:15,USD,Low,FOMC Member Schmid Speaks,,,
Thu May 14 2026,14:30,USD,Low,Natural Gas Storage,85B,86B,63B
Thu May 14 2026,15:15,GBP,Low,MPC Member Pill Speaks,,,
Thu May 14 2026,17:00,USD,Low,FOMC Member Hammack Speaks,,,
Thu May 14 2026,21:45,USD,Low,FOMC Member Williams Speaks,,,
Thu May 14 2026,22:30,NZD,Low,BusinessNZ Manufacturing Index,50.5,,52.8
Thu May 14 2026,22:45,NZD,Low,FPI m/m,0.0%,,-0.6%
Thu May 14 2026,23:00,USD,Low,FOMC Member Barr Speaks,,,
Thu May 14 2026,23:50,JPY,Low,PPI y/y,4.9%,3.0%,2.9%
Fri May 15 2026,6:00,JPY,Low,Prelim Machine Tool Orders y/y,45.1%,,28.0%
Fri May 15 2026,8:00,EUR,Low,ECB Economic Bulletin,,,
Fri May 15 2026,12:15,CAD,Low,Housing Starts,279K,244K,240K
Fri May 15 2026,12:30,CAD,Low,Foreign Securities Purchases,4.62B,11.45B,5.84B
Fri May 15 2026,12:30,CAD,Low,Manufacturing Sales m/m,3.0%,3.5%,3.4%
Fri May 15 2026,12:30,USD,Low,Empire State Manufacturing Index,19.6,7.3,11.0
Fri May 15 2026,13:15,USD,Low,Capacity Utilization Rate,76.1%,75.8%,75.7%
Fri May 15 2026,13:15,USD,Low,Industrial Production m/m,0.7%,0.3%,-0.3%
Sun May 17 2026,22:30,NZD,Low,BusinessNZ Services Index,48.9,,46.2
Sun May 17 2026,23:01,GBP,Low,Rightmove HPI m/m,1.2%,,0.8%
Mon May 18 2026,1:30,CNY,Low,New Home Prices m/m,-0.19%,,-0.21%
Mon May 18 2026,2:00,CNY,Low,Fixed Asset Investment ytd/y,-1.6%,1.7%,1.7%
Mon May 18 2026,2:00,CNY,Low,Industrial Production y/y,4.1%,6.0%,5.7%
Mon May 18 2026,2:00,CNY,Low,NBS Press Conference,,,
Mon May 18 2026,2:00,CNY,Low,Retail Sales y/y,0.2%,2.0%,1.7%
Mon May 18 2026,2:00,CNY,Low,Unemployment Rate,5.2%,5.3%,5.4%
Mon May 18 2026,7:35,GBP,Low,MPC Member Greene Speaks,,,
Mon May 18 2026,8:00,EUR,Low,Italian Trade Balance,4.71B,5.25B,4.98B
Mon May 18 2026,8:30,GBP,Low,MPC Member Mann Speaks,,,
Mon May 18 2026,Day 1,All,Low,G7 Meetings,,,
Mon May 18 2026,All Day,CAD,,Bank Holiday,,,
Mon May 18 2026,14:00,USD,Low,NAHB Housing Market Index,37,34,34
Mon May 18 2026,19:35,USD,Low,FOMC Member Goolsbee Speaks,,,
Mon May 18 2026,20:00,USD,Low,TIC Long-Term Purchases,81.3B,87.2B,57.0B
Mon May 18 2026,22:45,NZD,Low,PPI Input q/q,1.4%,0.8%,-0.5%
Mon May 18 2026,22:45,NZD,Low,PPI Output q/q,0.8%,0.5%,0.1%
Mon May 18 2026,23:25,AUD,Low,RBA Assist Gov Hunter Speaks,,,
Mon May 18 2026,23:50,JPY,Low,Prelim GDP Price Index y/y,3.4%,3.1%,3.4%
Mon May 18 2026,23:50,JPY,Low,Prelim GDP q/q,0.5%,0.4%,0.3%
Tue May 19 2026,0:30,AUD,Low,Westpac Consumer Sentiment,3.5%,,-12.5%
Tue May 19 2026,0:40,AUD,Low,RBA Assist Gov Hunter Speaks,,,
Tue May 19 2026,1:30,AUD,Medium,Monetary Policy Meeting Minutes,,,
Tue May 19 2026,4:30,JPY,Low,Revised Industrial Production m/m,-0.4%,-0.5%,-0.5%
Tue May 19 2026,4:30,JPY,Low,Tertiary Industry Activity m/m,-0.2%,-0.4%,-0.7%
Tue May 19 2026,6:00,GBP,High,Claimant Count Change,26.5K,23.1K,4.9K
Tue May 19 2026,6:00,GBP,Medium,Average Earnings Index 3m/y,4.1%,3.8%,3.9%
Tue May 19 2026,6:00,GBP,Low,Unemployment Rate,5.0%,4.9%,4.9%
Tue May 19 2026,8:10,GBP,Low,MPC Member Breeden Speaks,,,
Tue May 19 2026,Day 2,All,Low,G7 Meetings,,,
Tue May 19 2026,9:00,EUR,Low,Trade Balance,3.5B,5.4B,6.5B
Tue May 19 2026,12:00,USD,Low,FOMC Member Waller Speaks,,,
Tue May 19 2026,12:15,USD,Low,ADP Weekly Employment Change,42.3K,,33.0K
Tue May 19 2026,12:30,CAD,High,CPI m/m,0.4%,0.7%,0.9%
Tue May 19 2026,12:30,CAD,Medium,Common CPI y/y,2.5%,2.6%,2.6%
Tue May 19 2026,12:30,CAD,Medium,Median CPI y/y,2.1%,2.3%,2.3%
Tue May 19 2026,12:30,CAD,Medium,Trimmed CPI y/y,2.0%,2.2%,2.2%
Tue May 19 2026,12:30,CAD,Low,Building Permits m/m,10.3%,2.1%,-7.8%
Tue May 19 2026,12:30,CAD,Low,NHPI m/m,-0.4%,0.0%,-0.2%
Tue May 19 2026,12:32,CAD,Low,Core CPI m/m,0.2%,,0.2%
Tue May 19 2026,14:00,USD,Medium,Pending Home Sales m/m,1.4%,1.0%,1.7%
Tue May 19 2026,14:53,NZD,Low,GDT Price Index,0.6%,,1.5%
Tue May 19 2026,20:30,USD,Low,API Weekly Statistical Bulletin,,,
Tue May 19 2026,23:00,USD,Low,FOMC Member Paulson Speaks,,,
Wed May 20 2026,1:00,CNY,Low,1-y Loan Prime Rate,3.00%,3.00%,3.00%
Wed May 20 2026,1:00,CNY,Low,5-y Loan Prime Rate,3.50%,3.50%,3.50%
Wed May 20 2026,6:00,EUR,Low,German PPI m/m,1.2%,2.0%,2.5%
Wed May 20 2026,6:00,GBP,High,CPI y/y,2.8%,3.0%,3.3%
Wed May 20 2026,6:00,GBP,Low,Core CPI y/y,2.5%,2.6%,3.1%
Wed May 20 2026,6:00,GBP,Low,PPI Input m/m,2.4%,1.2%,4.3%
Wed May 20 2026,6:00,GBP,Low,PPI Output m/m,1.4%,1.0%,1.4%
Wed May 20 2026,6:00,GBP,Low,RPI y/y,3.0%,3.6%,4.1%
Wed May 20 2026,8:30,GBP,Low,HPI y/y,0.0%,-0.1%,1.7%
Wed May 20 2026,9:00,EUR,Low,Final Core CPI y/y,2.2%,2.2%,2.2%
Wed May 20 2026,9:00,EUR,Low,Final CPI y/y,3.0%,3.0%,3.0%
Wed May 20 2026,9:32,EUR,Low,German 10-y Bond Auction,3.16|1.5,,3.08|1.5
Wed May 20 2026,13:15,GBP,Medium,Monetary Policy Report Hearings,,,
Wed May 20 2026,13:15,USD,Low,FOMC Member Barr Speaks,,,
Wed May 20 2026,14:30,USD,Low,Crude Oil Inventories,-7.9M,-2.5M,-4.3M
Wed May 20 2026,18:00,USD,High,FOMC Meeting Minutes,,,
Wed May 20 2026,22:45,NZD,Low,Trade Balance,1920M,980M,430M
Wed May 20 2026,23:00,AUD,Low,Flash Manufacturing PMI,50.2,,51.3
Wed May 20 2026,23:00,AUD,Low,Flash Services PMI,47.7,,50.7
Wed May 20 2026,23:50,JPY,Low,Core Machinery Orders m/m,-9.4%,-7.7%,13.6%
Wed May 20 2026,23:50,JPY,Low,Trade Balance,0.24T,-0.23T,0.09T
Thu May 21 2026,0:30,JPY,Low,Flash Manufacturing PMI,54.5,54.5,55.1
Thu May 21 2026,1:00,AUD,Low,MI Inflation Expectations,5.6%,,5.9%
Thu May 21 2026,1:30,AUD,High,Employment Change,-18.6K,16.7K,23.3K
Thu May 21 2026,1:30,AUD,High,Unemployment Rate,4.5%,4.3%,4.3%
Thu May 21 2026,3:00,NZD,Low,Credit Card Spending y/y,2.9%,,2.1%
Thu May 21 2026,7:15,EUR,Medium,French Flash Manufacturing PMI,48.9,52.1,52.8
Thu May 21 2026,7:15,EUR,Medium,French Flash Services PMI,42.9,46.6,46.5
Thu May 21 2026,7:30,EUR,Medium,German Flash Manufacturing PMI,49.9,51.0,51.4
Thu May 21 2026,7:30,EUR,Medium,German Flash Services PMI,47.8,47.1,46.9
Thu May 21 2026,8:00,EUR,Low,Current Account,14.9B,26.3B,25.6B
Thu May 21 2026,8:00,EUR,Low,Flash Manufacturing PMI,51.4,51.7,52.2
Thu May 21 2026,8:00,EUR,Low,Flash Services PMI,46.4,47.8,47.6
Thu May 21 2026,8:30,GBP,Medium,Flash Manufacturing PMI,53.7,52.9,53.7
Thu May 21 2026,8:30,GBP,Medium,Flash Services PMI,47.9,51.7,52.7
Thu May 21 2026,9:03,GBP,Low,10-y Bond Auction,5.03|3.4,,4.91|3.5
Thu May 21 2026,9:30,EUR,Low,EU Economic Forecasts,,,
Thu May 21 2026,10:00,EUR,Low,German Buba Monthly Report,,,
Thu May 21 2026,10:00,GBP,Low,CBI Industrial Order Expectations,-41,-40,-38
Thu May 21 2026,12:00,GBP,Low,MPC Member Taylor Speaks,,,
Thu May 21 2026,12:30,USD,Medium,Philly Fed Manufacturing Index,-0.4,17.6,26.7
Thu May 21 2026,12:30,USD,Medium,Unemployment Claims,209K,210K,212K
Thu May 21 2026,12:30,USD,Low,Building Permits,1.44M,1.38M,1.37M
Thu May 21 2026,12:30,USD,Low,Housing Starts,1.47M,1.42M,1.51M
Thu May 21 2026,13:45,USD,Medium,Flash Manufacturing PMI,55.3,53.8,54.5
Thu May 21 2026,13:45,USD,Medium,Flash Services PMI,50.9,51.1,51.0
Thu May 21 2026,14:02,EUR,Low,Consumer Confidence,-19,-21,-21
Thu May 21 2026,14:30,USD,Low,Natural Gas Storage,101B,96B,85B
Thu May 21 2026,15:00,GBP,High,BOE Gov Bailey Speaks,,,
Thu May 21 2026,16:20,USD,Low,FOMC Member Barkin Speaks,,,
Thu May 21 2026,22:45,NZD,Low,Core Retail Sales q/q,1.0%,0.8%,1.4%
Thu May 21 2026,22:45,NZD,Low,Retail Sales q/q,0.9%,0.5%,0.9%
Thu May 21 2026,23:01,GBP,Low,GfK Consumer Confidence,-23,-28,-25
Thu May 21 2026,23:30,JPY,Low,National Core CPI y/y,1.4%,1.7%,1.8%
Fri May 22 2026,6:00,EUR,Low,German Final GDP q/q,0.3%,0.3%,0.3%
Fri May 22 2026,6:00,EUR,Low,German GfK Consumer Climate,-29.8,-33.7,-33.1
Fri May 22 2026,6:00,GBP,Medium,Retail Sales m/m,-1.3%,-0.6%,0.6%
Fri May 22 2026,6:00,GBP,Low,Public Sector Net Borrowing,24.3B,20.7B,11.5B
Fri May 22 2026,8:00,EUR,Low,German ifo Business Climate,84.9,84.2,84.5
Fri May 22 2026,All Day,EUR,Low,ECOFIN Meetings,,,
Fri May 22 2026,All Day,EUR,Low,Eurogroup Meetings,,,
Fri May 22 2026,12:30,CAD,Medium,Core Retail Sales m/m,1.4%,0.9%,0.6%
Fri May 22 2026,12:30,CAD,Medium,Retail Sales m/m,0.9%,0.6%,0.7%
Fri May 22 2026,12:30,CAD,Low,IPPI m/m,2.0%,1.2%,2.8%
Fri May 22 2026,12:30,CAD,Low,RMPI m/m,2.6%,2.7%,11.9%
Fri May 22 2026,12:40,EUR,Low,Belgian NBB Business Climate,-13.3,-13.5,-14.2
Fri May 22 2026,14:00,USD,Medium,Revised UoM Consumer Sentiment,44.8,48.2,48.2
Fri May 22 2026,14:00,USD,Low,CB Leading Index m/m,0.1%,-0.1%,-0.6%
Fri May 22 2026,14:00,USD,Low,FOMC Member Waller Speaks,,,
Fri May 22 2026,14:00,USD,Low,Revised UoM Inflation Expectations,4.8%,,4.5%
Sat May 23 2026,3:46,CNY,Low,Foreign Direct Investment ytd/y,-10.3%,,-7.3%
Sat May 23 2026,All Day,EUR,Low,ECOFIN Meetings,,,
Mon May 25 2026,All Day,CHF,,Bank Holiday,,,
Mon May 25 2026,All Day,EUR,,French Bank Holiday,,,
Mon May 25 2026,All Day,EUR,,German Bank Holiday,,,
Mon May 25 2026,All Day,GBP,,Bank Holiday,,,
Mon May 25 2026,All Day,USD,,Bank Holiday,,,
Mon May 25 2026,12:30,CAD,Low,Corporate Profits q/q,-2.0%,,-1.6%
Mon May 25 2026,23:01,GBP,Low,BRC Shop Price Index y/y,1.2%,1.1%,1.0%
Tue May 26 2026,5:00,JPY,Low,BOJ Core CPI y/y,1.4%,1.7%,1.7%
Tue May 26 2026,10:00,GBP,Low,CBI Realized Sales,-46,-52,-68
Tue May 26 2026,12:20,CAD,Low,Gov Council Member Vincent Speaks,,,
Tue May 26 2026,13:00,USD,Low,HPI m/m,0.1%,0.1%,-0.1%
Tue May 26 2026,13:00,USD,Low,S&P/CS Composite-20 HPI y/y,0.8%,0.9%,0.9%
Tue May 26 2026,14:00,USD,Medium,CB Consumer Confidence,93.1,91.9,93.8
Tue May 26 2026,23:50,JPY,Low,SPPI y/y,3.0%,3.3%,3.3%
Wed May 27 2026,0:00,JPY,Medium,BOJ Gov Ueda Speaks,,,
Wed May 27 2026,0:30,AUD,Low,MI Leading Index m/m,0.0%,,-0.1%
Wed May 27 2026,1:30,AUD,High,CPI m/m,0.4%,0.6%,1.1%
Wed May 27 2026,1:30,AUD,High,CPI y/y,4.2%,4.4%,4.6%
Wed May 27 2026,1:30,AUD,High,Trimmed Mean CPI m/m,0.3%,0.3%,0.2%
Wed May 27 2026,1:30,AUD,Low,Construction Work Done q/q,3.4%,0.8%,0.2%
Wed May 27 2026,2:00,NZD,High,Official Cash Rate,2.25%,2.25%,2.25%
Wed May 27 2026,2:00,NZD,High,RBNZ Monetary Policy Statement,,,
Wed May 27 2026,2:00,NZD,High,RBNZ Rate Statement,,,
Wed May 27 2026,3:00,NZD,High,RBNZ Press Conference,,,
Wed May 27 2026,8:00,AUD,Low,RBA Deputy Gov Hauser Speaks,,,
Wed May 27 2026,8:00,CHF,Low,UBS Economic Expectations,-11.1,,-30.3
Wed May 27 2026,8:00,EUR,Medium,ECB Financial Stability Review,,,
Wed May 27 2026,8:00,USD,Low,FOMC Member Logan Speaks,,,
Wed May 27 2026,9:33,EUR,Low,German 30-y Bond Auction,3.50|1.8,,3.62|1.3
Wed May 27 2026,12:15,USD,Low,ADP Weekly Employment Change,35.8K,,40.8K
Wed May 27 2026,13:00,CNY,Low,CB Leading Index m/m,-0.8%,,-0.3%
Wed May 27 2026,14:00,USD,Low,Richmond Manufacturing Index,13,4,3
Wed May 27 2026,19:55,USD,Low,FOMC Member Cook Speaks,,,
Wed May 27 2026,20:10,NZD,Medium,RBNZ Gov Breman Speaks,,,
Wed May 27 2026,20:30,USD,Low,API Weekly Statistical Bulletin,,,
Thu May 28 2026,0:00,USD,Low,FOMC Member Jefferson Speaks,,,
Thu May 28 2026,1:30,AUD,Low,Household Spending m/m,-1.1%,-0.5%,1.6%
Thu May 28 2026,1:30,AUD,Low,Private Capital Expenditure q/q,6.5%,1.2%,0.7%
Thu May 28 2026,1:30,AUD,Low,RBA Bulletin,,,
Thu May 28 2026,2:00,NZD,Medium,Annual Budget Release,,,
Thu May 28 2026,2:25,GBP,Low,MPC Member Lombardelli Speaks,,,
Thu May 28 2026,2:25,USD,Low,FOMC Member Goolsbee Speaks,,,
Thu May 28 2026,7:10,EUR,Medium,ECB President Lagarde Speaks,,,
Thu May 28 2026,8:05,GBP,Low,MPC Member Breeden Speaks,,,
Thu May 28 2026,9:09,EUR,Low,Italian 10-y Bond Auction,3.77|1.6,,3.77|1.7
Thu May 28 2026,11:00,CHF,Medium,SNB Chairman Schlegel Speaks,,,
Thu May 28 2026,11:30,EUR,Low,ECB Monetary Policy Meeting Accounts,,,
Thu May 28 2026,12:30,CAD,Low,Current Account,-7.2B,-3.9B,-1.0B
Thu May 28 2026,12:30,USD,High,Core PCE Price Index m/m,0.2%,0.3%,0.3%
Thu May 28 2026,12:30,USD,High,Prelim GDP q/q,1.6%,2.0%,2.0%
Thu May 28 2026,12:30,USD,Medium,Prelim GDP Price Index q/q,3.5%,3.6%,3.8%
Thu May 28 2026,12:30,USD,Medium,Unemployment Claims,215K,211K,210K
Thu May 28 2026,12:30,USD,Low,Core Durable Goods Orders m/m,1.1%,0.5%,1.1%
Thu May 28 2026,12:30,USD,Low,Durable Goods Orders m/m,7.9%,4.0%,1.3%
Thu May 28 2026,12:30,USD,Low,Personal Income m/m,0.0%,0.4%,0.5%
Thu May 28 2026,12:30,USD,Low,Personal Spending m/m,0.5%,0.5%,1.0%
Thu May 28 2026,12:55,USD,Low,FOMC Member Williams Speaks,,,
Thu May 28 2026,14:00,CAD,Low,BOC Financial System Review,,,
Thu May 28 2026,14:00,USD,Medium,New Home Sales,622K,661K,663K
Thu May 28 2026,14:15,USD,Low,FOMC Member Musalem Speaks,,,
Thu May 28 2026,14:30,USD,Low,Natural Gas Storage,92B,96B,101B
Thu May 28 2026,15:00,CAD,Medium,BOC Press Conference,,,
Thu May 28 2026,16:00,USD,Low,Crude Oil Inventories,-3.3M,-3.8M,-7.9M
Thu May 28 2026,17:10,USD,Low,FOMC Member Musalem Speaks,,,
Thu May 28 2026,18:00,USD,Medium,Treasury Sec Bessent Speaks,,,
Thu May 28 2026,19:00,USD,Low,FOMC Member Barkin Speaks,,,
Thu May 28 2026,23:30,JPY,Medium,Tokyo Core CPI y/y,1.3%,1.5%,1.5%
Thu May 28 2026,23:30,JPY,Low,Unemployment Rate,2.5%,2.7%,2.7%
Thu May 28 2026,23:50,JPY,Low,Prelim Industrial Production m/m,0.8%,-0.4%,-0.4%
Thu May 28 2026,23:50,JPY,Low,Retail Sales y/y,2.1%,1.4%,1.4%
Fri May 29 2026,1:00,NZD,Low,ANZ Business Confidence,10.0,,-10.6
Fri May 29 2026,5:00,JPY,Low,Consumer Confidence,33.6,32.3,32.2
Fri May 29 2026,5:00,JPY,Low,Housing Starts y/y,11.4%,14.7%,-29.3%
Fri May 29 2026,6:00,EUR,Low,German Import Prices m/m,1.2%,1.2%,3.6%
Fri May 29 2026,6:00,USD,Low,FOMC Member Kashkari Speaks,,,
Fri May 29 2026,All Day,EUR,Medium,German Prelim CPI m/m,-0.2%,0.1%,0.6%
Fri May 29 2026,6:45,EUR,Low,French Consumer Spending m/m,-0.5%,-0.1%,0.9%
Fri May 29 2026,6:45,EUR,Low,French Final Private Payrolls q/q,-0.1%,-0.1%,-0.1%
Fri May 29 2026,6:45,EUR,Low,French Prelim CPI m/m,0.1%,0.2%,1.0%
Fri May 29 2026,6:45,EUR,Low,French Prelim GDP q/q,-0.1%,0.0%,0.0%
Fri May 29 2026,7:00,CHF,Low,KOF Economic Barometer,98.0,98.0,97.8
Fri May 29 2026,7:00,EUR,Low,Spanish Flash CPI y/y,3.2%,3.3%,3.2%
Fri May 29 2026,7:55,EUR,Low,German Unemployment Change,-12K,11K,19k
Fri May 29 2026,8:00,EUR,Low,Italian Monthly Unemployment Rate,5.1%,5.3%,5.2%
Fri May 29 2026,8:20,GBP,High,BOE Gov Bailey Speaks,,,
Fri May 29 2026,9:00,EUR,Low,Italian Prelim CPI m/m,0.4%,0.1%,1.2%
Fri May 29 2026,10:50,USD,Low,FOMC Member Schmid Speaks,,,
Fri May 29 2026,12:30,CAD,High,GDP m/m,-0.1%,0.1%,0.2%
Fri May 29 2026,12:30,USD,Low,Goods Trade Balance,-82.4B,-86.7B,-85.3B
Fri May 29 2026,12:30,USD,Low,Prelim Wholesale Inventories m/m,0.5%,0.6%,1.3%
Fri May 29 2026,13:10,USD,Low,FOMC Member Bowman Speaks,,,
Fri May 29 2026,13:15,USD,Low,FOMC Member Paulson Speaks,,,
Fri May 29 2026,13:45,USD,Low,Chicago PMI,62.7,50.6,49.2
Fri May 29 2026,16:40,USD,Low,FOMC Member Daly Speaks,,,
Sat May 30 2026,9:40,GBP,Low,MPC Member Mann Speaks,,,
Sun May 31 2026,1:30,CNY,Low,Manufacturing PMI,50.0,50.2,50.3
Sun May 31 2026,1:30,CNY,Low,Non-Manufacturing PMI,50.1,49.5,49.4
Sun May 31 2026,12:30,GBP,Low,MPC Member Greene Speaks,,,
Sun May 31 2026,12:30,USD,Low,FOMC Member Waller Speaks,,,
Sun May 31 2026,All Day,NZD,,Bank Holiday,,,
Sun May 31 2026,23:50,JPY,Low,Capital Spending q/y,0.0%,4.1%,6.5%
Mon Jun 1 2026,0:30,JPY,Low,Final Manufacturing PMI,54.5,54.5,54.5
Mon Jun 1 2026,0:30,USD,Medium,FOMC Member Powell Speaks,,,
Mon Jun 1 2026,1:00,AUD,Low,MI Inflation Gauge m/m,-0.3%,,0.6%
Mon Jun 1 2026,1:30,AUD,Low,ANZ Job Advertisements m/m,1.8%,,-0.6%
Mon Jun 1 2026,1:45,CNY,Low,RatingDog Manufacturing PMI,51.8,51.4,52.2
Mon Jun 1 2026,6:00,EUR,Low,German Retail Sales m/m,-0.3%,-0.4%,-0.3%
Mon Jun 1 2026,6:00,GBP,Low,Nationwide HPI m/m,-0.6%,-0.1%,0.4%
Mon Jun 1 2026,6:30,AUD,Low,Commodity Prices y/y,16.8%,,15.0%
Mon Jun 1 2026,6:30,CHF,Low,Retail Sales y/y,1.6%,0.2%,1.3%
Mon Jun 1 2026,7:00,CHF,Low,GDP q/q,0.7%,0.6%,0.2%
Mon Jun 1 2026,7:15,EUR,Low,Spanish Manufacturing PMI,51.2,53.7,51.7
Mon Jun 1 2026,7:30,CHF,Low,Manufacturing PMI,57.3,54.0,54.5
Mon Jun 1 2026,7:45,EUR,Low,Italian Manufacturing PMI,52.9,52.0,52.1
Mon Jun 1 2026,7:50,EUR,Low,French Final Manufacturing PMI,49.7,48.9,48.9
Mon Jun 1 2026,7:55,EUR,Low,German Final Manufacturing PMI,50.1,49.9,49.9
Mon Jun 1 2026,8:00,EUR,Low,Final Manufacturing PMI,51.6,51.4,51.4
Mon Jun 1 2026,8:00,EUR,Low,M3 Money Supply y/y,2.7%,3.1%,3.2%
Mon Jun 1 2026,8:00,EUR,Low,Private Loans y/y,3.0%,3.0%,3.0%
Mon Jun 1 2026,8:30,GBP,Low,Final Manufacturing PMI,53.9,53.7,53.7
Mon Jun 1 2026,9:00,EUR,Low,Unemployment Rate,6.3%,6.2%,6.3%
Mon Jun 1 2026,13:30,CAD,Low,Manufacturing PMI,52.9,,53.3
Mon Jun 1 2026,13:45,USD,Low,Final Manufacturing PMI,55.1,55.3,55.3
Mon Jun 1 2026,14:00,USD,High,ISM Manufacturing PMI,54.0,53.3,52.7
Mon Jun 1 2026,14:00,USD,Medium,ISM Manufacturing Prices,82.1,85.3,84.6
Mon Jun 1 2026,14:00,USD,Low,Construction Spending m/m,0.4%,0.3%,0.2%
Mon Jun 1 2026,16:00,CAD,Low,Gov Council Member Rogers Speaks,,,
Mon Jun 1 2026,23:50,JPY,Low,Monetary Base y/y,-12.2%,-9.5%,-11.3%
Tue Jun 2 2026,1:30,AUD,Low,Building Approvals m/m,-3.4%,-1.5%,-10.5%
Tue Jun 2 2026,1:30,AUD,Low,Company Operating Profits q/q,-1.3%,0.5%,5.9%
Tue Jun 2 2026,1:30,AUD,Low,Current Account,-27.1B,-23.1B,-23.0B
Tue Jun 2 2026,3:35,JPY,Low,10-y Bond Auction,2.65|3.5,,2.54|3.9
Tue Jun 2 2026,5:50,USD,Low,FOMC Member Kashkari Speaks,,,
Tue Jun 2 2026,All Day,EUR,,Italian Bank Holiday,,,
Tue Jun 2 2026,6:45,EUR,Low,French Gov Budget Balance,-69.6B,,-42.9B
Tue Jun 2 2026,7:00,EUR,Low,Spanish Unemployment Change,-36.3K,-56.8K,-62.7K
Tue Jun 2 2026,8:30,GBP,Low,M4 Money Supply m/m,0.2%,0.6%,0.8%
Tue Jun 2 2026,8:30,GBP,Low,Mortgage Approvals,66K,62K,64K
Tue Jun 2 2026,8:30,GBP,Low,Net Lending to Individuals m/m,6.2B,7.1B,8.7B
Tue Jun 2 2026,9:00,EUR,Medium,Core CPI Flash Estimate y/y,2.5%,2.4%,2.2%
Tue Jun 2 2026,9:00,EUR,Medium,CPI Flash Estimate y/y,3.2%,3.2%,3.0%
Tue Jun 2 2026,9:00,GBP,Low,10-y Bond Auction,4.98|3.6,,5.03|3.4
Tue Jun 2 2026,12:30,USD,Low,FOMC Member Hammack Speaks,,,
Tue Jun 2 2026,14:00,GBP,High,BOE Gov Bailey Speaks,,,
Tue Jun 2 2026,14:00,USD,Medium,JOLTS Job Openings,7.62M,6.87M,6.89M
Tue Jun 2 2026,14:02,USD,Low,RCM/TIPP Economic Optimism,42.5,44.5,42.6
Tue Jun 2 2026,All Day,USD,Low,Omdia Total Vehicle Sales,16.1M,16.0M,15.9M
Tue Jun 2 2026,15:00,GBP,Low,MPC Member Greene Speaks,,,
Tue Jun 2 2026,15:05,NZD,Low,GDT Price Index,-0.6%,,0.6%
Tue Jun 2 2026,20:30,USD,Low,API Weekly Statistical Bulletin,,,
Tue Jun 2 2026,22:45,NZD,Low,Building Consents m/m,10.9%,,-0.8%
Tue Jun 2 2026,22:45,NZD,Low,Overseas Trade Index q/q,-2.0%,-1.2%,3.7%
Wed Jun 3 2026,1:30,AUD,High,GDP q/q,0.3%,0.5%,0.9%
Wed Jun 3 2026,1:45,CNY,Low,RatingDog Services PMI,54.4,52.3,52.6
Wed Jun 3 2026,3:00,USD,Low,FOMC Member Goolsbee Speaks,,,
Wed Jun 3 2026,6:19,AUD,Low,Private Sector Credit m/m,0.7%,0.6%,0.7%
Wed Jun 3 2026,7:15,EUR,Low,Spanish Services PMI,50.1,48.2,47.9
Wed Jun 3 2026,7:45,EUR,Low,Italian Services PMI,49.4,49.2,49.8
Wed Jun 3 2026,7:50,EUR,Low,French Final Services PMI,44.3,42.9,42.9
Wed Jun 3 2026,7:55,EUR,Low,German Final Services PMI,48.1,47.8,47.8
Wed Jun 3 2026,8:00,EUR,Low,Final Services PMI,47.7,46.4,46.4
Wed Jun 3 2026,8:30,GBP,Low,Final Services PMI,49.3,47.9,47.9
Wed Jun 3 2026,8:30,JPY,High,BOJ Gov Ueda Speaks,,,
Wed Jun 3 2026,9:00,EUR,Low,PPI m/m,0.6%,0.6%,3.4%
Wed Jun 3 2026,12:15,USD,High,ADP Non-Farm Employment Change,122K,118K,105K
Wed Jun 3 2026,12:30,CAD,Low,Labor Productivity q/q,-0.5%,0.3%,-0.3%
Wed Jun 3 2026,13:00,USD,Low,FOMC Member Barr Speaks,,,
Wed Jun 3 2026,13:45,USD,Low,Final Services PMI,50.7,51.0,50.9
Wed Jun 3 2026,14:00,USD,High,ISM Services PMI,54.5,53.7,53.6
Wed Jun 3 2026,14:00,USD,Medium,Treasury Sec Bessent Speaks,,,
Wed Jun 3 2026,14:00,USD,Low,Factory Orders m/m,4.8%,4.6%,1.8%
Wed Jun 3 2026,14:30,USD,Low,Crude Oil Inventories,-8.0M,-2.9M,-3.3M
Wed Jun 3 2026,18:00,USD,Low,Beige Book,,,
Wed Jun 3 2026,20:00,USD,Low,FOMC Member Logan Speaks,,,
Thu Jun 4 2026,1:00,NZD,Low,ANZ Commodity Prices m/m,0.7%,,-0.8%
Thu Jun 4 2026,1:30,AUD,Low,Goods Trade Balance,1.79B,1.23B,-1.02B
Thu Jun 4 2026,5:00,AUD,High,RBA Gov Bullock Speaks,,,
Thu Jun 4 2026,6:30,CHF,Medium,CPI m/m,0.2%,0.3%,0.3%
Thu Jun 4 2026,7:00,CHF,Low,Unemployment Rate,3.1%,3.0%,3.0%
Thu Jun 4 2026,8:00,EUR,Medium,ECB President Lagarde Speaks,,,
Thu Jun 4 2026,8:30,GBP,Low,Construction PMI,38.2,40.4,39.7
Thu Jun 4 2026,8:50,EUR,Low,French 10-y Bond Auction,3.80|2.4,,3.61|2.0
Thu Jun 4 2026,9:00,EUR,Low,Retail Sales m/m,-0.4%,-0.3%,0.8%
Thu Jun 4 2026,9:30,USD,Low,Challenger Job Cuts y/y,3.4%,,-20.9%
Thu Jun 4 2026,12:30,USD,Medium,Unemployment Claims,225K,214K,212K
Thu Jun 4 2026,12:30,USD,Low,FOMC Member Barkin Speaks,,,
Thu Jun 4 2026,12:30,USD,Low,Revised Nonfarm Productivity q/q,0.3%,0.5%,0.8%
Thu Jun 4 2026,12:30,USD,Low,Revised Unit Labor Costs q/q,1.8%,2.4%,2.3%
Thu Jun 4 2026,14:00,USD,Medium,Treasury Sec Bessent Speaks,,,
Thu Jun 4 2026,14:00,USD,Low,FOMC Member Bowman Speaks,,,
Thu Jun 4 2026,14:30,USD,Low,Natural Gas Storage,95B,99B,92B
Thu Jun 4 2026,15:40,GBP,High,BOE Gov Bailey Speaks,,,
Thu Jun 4 2026,15:40,USD,Low,FOMC Member Daly Speaks,,,
Thu Jun 4 2026,17:00,USD,Low,FOMC Member Schmid Speaks,,,
Thu Jun 4 2026,17:10,USD,Low,FOMC Member Daly Speaks,,,
Thu Jun 4 2026,19:00,USD,Medium,President Trump Speaks,,,
Thu Jun 4 2026,23:30,JPY,Low,Average Cash Earnings y/y,3.5%,3.1%,3.1%
Thu Jun 4 2026,23:30,JPY,Low,Household Spending y/y,-0.5%,-1.5%,-2.9%
Fri Jun 5 2026,4:35,AUD,Low,RBA Deputy Gov Hauser Speaks,,,
Fri Jun 5 2026,5:00,JPY,Low,Leading Indicators,115.9%,114.4%,114.0%
Fri Jun 5 2026,6:00,GBP,Low,Lloyds HPI m/m,-0.1%,0.0%,-0.1%
Fri Jun 5 2026,6:45,EUR,Low,French Industrial Production m/m,0.1%,-0.2%,1.4%
Fri Jun 5 2026,6:45,EUR,Low,French Trade Balance,-5.6B,-6.2B,-6.4B
Fri Jun 5 2026,7:00,CHF,Low,Foreign Currency Reserves,711B,,716B
Fri Jun 5 2026,9:00,EUR,Low,Final Employment Change q/q,0.1%,0.1%,0.1%
Fri Jun 5 2026,9:00,EUR,Low,Italian Retail Sales m/m,0.0%,0.4%,0.8%
Fri Jun 5 2026,9:00,EUR,Low,Revised GDP q/q,-0.2%,0.1%,0.1%
Fri Jun 5 2026,12:30,CAD,High,Employment Change,87.8K,10.6K,-17.7K
Fri Jun 5 2026,12:30,CAD,High,Unemployment Rate,6.6%,6.9%,6.9%
Fri Jun 5 2026,12:30,USD,High,Average Hourly Earnings m/m,0.3%,0.3%,0.2%
Fri Jun 5 2026,12:30,USD,High,Non-Farm Employment Change,172K,85K,179K
Fri Jun 5 2026,12:30,USD,High,Unemployment Rate,4.3%,4.3%,4.3%
Fri Jun 5 2026,13:40,GBP,Low,MPC Member Dhingra Speaks,,,
Fri Jun 5 2026,14:00,CAD,Medium,Ivey PMI,58.2,54.5,57.7
Fri Jun 5 2026,18:00,GBP,Medium,BOE Gov Bailey Speaks,,,
Fri Jun 5 2026,19:00,USD,Low,Consumer Credit m/m,20.7B,17.8B,22.2B
Sat Jun 6 2026,16:00,USD,Low,FOMC Member Barr Speaks,,,
Sun Jun 7 2026,All Day,All,Medium,OPEC-JMMC Meetings,,,
Sun Jun 7 2026,All Day,All,Medium,OPEC Meetings,,,
Sun Jun 7 2026,All Day,AUD,,Bank Holiday,,,
Sun Jun 7 2026,23:50,JPY,Low,Bank Lending y/y,5.7%,5.6%,5.4%
Sun Jun 7 2026,23:50,JPY,Low,Current Account,4.21T,3.26T,3.90T
Mon Jun 8 2026,0:03,JPY,Low,Final GDP Price Index y/y,3.2%,3.4%,3.4%
Mon Jun 8 2026,0:03,JPY,Low,Final GDP q/q,0.5%,0.3%,0.5%
Mon Jun 8 2026,5:00,JPY,Low,Economy Watchers Sentiment,43.6,41.9,40.8
Mon Jun 8 2026,6:00,EUR,Low,German Factory Orders m/m,-3.8%,-2.2%,4.5%
Mon Jun 8 2026,8:30,EUR,Low,Sentix Investor Confidence,-13.4,-13.8,-16.4
Mon Jun 8 2026,22:45,NZD,Low,Manufacturing Sales q/q,2.8%,,0.8%
Mon Jun 8 2026,23:01,GBP,Low,BRC Retail Sales Monitor y/y,3.4%,0.8%,-3.4%
Mon Jun 8 2026,23:50,JPY,Low,M2 Money Stock y/y,2.5%,2.4%,2.3%
Tue Jun 9 2026,0:30,AUD,Low,Westpac Consumer Sentiment,-2.9%,,3.5%
Tue Jun 9 2026,1:30,AUD,Low,NAB Business Confidence,-14,,-23
Tue Jun 9 2026,2:32,CNY,Low,USD-Denominated Trade Balance,105.4B,92.1B,84.8B
Tue Jun 9 2026,2:33,CNY,Low,Trade Balance,724B,625B,586B
Tue Jun 9 2026,6:00,EUR,Low,German Industrial Production m/m,0.4%,0.4%,-0.1%
Tue Jun 9 2026,6:00,EUR,Low,German Trade Balance,14.5B,15.4B,14.7B
Tue Jun 9 2026,6:00,JPY,Low,Prelim Machine Tool Orders y/y,37.4%,,45.1%
Tue Jun 9 2026,10:00,USD,Low,NFIB Small Business Index,95.3,96.0,95.9
Tue Jun 9 2026,May 16th,USD,Low,ADP Weekly Employment Change,30.5K,,35.8K
Tue Jun 9 2026,12:15,USD,Low,ADP Weekly Employment Change,29.0K,,30.5K
Tue Jun 9 2026,12:30,CAD,Low,Trade Balance,2.7B,2.5B,1.8B
Tue Jun 9 2026,12:30,USD,Low,Trade Balance,-55.9B,-56.2B,-56.6B
Tue Jun 9 2026,14:00,USD,Low,Existing Home Sales,4.17M,4.07M,4.04M
Tue Jun 9 2026,14:00,USD,Low,Final Wholesale Inventories m/m,0.6%,0.6%,0.5%
Tue Jun 9 2026,20:30,USD,Low,API Weekly Statistical Bulletin,,,
Tue Jun 9 2026,23:50,JPY,Low,PPI y/y,6.3%,5.6%,5.3%
Wed Jun 10 2026,1:30,CNY,Low,CPI y/y,1.2%,1.3%,1.2%
Wed Jun 10 2026,1:30,CNY,Low,PPI y/y,3.9%,3.9%,2.8%
Wed Jun 10 2026,3:35,JPY,Low,30-y Bond Auction,3.86|2.9,,3.84|3.5
Wed Jun 10 2026,8:00,EUR,Low,Italian Industrial Production m/m,0.5%,0.0%,0.6%
Wed Jun 10 2026,9:35,EUR,Low,German 10-y Bond Auction,3.06|1.7,,3.16|1.5
Wed Jun 10 2026,12:30,USD,High,Core CPI m/m,0.2%,0.3%,0.4%
Wed Jun 10 2026,12:30,USD,High,Core CPI y/y,2.9%,2.9%,2.8%
Wed Jun 10 2026,12:30,USD,High,CPI m/m,0.5%,0.5%,0.6%
Wed Jun 10 2026,12:30,USD,High,CPI y/y,4.2%,4.2%,3.8%
Wed Jun 10 2026,13:45,CAD,High,BOC Rate Statement,,,
Wed Jun 10 2026,13:45,CAD,High,Overnight Rate,2.25%,2.25%,2.25%
Wed Jun 10 2026,14:30,CAD,High,BOC Press Conference,,,
Wed Jun 10 2026,14:30,USD,Low,Crude Oil Inventories,-7.2M,-3.0M,-8.0M
Wed Jun 10 2026,17:01,USD,Low,10-y Bond Auction,4.54|2.6,,4.47|2.4
Wed Jun 10 2026,17:59,USD,Low,Federal Budget Balance,-292.6B,-282.9B,215.0B
Wed Jun 10 2026,23:01,GBP,Low,RICS House Price Balance,-35%,-32%,-35%
Wed Jun 10 2026,23:50,JPY,Low,BSI Manufacturing Index,-1.8,4.2,3.8
Thu Jun 11 2026,1:00,AUD,Low,MI Inflation Expectations,5.5%,,5.6%
Thu Jun 11 2026,All Day,EUR,Low,Eurogroup Meetings,,,
Thu Jun 11 2026,12:15,EUR,High,Main Refinancing Rate,2.40%,2.40%,2.15%
Thu Jun 11 2026,12:15,EUR,High,Monetary Policy Statement,,,
Thu Jun 11 2026,12:30,CAD,Low,Building Permits m/m,-7.6%,-3.7%,10.6%
Thu Jun 11 2026,12:30,USD,High,Core PPI m/m,0.4%,0.5%,0.7%
Thu Jun 11 2026,12:30,USD,High,PPI m/m,1.1%,0.7%,1.1%
Thu Jun 11 2026,12:30,USD,Medium,Unemployment Claims,229K,220K,225K
Thu Jun 11 2026,12:45,EUR,High,ECB Press Conference,,,
Thu Jun 11 2026,14:30,USD,Low,Natural Gas Storage,108B,101B,95B
Thu Jun 11 2026,17:01,USD,Low,30-y Bond Auction,5.02|2.3,,5.05|2.3
Thu Jun 11 2026,22:30,NZD,Low,BusinessNZ Manufacturing Index,49.9,,50.4
Thu Jun 11 2026,22:45,NZD,Low,Visitor Arrivals m/m,2.3%,,-2.6%
Fri Jun 12 2026,4:30,JPY,Low,Revised Industrial Production m/m,0.5%,0.9%,0.8%
Fri Jun 12 2026,6:00,EUR,Low,German Final CPI m/m,-0.2%,-0.2%,-0.2%
Fri Jun 12 2026,6:00,GBP,High,GDP m/m,-0.1%,-0.1%,0.3%
Fri Jun 12 2026,6:00,GBP,Low,Construction Output m/m,0.1%,-0.7%,1.5%
Fri Jun 12 2026,6:00,GBP,Low,Goods Trade Balance,-26.0B,-22.5B,-27.2B
Fri Jun 12 2026,6:00,GBP,Low,Index of Services 3m/3m,0.8%,0.8%,0.8%
Fri Jun 12 2026,6:00,GBP,Low,Industrial Production m/m,0.0%,0.1%,-0.2%
Fri Jun 12 2026,6:00,GBP,Low,Manufacturing Production m/m,0.4%,-0.2%,1.2%
Fri Jun 12 2026,6:45,EUR,Low,French Final CPI m/m,0.1%,0.1%,0.1%
Fri Jun 12 2026,8:30,EUR,Low,Italian Quarterly Unemployment Rate,5.3%,,5.7%
Fri Jun 12 2026,8:30,GBP,Low,Consumer Inflation Expectations,4.0%,,3.2%
Fri Jun 12 2026,9:00,CNY,Low,M2 Money Supply y/y,8.6%,8.6%,8.6%
Fri Jun 12 2026,9:00,CNY,Low,New Loans,520B,450B,-10B
Fri Jun 12 2026,All Day,EUR,Low,ECOFIN Meetings,,,
Fri Jun 12 2026,13:30,GBP,Low,CB Leading Index m/m,-0.4%,,-0.5%
Fri Jun 12 2026,14:00,USD,Medium,Prelim UoM Consumer Sentiment,48.9,46.1,44.8
Fri Jun 12 2026,14:00,USD,Medium,Prelim UoM Inflation Expectations,4.6%,,4.8%
Fri Jun 12 2026,14:30,EUR,Low,German Buba President Nagel Speaks,,,
Sun Jun 14 2026,22:30,NZD,Low,BusinessNZ Services Index,47.5,,48.7
Sun Jun 14 2026,23:01,GBP,Low,Rightmove HPI m/m,-0.6%,,1.2%
Mon Jun 15 2026,4:30,JPY,Low,Tertiary Industry Activity m/m,1.3%,0.5%,-0.6%
Mon Jun 15 2026,6:00,EUR,Low,German WPI m/m,-0.6%,0.8%,2.0%
Mon Jun 15 2026,6:30,CHF,Low,PPI m/m,-0.4%,0.4%,0.8%
Mon Jun 15 2026,7:00,CHF,Low,SECO Consumer Climate,-38,-38,-40
Mon Jun 15 2026,7:00,EUR,Low,German Buba President Nagel Speaks,,,
Mon Jun 15 2026,7:30,EUR,Medium,ECB President Lagarde Speaks,,,
Mon Jun 15 2026,8:00,EUR,Low,Italian Trade Balance,4.29B,5.19B,4.81B
Mon Jun 15 2026,Day 1,All,Low,G7 Meetings,,,
Mon Jun 15 2026,9:00,EUR,Low,Industrial Production m/m,0.1%,0.2%,0.4%
Mon Jun 15 2026,9:00,EUR,Low,Trade Balance,1.3B,7.8B,0.6B
Mon Jun 15 2026,12:15,CAD,Low,Housing Starts,261K,255K,278K
Mon Jun 15 2026,12:30,CAD,Low,Manufacturing Sales m/m,4.2%,4.4%,3.4%
Mon Jun 15 2026,12:30,CAD,Low,Wholesale Sales m/m,0.6%,0.2%,1.6%
Mon Jun 15 2026,12:30,USD,Low,Empire State Manufacturing Index,5.7,13.2,19.6
Mon Jun 15 2026,13:15,USD,Low,Capacity Utilization Rate,76.2%,76.2%,76.1%
Mon Jun 15 2026,13:15,USD,Low,Industrial Production m/m,0.1%,0.3%,0.9%
Mon Jun 15 2026,14:00,USD,Low,NAHB Housing Market Index,35,36,37
Mon Jun 15 2026,22:45,NZD,Low,FPI m/m,1.0%,,0.0%
Tue Jun 16 2026,1:30,CNY,Low,New Home Prices m/m,-0.20%,,-0.19%
Tue Jun 16 2026,2:00,CNY,Low,Fixed Asset Investment ytd/y,-4.1%,-2.3%,-1.6%
Tue Jun 16 2026,2:00,CNY,Low,Industrial Production y/y,4.5%,4.4%,4.1%
Tue Jun 16 2026,2:00,CNY,Low,NBS Press Conference,,,
Tue Jun 16 2026,2:00,CNY,Low,Retail Sales y/y,-0.6%,-0.3%,0.2%
Tue Jun 16 2026,2:00,CNY,Low,Unemployment Rate,5.1%,5.2%,5.2%
Tue Jun 16 2026,3:19,JPY,High,BOJ Policy Rate,<1.00%,<1.00%,<0.75%
Tue Jun 16 2026,3:19,JPY,High,Monetary Policy Statement,,,
Tue Jun 16 2026,4:30,AUD,High,Cash Rate,4.35%,4.35%,4.35%
Tue Jun 16 2026,4:30,AUD,High,RBA Rate Statement,,,
Tue Jun 16 2026,5:30,AUD,High,RBA Press Conference,,,
Tue Jun 16 2026,6:30,JPY,High,BOJ Press Conference,,,
Tue Jun 16 2026,Day 2,All,Low,G7 Meetings,,,
Tue Jun 16 2026,9:00,EUR,Low,German ZEW Economic Sentiment,10.5,-5.8,-10.2
Tue Jun 16 2026,9:00,EUR,Low,ZEW Economic Sentiment,9.5,-7.2,-9.1
Tue Jun 16 2026,9:02,GBP,Low,10-y Bond Auction,4.86|3.5,,4.98|3.6
Tue Jun 16 2026,12:15,USD,Low,ADP Weekly Employment Change,25.5K,,29.0K
Tue Jun 16 2026,12:30,CAD,Low,Foreign Securities Purchases,46.91B,8.16B,4.40B
Tue Jun 16 2026,12:30,USD,Low,Building Permits,1.41M,1.42M,1.42M
Tue Jun 16 2026,12:30,USD,Low,Housing Starts,1.18M,1.43M,1.39M
Tue Jun 16 2026,12:30,USD,Low,Import Prices m/m,1.9%,0.9%,2.0%
Tue Jun 16 2026,15:14,NZD,Low,GDT Price Index,-2.8%,,-0.6%
Tue Jun 16 2026,20:30,USD,Low,API Weekly Statistical Bulletin,,,
Tue Jun 16 2026,21:00,NZD,Low,Westpac Consumer Sentiment,80.4,,94.7
Tue Jun 16 2026,22:45,NZD,Low,Current Account,-1.01B,-1.01B,-5.64B
Tue Jun 16 2026,23:50,JPY,Low,Core Machinery Orders m/m,8.7%,1.2%,-9.4%
Tue Jun 16 2026,23:50,JPY,Low,Trade Balance,-0.09T,-0.21T,0.20T
Wed Jun 17 2026,0:30,AUD,Low,MI Leading Index m/m,0.0%,,0.1%
Wed Jun 17 2026,1:30,AUD,Low,RBA Assist Gov Jones Speaks,,,
Wed Jun 17 2026,6:00,GBP,High,CPI y/y,2.8%,3.0%,2.8%
Wed Jun 17 2026,6:00,GBP,Low,Core CPI y/y,2.6%,2.7%,2.5%
Wed Jun 17 2026,6:00,GBP,Low,PPI Input m/m,0.2%,0.5%,2.6%
Wed Jun 17 2026,6:00,GBP,Low,PPI Output m/m,0.5%,0.5%,1.5%
Wed Jun 17 2026,6:00,GBP,Low,RPI y/y,3.1%,3.3%,3.0%
Wed Jun 17 2026,8:30,GBP,Low,HPI y/y,3.8%,2.8%,0.0%
Wed Jun 17 2026,Day 3,All,Low,G7 Meetings,,,
Wed Jun 17 2026,9:00,EUR,Low,Final Core CPI y/y,2.6%,2.5%,2.5%
Wed Jun 17 2026,9:00,EUR,Low,Final CPI y/y,3.2%,3.2%,3.2%
Wed Jun 17 2026,10:50,EUR,Medium,ECB President Lagarde Speaks,,,
Wed Jun 17 2026,12:30,CAD,Low,NHPI m/m,-0.3%,-0.1%,-0.4%
Wed Jun 17 2026,12:30,USD,Medium,Core Retail Sales m/m,0.8%,0.6%,0.7%
Wed Jun 17 2026,12:30,USD,Medium,Retail Sales m/m,0.9%,0.5%,0.4%
Wed Jun 17 2026,14:00,USD,Low,Business Inventories m/m,0.5%,0.5%,1.0%
Wed Jun 17 2026,14:00,USD,Low,Pending Home Sales m/m,3.8%,0.8%,0.3%
Wed Jun 17 2026,14:30,USD,Low,Crude Oil Inventories,-8.3M,-3.6M,-7.2M
Wed Jun 17 2026,14:45,USD,Medium,President Trump Speaks,,,
Wed Jun 17 2026,18:00,USD,High,Federal Funds Rate,3.75%,3.75%,3.75%
Wed Jun 17 2026,18:00,USD,High,FOMC Economic Projections,,,
Wed Jun 17 2026,18:00,USD,High,FOMC Statement,,,
Wed Jun 17 2026,18:30,USD,High,FOMC Press Conference,,,
Wed Jun 17 2026,22:45,NZD,High,GDP q/q,0.8%,0.8%,0.5%
Thu Jun 18 2026,6:00,GBP,High,Claimant Count Change,31.2K,25.8K,8.3K
Thu Jun 18 2026,6:00,GBP,Medium,Average Earnings Index 3m/y,4.4%,4.0%,4.4%
Thu Jun 18 2026,6:00,GBP,Low,Unemployment Rate,4.9%,5.0%,5.0%
Thu Jun 18 2026,7:00,CHF,Low,SECO Economic Forecasts,,,
Thu Jun 18 2026,7:00,EUR,Low,German Buba President Nagel Speaks,,,
Thu Jun 18 2026,7:30,CHF,High,SNB Monetary Policy Assessment,,,
Thu Jun 18 2026,7:30,CHF,High,SNB Policy Rate,0.00%,0.00%,0.00%
Thu Jun 18 2026,8:00,CHF,High,SNB Press Conference,,,
Thu Jun 18 2026,8:00,EUR,Low,Current Account,15.7B,18.5B,14.9B
Thu Jun 18 2026,8:36,EUR,Low,Spanish 10-y Bond Auction,3.38|1.9,,3.39|2.1
Thu Jun 18 2026,10:00,EUR,Low,German Buba Monthly Report,,,
Thu Jun 18 2026,11:00,GBP,High,Monetary Policy Summary,,,
Thu Jun 18 2026,11:00,GBP,High,MPC Official Bank Rate Votes,2-0-7,1-0-8,1-0-8
Thu Jun 18 2026,11:00,GBP,High,Official Bank Rate,3.75%,3.75%,3.75%
Thu Jun 18 2026,12:30,CAD,Low,IPPI m/m,1.2%,1.3%,1.6%
Thu Jun 18 2026,12:30,CAD,Low,RMPI m/m,0.7%,1.1%,2.6%
Thu Jun 18 2026,12:30,USD,Medium,Philly Fed Manufacturing Index,10.3,9.8,-0.4
Thu Jun 18 2026,12:30,USD,Medium,Unemployment Claims,226K,225K,230K
Thu Jun 18 2026,14:00,USD,Low,CB Leading Index m/m,0.1%,0.1%,0.2%
Thu Jun 18 2026,14:30,USD,Low,Natural Gas Storage,73B,82B,108B
Thu Jun 18 2026,20:00,USD,Low,TIC Long-Term Purchases,103.1B,72.5B,79.9B
Thu Jun 18 2026,22:45,NZD,Low,Trade Balance,800M,875M,1598M
Thu Jun 18 2026,23:01,GBP,Low,GfK Consumer Confidence,-23,-23,-23
Thu Jun 18 2026,All Day,CNY,,Bank Holiday,,,
Thu Jun 18 2026,23:30,JPY,Low,National Core CPI y/y,1.4%,1.4%,1.4%
Thu Jun 18 2026,23:50,JPY,Low,Monetary Policy Meeting Minutes,,,
Fri Jun 19 2026,6:00,EUR,Low,German PPI m/m,0.3%,0.7%,1.2%
Fri Jun 19 2026,6:00,GBP,Medium,Retail Sales m/m,1.2%,0.5%,-1.0%
Fri Jun 19 2026,6:00,GBP,Low,Public Sector Net Borrowing,23.3B,19.0B,23.0B
Fri Jun 19 2026,All Day,USD,,Bank Holiday,,,
Fri Jun 19 2026,12:30,CAD,Low,Core Retail Sales m/m,0.1%,0.8%,1.2%
Fri Jun 19 2026,12:30,CAD,Low,Retail Sales m/m,0.5%,0.6%,0.9%
Fri Jun 19 2026,14:30,AUD,Low,CB Leading Index m/m,0.3%,,-0.7%
Mon Jun 22 2026,1:00,CNY,Low,1-y Loan Prime Rate,3.00%,3.00%,3.00%
Mon Jun 22 2026,1:00,CNY,Low,5-y Loan Prime Rate,3.50%,3.50%,3.50%
Mon Jun 22 2026,3:00,NZD,Low,Credit Card Spending y/y,5.1%,,3.1%
Mon Jun 22 2026,9:06,CNY,Low,Foreign Direct Investment ytd/y,-8.6%,,-10.3%
Mon Jun 22 2026,11:00,EUR,Low,German Buba President Nagel Speaks,,,
Mon Jun 22 2026,12:30,CAD,High,CPI m/m,1.0%,0.7%,0.4%
Mon Jun 22 2026,12:30,CAD,High,Median CPI y/y,2.1%,2.1%,2.1%
Mon Jun 22 2026,12:30,CAD,High,Trimmed CPI y/y,2.0%,2.0%,2.0%
Mon Jun 22 2026,12:30,CAD,Medium,Common CPI y/y,2.7%,2.5%,2.5%
Mon Jun 22 2026,12:30,CAD,Low,Core CPI m/m,0.6%,,0.2%
Mon Jun 22 2026,13:00,EUR,Medium,ECB President Lagarde Speaks,,,
Mon Jun 22 2026,13:00,USD,Low,FOMC Member Waller Speaks,,,
Mon Jun 22 2026,14:04,EUR,Low,Consumer Confidence,-18,-18,-19
Mon Jun 22 2026,15:25,EUR,Medium,ECB President Lagarde Speaks,,,
Mon Jun 22 2026,21:30,USD,Low,FOMC Member Goolsbee Speaks,,,
Mon Jun 22 2026,23:00,AUD,Low,Flash Manufacturing PMI,51.2,,50.7
Mon Jun 22 2026,23:00,AUD,Low,Flash Services PMI,49.9,,48.7
Tue Jun 23 2026,0:30,JPY,Low,Flash Manufacturing PMI,54.9,54.5,54.5
Tue Jun 23 2026,5:00,JPY,Low,BOJ Core CPI y/y,1.4%,1.5%,1.4%
Tue Jun 23 2026,7:15,EUR,Medium,French Flash Manufacturing PMI,50.7,50.2,49.7
Tue Jun 23 2026,7:15,EUR,Medium,French Flash Services PMI,47.4,45.9,44.3
Tue Jun 23 2026,7:30,EUR,Medium,German Flash Manufacturing PMI,50.0,50.3,50.1
Tue Jun 23 2026,7:30,EUR,Medium,German Flash Services PMI,46.8,49.0,48.1
Tue Jun 23 2026,8:00,EUR,Low,Flash Manufacturing PMI,51.3,51.6,51.6
Tue Jun 23 2026,8:00,EUR,Low,Flash Services PMI,48.9,48.6,47.7
Tue Jun 23 2026,8:30,GBP,Medium,Flash Manufacturing PMI,53.1,53.5,53.9
Tue Jun 23 2026,8:30,GBP,Medium,Flash Services PMI,48.7,50.1,49.3
Tue Jun 23 2026,8:55,GBP,Low,MPC Member Breeden Speaks,,,
Tue Jun 23 2026,10:00,GBP,Low,CBI Industrial Order Expectations,-45,-33,-41
Tue Jun 23 2026,12:15,USD,Low,ADP Weekly Employment Change,30.8K,,26.5K
Tue Jun 23 2026,13:15,GBP,Low,MPC Member Taylor Speaks,,,
Tue Jun 23 2026,13:25,CAD,Medium,BOC Gov Macklem Speaks,,,
Tue Jun 23 2026,13:45,USD,Medium,Flash Manufacturing PMI,55.7,54.6,55.1
Tue Jun 23 2026,13:45,USD,Medium,Flash Services PMI,51.3,51.1,50.7
Tue Jun 23 2026,14:00,USD,Low,Richmond Manufacturing Index,4,8,13
Tue Jun 23 2026,17:30,GBP,Low,MPC Member Dhingra Speaks,,,
Tue Jun 23 2026,18:05,USD,Medium,President Trump Speaks,,,
Tue Jun 23 2026,20:30,USD,Low,API Weekly Statistical Bulletin,,,
Tue Jun 23 2026,23:50,JPY,Low,BOJ Summary of Opinions,,,
Tue Jun 23 2026,23:50,JPY,Low,SPPI y/y,3.3%,3.3%,3.3%
Wed Jun 24 2026,1:30,AUD,High,CPI m/m,-0.7%,-0.4%,0.4%
Wed Jun 24 2026,1:30,AUD,High,CPI y/y,4.0%,4.3%,4.2%
Wed Jun 24 2026,1:30,AUD,High,Trimmed Mean CPI m/m,0.4%,0.3%,0.3%
Wed Jun 24 2026,6:30,AUD,Low,RBA Deputy Gov Hauser Speaks,,,
Wed Jun 24 2026,7:00,CHF,Low,Gov Board Member Martin Speaks,,,
Wed Jun 24 2026,8:00,CHF,Low,UBS Economic Expectations,-25.0,,-11.1
Wed Jun 24 2026,8:00,EUR,Low,German ifo Business Climate,85.6,85.6,85.0
Wed Jun 24 2026,9:00,EUR,Low,German Buba President Nagel Speaks,,,
Wed Jun 24 2026,9:40,EUR,Low,German 10-y Bond Auction,2.96|1.7,,3.06|1.7
Wed Jun 24 2026,11:15,CAD,Low,Gov Council Member Rogers Speaks,,,
Wed Jun 24 2026,11:15,GBP,Low,MPC Member Breeden Speaks,,,
Wed Jun 24 2026,12:30,USD,Low,Current Account,-227B,-212B,-221B
Wed Jun 24 2026,12:38,EUR,Low,Belgian NBB Business Climate,-12.4,-12.0,-13.3
Wed Jun 24 2026,13:00,CHF,Low,SNB Quarterly Bulletin,,,
Wed Jun 24 2026,14:00,USD,Low,New Home Sales,580K,638K,626K
Wed Jun 24 2026,14:30,USD,Low,Crude Oil Inventories,-6.1M,-3.9M,-8.3M
Wed Jun 24 2026,15:00,GBP,Low,MPC Member Dhingra Speaks,,,
Wed Jun 24 2026,16:30,GBP,Low,MPC Member Pill Speaks,,,
Wed Jun 24 2026,17:30,CAD,Low,BOC Summary of Deliberations,,,
Wed Jun 24 2026,20:00,USD,Low,Bank Stress Test Results,,,
Thu Jun 25 2026,0:30,USD,Medium,President Trump Speaks,,,
Thu Jun 25 2026,1:30,AUD,High,Employment Change,40.3K,31.2K,-40.7K
Thu Jun 25 2026,1:30,AUD,High,Unemployment Rate,4.4%,4.4%,4.5%
Thu Jun 25 2026,1:30,AUD,Low,Household Spending m/m,1.3%,0.5%,-1.1%
Thu Jun 25 2026,3:50,AUD,Low,NAB Quarterly Business Confidence,-19,,-5
Thu Jun 25 2026,6:00,EUR,Low,German GfK Consumer Climate,-29.2,-27.8,-29.7
Thu Jun 25 2026,8:00,EUR,Low,ECB Economic Bulletin,,,
Thu Jun 25 2026,10:00,GBP,Low,CBI Realized Sales,-54,-41,-46
Thu Jun 25 2026,12:30,USD,High,Core PCE Price Index m/m,0.3%,0.3%,0.3%
Thu Jun 25 2026,12:30,USD,High,Final GDP q/q,2.1%,1.6%,1.6%
Thu Jun 25 2026,12:30,USD,Medium,Final GDP Price Index q/q,3.6%,3.5%,3.5%
Thu Jun 25 2026,12:30,USD,Medium,Unemployment Claims,215K,225K,227K
Thu Jun 25 2026,12:30,USD,Low,Core Durable Goods Orders m/m,1.3%,0.5%,1.4%
Thu Jun 25 2026,12:30,USD,Low,Durable Goods Orders m/m,-4.5%,-5.0%,8.0%
Thu Jun 25 2026,12:30,USD,Low,Personal Income m/m,0.7%,0.4%,0.0%
Thu Jun 25 2026,12:30,USD,Low,Personal Spending m/m,0.7%,0.6%,0.4%
Thu Jun 25 2026,12:45,USD,Low,FOMC Member Bowman Speaks,,,
Thu Jun 25 2026,13:04,CNY,Low,CB Leading Index m/m,-0.1%,,-0.9%
Thu Jun 25 2026,14:30,USD,Low,Natural Gas Storage,76B,67B,73B
Thu Jun 25 2026,19:40,USD,Low,FOMC Member Williams Speaks,,,
Thu Jun 25 2026,22:30,USD,Low,FOMC Member Goolsbee Speaks,,,
Thu Jun 25 2026,23:30,JPY,Medium,Tokyo Core CPI y/y,1.6%,1.6%,1.3%
Fri Jun 26 2026,8:30,EUR,Low,German Buba President Nagel Speaks,,,
Fri Jun 26 2026,9:06,EUR,Low,Italian 10-y Bond Auction,3.63|1.7,,3.77|1.6
Fri Jun 26 2026,12:30,USD,Low,Goods Trade Balance,-105.8B,-85.0B,-83.0B
Fri Jun 26 2026,12:30,USD,Low,Prelim Wholesale Inventories m/m,0.3%,0.3%,0.6%
Fri Jun 26 2026,14:00,USD,Medium,Revised UoM Consumer Sentiment,49.5,50.0,48.9
Fri Jun 26 2026,14:00,USD,Medium,Revised UoM Inflation Expectations,4.6%,,4.6%
Fri Jun 26 2026,15:30,USD,Low,FOMC Member Kashkari Speaks,,,
Fri Jun 26 2026,17:30,USD,Medium,President Trump Speaks,,,
Sun Jun 28 2026,12:15,AUD,Medium,RBA Gov Bullock Speaks,,,
Sun Jun 28 2026,16:35,USD,Low,FOMC Member Barkin Speaks,,,
Sun Jun 28 2026,23:30,AUD,Low,RBA Assist Gov Kent Speaks,,,
Sun Jun 28 2026,23:50,JPY,Low,Retail Sales y/y,5.3%,3.1%,2.8%
Mon Jun 29 2026,5:00,GBP,Low,MPC Member Pill Speaks,,,
Mon Jun 29 2026,All Day,EUR,,Italian Bank Holiday,,,
Mon Jun 29 2026,7:00,EUR,Low,Spanish Flash CPI y/y,3.2%,3.2%,3.2%
Mon Jun 29 2026,8:00,EUR,Low,M3 Money Supply y/y,3.2%,2.7%,2.7%
Mon Jun 29 2026,8:00,EUR,Low,Private Loans y/y,3.1%,2.9%,3.0%
Mon Jun 29 2026,8:30,GBP,Low,M4 Money Supply m/m,0.1%,0.2%,0.2%
Mon Jun 29 2026,8:30,GBP,Low,Mortgage Approvals,56K,63K,66K
Mon Jun 29 2026,8:30,GBP,Low,Net Lending to Individuals m/m,4.6B,6.0B,6.2B
Mon Jun 29 2026,19:00,EUR,Medium,ECB President Lagarde Speaks,,,
Mon Jun 29 2026,23:01,GBP,Low,BRC Shop Price Index y/y,1.2%,1.2%,1.2%
Mon Jun 29 2026,23:30,JPY,Low,Unemployment Rate,2.5%,2.5%,2.5%
Mon Jun 29 2026,23:50,JPY,Low,Prelim Industrial Production m/m,0.5%,0.6%,0.5%
Tue Jun 30 2026,1:00,NZD,Low,ANZ Business Confidence,36.6,,10.0
Tue Jun 30 2026,1:30,AUD,Low,Monetary Policy Meeting Minutes,,,
Tue Jun 30 2026,1:30,AUD,Low,Private Sector Credit m/m,0.7%,0.6%,0.7%
Tue Jun 30 2026,1:30,CNY,Low,Manufacturing PMI,50.3,50.1,50.0
Tue Jun 30 2026,1:30,CNY,Low,Non-Manufacturing PMI,50.2,49.9,50.1
Tue Jun 30 2026,5:00,JPY,Low,Housing Starts y/y,33.9%,31.8%,11.4%
Tue Jun 30 2026,6:00,EUR,Low,German Import Prices m/m,0.7%,0.4%,1.2%
Tue Jun 30 2026,6:00,EUR,Low,German Retail Sales m/m,1.1%,0.0%,-0.4%
Tue Jun 30 2026,6:00,GBP,Low,Current Account,-22.1B,-22.2B,-27.2B
Tue Jun 30 2026,6:00,GBP,Low,Final GDP q/q,0.6%,0.6%,0.6%
Tue Jun 30 2026,6:00,GBP,Low,Revised Business Investment q/q,0.9%,0.7%,0.7%
Tue Jun 30 2026,All Day,EUR,Medium,German Prelim CPI m/m,-0.3%,0.0%,-0.2%
Tue Jun 30 2026,6:45,EUR,Low,French Consumer Spending m/m,0.5%,0.2%,-0.5%
Tue Jun 30 2026,6:45,EUR,Low,French Prelim CPI m/m,-0.2%,0.0%,0.1%
Tue Jun 30 2026,7:00,CHF,Low,KOF Economic Barometer,101.2,99.0,98.6
Tue Jun 30 2026,7:55,EUR,Low,German Unemployment Change,-1K,7K,-12K
Tue Jun 30 2026,9:00,EUR,Low,Italian Prelim CPI m/m,0.0%,0.2%,0.4%
Tue Jun 30 2026,10:40,GBP,Low,MPC Member Breeden Speaks,,,
Tue Jun 30 2026,12:30,CAD,High,GDP m/m,0.5%,0.4%,-0.1%
Tue Jun 30 2026,13:00,USD,Low,HPI m/m,-0.1%,0.2%,0.2%
Tue Jun 30 2026,13:00,USD,Low,S&P/CS Composite-20 HPI y/y,1.1%,0.9%,0.9%
Tue Jun 30 2026,13:45,USD,Low,Chicago PMI,56.7,55.7,62.7
Tue Jun 30 2026,14:00,USD,Medium,CB Consumer Confidence,91.2,94.4,90.6
Tue Jun 30 2026,14:00,USD,Medium,JOLTS Job Openings,7.59M,7.28M,7.59M
Tue Jun 30 2026,20:30,USD,Low,API Weekly Statistical Bulletin,,,
Tue Jun 30 2026,23:50,JPY,Low,Tankan Manufacturing Index,22,16,17
Tue Jun 30 2026,23:50,JPY,Low,Tankan Non-Manufacturing Index,37,36,36
Wed Jul 1 2026,0:30,JPY,Low,Final Manufacturing PMI,54.8,54.9,54.9
Wed Jul 1 2026,1:30,AUD,Low,Building Approvals m/m,-1.1%,0.5%,-0.2%
Wed Jul 1 2026,1:45,CNY,Low,RatingDog Manufacturing PMI,51.7,51.9,51.8
Wed Jul 1 2026,5:00,JPY,Low,Consumer Confidence,33.8,34.1,33.6
Wed Jul 1 2026,6:00,GBP,Low,Nationwide HPI m/m,0.0%,0.1%,-0.6%
Wed Jul 1 2026,6:30,AUD,Low,Commodity Prices y/y,16.9%,,18.5%
Wed Jul 1 2026,6:30,CHF,Low,Retail Sales y/y,3.5%,1.8%,1.7%
Wed Jul 1 2026,7:15,EUR,Low,Spanish Manufacturing PMI,49.7,51.0,51.2
Wed Jul 1 2026,7:30,CHF,Low,Manufacturing PMI,54.3,56.4,57.3
Wed Jul 1 2026,7:45,EUR,Low,Italian Manufacturing PMI,52.2,52.4,52.9
Wed Jul 1 2026,7:50,EUR,Low,French Final Manufacturing PMI,51.2,50.7,50.7
Wed Jul 1 2026,7:55,EUR,Low,German Final Manufacturing PMI,50.3,50.0,50.0
Wed Jul 1 2026,8:00,EUR,Low,Final Manufacturing PMI,51.4,51.3,51.3
Wed Jul 1 2026,8:30,GBP,Low,Final Manufacturing PMI,52.5,53.1,53.1
Wed Jul 1 2026,9:00,EUR,Medium,Core CPI Flash Estimate y/y,2.4%,2.5%,2.6%
Wed Jul 1 2026,9:00,EUR,Medium,CPI Flash Estimate y/y,2.8%,3.0%,3.2%
Wed Jul 1 2026,9:30,USD,Low,Challenger Job Cuts y/y,-4.5%,,3.4%
Wed Jul 1 2026,All Day,CAD,,Bank Holiday,,,
Wed Jul 1 2026,12:15,USD,Medium,ADP Non-Farm Employment Change,98K,118K,122K
Wed Jul 1 2026,13:00,CAD,Medium,BOC Gov Macklem Speaks,,,
Wed Jul 1 2026,13:00,EUR,Medium,ECB President Lagarde Speaks,,,
Wed Jul 1 2026,13:00,GBP,High,BOE Gov Bailey Speaks,,,
Wed Jul 1 2026,13:00,USD,High,Fed Chairman Warsh Speaks,,,
Wed Jul 1 2026,13:45,USD,Low,Final Manufacturing PMI,53.9,55.7,55.7
Wed Jul 1 2026,14:00,EUR,Medium,ECB President Lagarde Speaks,,,
Wed Jul 1 2026,14:00,USD,High,ISM Manufacturing PMI,53.3,53.8,54.0
Wed Jul 1 2026,14:00,USD,Medium,ISM Manufacturing Prices,73.0,77.7,82.1
Wed Jul 1 2026,14:00,USD,Low,Construction Spending m/m,0.1%,0.1%,0.3%
Wed Jul 1 2026,All Day,USD,Low,Omdia Total Vehicle Sales,16.5M,16.1M,16.1M
Wed Jul 1 2026,14:30,USD,Low,Crude Oil Inventories,-3.8M,-2.9M,-6.1M
Wed Jul 1 2026,19:15,USD,Medium,President Trump Speaks,,,
Wed Jul 1 2026,22:45,NZD,Low,Building Consents m/m,-4.0%,,11.1%
Wed Jul 1 2026,23:50,JPY,Low,Monetary Base y/y,-13.7%,-10.0%,-12.2%
Thu Jul 2 2026,1:30,AUD,Low,Goods Trade Balance,-3.02B,2.19B,1.38B
Thu Jul 2 2026,3:35,JPY,Low,10-y Bond Auction,2.73|3.1,,2.65|3.5
Thu Jul 2 2026,4:30,CHF,Low,SNB Financial Stability Report,,,
Thu Jul 2 2026,6:30,CHF,Medium,CPI m/m,0.0%,0.1%,0.2%
Thu Jul 2 2026,6:45,EUR,Low,French Gov Budget Balance,-93.3B,,-69.6B
Thu Jul 2 2026,7:00,EUR,Low,Spanish Unemployment Change,-28.7K,-40.8K,-36.3K
Thu Jul 2 2026,8:00,EUR,Low,Italian Monthly Unemployment Rate,5.0%,5.1%,5.1%
Thu Jul 2 2026,8:30,GBP,Low,BOE Credit Conditions Survey,,,
Thu Jul 2 2026,8:41,EUR,Low,Spanish 10-y Bond Auction,3.40|1.8,,3.38|1.9
Thu Jul 2 2026,8:56,EUR,Low,French 10-y Bond Auction,3.68|3.3,,3.80|2.4
Thu Jul 2 2026,9:00,EUR,Low,Unemployment Rate,6.2%,6.3%,6.2%
Thu Jul 2 2026,9:03,GBP,Low,10-y Bond Auction,4.93|3.3,,4.86|3.5
Thu Jul 2 2026,11:45,USD,Low,FOMC Member Daly Speaks,,,
Thu Jul 2 2026,12:30,USD,High,Average Hourly Earnings m/m,0.3%,0.3%,0.3%
Thu Jul 2 2026,12:30,USD,High,Non-Farm Employment Change,57K,114K,129K
Thu Jul 2 2026,12:30,USD,High,Unemployment Rate,4.2%,4.3%,4.3%
Thu Jul 2 2026,12:30,USD,Medium,Unemployment Claims,215K,219K,216K
Thu Jul 2 2026,13:30,CAD,Low,Manufacturing PMI,53.0,,52.9
Thu Jul 2 2026,14:00,USD,Low,Factory Orders m/m,-1.3%,-1.7%,5.3%
Thu Jul 2 2026,14:30,USD,Low,Natural Gas Storage,87B,81B,76B
Thu Jul 2 2026,15:45,GBP,Low,MPC Member Mann Speaks,,,
Fri Jul 3 2026,1:45,CNY,Low,RatingDog Services PMI,54.1,53.0,54.4
Fri Jul 3 2026,6:45,EUR,Low,French Industrial Production m/m,-0.1%,-0.3%,0.3%
Fri Jul 3 2026,7:15,EUR,Low,Spanish Services PMI,54.2,51.0,50.1
Fri Jul 3 2026,7:45,EUR,Low,Italian Services PMI,50.2,50.3,49.4
Fri Jul 3 2026,7:50,EUR,Low,French Final Services PMI,46.8,47.4,47.4
Fri Jul 3 2026,7:55,EUR,Low,German Final Services PMI,48.6,46.9,46.8
Fri Jul 3 2026,8:00,EUR,Medium,ECB President Lagarde Speaks,,,
Fri Jul 3 2026,8:00,EUR,Low,Final Services PMI,49.4,48.9,48.9
Fri Jul 3 2026,8:00,EUR,Low,Italian Retail Sales m/m,0.2%,0.2%,0.0%
Fri Jul 3 2026,8:30,GBP,Low,Final Services PMI,48.8,48.8,48.7
Fri Jul 3 2026,All Day,USD,,Bank Holiday,,,
Fri Jul 3 2026,15:00,EUR,Low,German Buba President Nagel Speaks,,,
Fri Jul 3 2026,15:00,GBP,Medium,BOE Gov Bailey Speaks,,,
Mon Jul 6 2026,1:00,AUD,Low,MI Inflation Gauge m/m,-0.4%,,-0.3%
Mon Jul 6 2026,1:00,NZD,Low,ANZ Commodity Prices m/m,-1.0%,,0.7%
Mon Jul 6 2026,1:30,AUD,Low,ANZ Job Advertisements m/m,-0.2%,,2.0%
Mon Jul 6 2026,6:00,EUR,Low,German Factory Orders m/m,1.9%,1.1%,-3.2%
Mon Jul 6 2026,7:00,CHF,Low,Unemployment Rate,3.1%,3.1%,3.1%
Mon Jul 6 2026,8:30,EUR,Low,Sentix Investor Confidence,-3.1,-8.9,-13.4
Mon Jul 6 2026,8:30,GBP,Low,Construction PMI,38.4,40.1,38.2
Mon Jul 6 2026,8:30,GBP,Low,Housing Equity Withdrawal q/q,-12.6B,-14.5B,-13.9B
Mon Jul 6 2026,9:00,EUR,Low,PPI m/m,0.2%,0.2%,0.7%
Mon Jul 6 2026,9:00,EUR,Low,Retail Sales m/m,0.2%,0.2%,-0.3%
Mon Jul 6 2026,13:45,USD,Low,Final Services PMI,51.2,51.4,51.3
Mon Jul 6 2026,14:00,USD,High,ISM Services PMI,54.0,54.2,54.5
Mon Jul 6 2026,15:00,USD,Low,FOMC Member Waller Speaks,,,
Mon Jul 6 2026,15:30,CAD,Low,BOC Business Outlook Survey,,,
Mon Jul 6 2026,23:30,JPY,Low,Average Cash Earnings y/y,3.2%,3.4%,3.6%
Mon Jul 6 2026,23:30,JPY,Low,Household Spending y/y,-0.4%,-2.3%,-0.5%
Tue Jul 7 2026,3:35,JPY,Low,30-y Bond Auction,3.99|4.6,,3.86|2.9
Tue Jul 7 2026,5:00,JPY,Low,Leading Indicators,116.8%,116.9%,116.1%
Tue Jul 7 2026,6:00,EUR,Low,German Industrial Production m/m,0.9%,0.1%,0.2%
Tue Jul 7 2026,6:03,GBP,Low,Lloyds HPI m/m,0.2%,0.1%,-0.2%
Tue Jul 7 2026,6:45,EUR,Low,French Trade Balance,-6.9B,-5.9B,-5.4B
Tue Jul 7 2026,7:00,CHF,Low,Foreign Currency Reserves,759B,,711B
Tue Jul 7 2026,9:30,GBP,Low,BOE Financial Stability Report,,,
Tue Jul 7 2026,9:30,GBP,Low,FPC Meeting Minutes,,,
Tue Jul 7 2026,9:30,GBP,Low,FPC Statement,,,
Tue Jul 7 2026,10:30,GBP,Medium,BOE Gov Bailey Speaks,,,
Tue Jul 7 2026,11:00,USD,Low,FOMC Member Bowman Speaks,,,
Tue Jul 7 2026,Jun 13th,USD,Low,ADP Weekly Employment Change,24.3K,,30.8K
Tue Jul 7 2026,12:15,USD,Low,ADP Weekly Employment Change,21.0K,,24.3K
Tue Jul 7 2026,12:30,CAD,Low,Trade Balance,4.2B,2.8B,3.4B
Tue Jul 7 2026,12:30,USD,Low,Trade Balance,-77.6B,-78.3B,-54.6B
Tue Jul 7 2026,14:00,CAD,Medium,Ivey PMI,56.2,59.1,58.2
Tue Jul 7 2026,14:04,USD,Low,RCM/TIPP Economic Optimism,45.5,45.0,42.5
Tue Jul 7 2026,15:16,NZD,Low,GDT Price Index,-4.9%,,-2.8%
Tue Jul 7 2026,20:30,USD,Low,API Weekly Statistical Bulletin,,,
Tue Jul 7 2026,23:50,JPY,Low,Bank Lending y/y,5.7%,5.8%,5.7%
Tue Jul 7 2026,23:50,JPY,Low,Current Account,3.06T,3.19T,4.21T
Wed Jul 8 2026,1:00,AUD,Low,RBA Assist Gov Hunter Speaks,,,
Wed Jul 8 2026,2:00,NZD,High,Official Cash Rate,2.50%,2.50%,2.25%
Wed Jul 8 2026,2:00,NZD,High,RBNZ Rate Statement,,,
Wed Jul 8 2026,3:00,NZD,High,RBNZ Press Conference,,,
Wed Jul 8 2026,5:00,JPY,Low,Economy Watchers Sentiment,44.0,44.3,43.6
Wed Jul 8 2026,9:41,EUR,Low,German 10-y Bond Auction,3.09|1.0,,2.96|1.7
Wed Jul 8 2026,11:30,EUR,Low,German Buba President Nagel Speaks,,,
Wed Jul 8 2026,14:00,USD,Low,Final Wholesale Inventories m/m,0.1%,0.3%,0.3%
Wed Jul 8 2026,14:30,USD,Low,Crude Oil Inventories,3.0M,-1.9M,-3.8M
Wed Jul 8 2026,16:40,CHF,Medium,SNB Chairman Schlegel Speaks,,,
Wed Jul 8 2026,17:01,USD,Low,10-y Bond Auction,4.58|2.6,,4.54|2.6
Wed Jul 8 2026,18:00,USD,High,FOMC Meeting Minutes,,,
Wed Jul 8 2026,19:00,USD,Low,Consumer Credit m/m,-0.2B,16.9B,20.8B
Wed Jul 8 2026,22:30,NZD,Low,BusinessNZ Manufacturing Index,59.7,,51.3
Wed Jul 8 2026,23:01,GBP,Low,RICS House Price Balance,-33%,-31%,-34%
Wed Jul 8 2026,23:50,JPY,Low,M2 Money Stock y/y,2.2%,2.4%,2.4%
Thu Jul 9 2026,1:30,CNY,Low,CPI y/y,1.0%,1.1%,1.2%
Thu Jul 9 2026,1:30,CNY,Low,PPI y/y,4.1%,4.1%,3.9%
Thu Jul 9 2026,6:00,EUR,Low,German Trade Balance,19.1B,14.9B,14.7B
Thu Jul 9 2026,6:00,JPY,Low,Prelim Machine Tool Orders y/y,52.8%,,37.5%
Thu Jul 9 2026,All Day,EUR,Low,Eurogroup Meetings,,,
Thu Jul 9 2026,11:30,EUR,Low,ECB Monetary Policy Meeting Accounts,,,
Thu Jul 9 2026,12:30,USD,Medium,Unemployment Claims,215K,218K,217K
Thu Jul 9 2026,13:00,USD,Low,FOMC Member Williams Speaks,,,
Thu Jul 9 2026,14:00,USD,Low,Existing Home Sales,4.09M,4.19M,4.19M
Thu Jul 9 2026,14:30,USD,Low,Natural Gas Storage,61B,60B,87B
Thu Jul 9 2026,16:00,CHF,Low,Gov Board Member Martin Speaks,,,
Thu Jul 9 2026,17:01,USD,Low,30-y Bond Auction,5.06|2.4,,5.02|2.3
Thu Jul 9 2026,All Day,NZD,,Bank Holiday,,,
Thu Jul 9 2026,23:50,JPY,Low,PPI y/y,7.1%,6.8%,6.6%
Fri Jul 10 2026,6:00,EUR,Low,German Final CPI m/m,-0.3%,-0.3%,-0.3%
Fri Jul 10 2026,6:45,EUR,Low,French Final CPI m/m,-0.3%,-0.2%,-0.2%
Fri Jul 10 2026,7:00,CHF,Low,SECO Consumer Climate,-36,-35,-38
Fri Jul 10 2026,8:00,EUR,Low,Italian Industrial Production m/m,-0.3%,-0.1%,0.4%
Fri Jul 10 2026,All Day,EUR,Low,ECOFIN Meetings,,,
Fri Jul 10 2026,12:30,CAD,High,Employment Change,18.2K,11.2K,87.8K
Fri Jul 10 2026,12:30,CAD,High,Unemployment Rate,6.5%,6.6%,6.6%
Fri Jul 10 2026,12:30,CAD,Low,Building Permits m/m,-1.7%,1.0%,-6.6%
Fri Jul 10 2026,15:00,USD,Low,Fed Monetary Policy Report,,,
Sun Jul 12 2026,22:30,NZD,Low,BusinessNZ Services Index,50.6,,48.0
Mon Jul 13 2026,9:25,USD,Low,FOMC Member Bowman Speaks,,,
Mon Jul 13 2026,16:30,USD,Low,FOMC Member Waller Speaks,,,
Mon Jul 13 2026,17:59,USD,Low,Federal Budget Balance,-120.3B,-135.8B,-292.6B
Mon Jul 13 2026,18:00,GBP,Low,MPC Member Pill Speaks,,,
Mon Jul 13 2026,22:00,NZD,Low,NZIER Business Confidence,8,,-4
Mon Jul 13 2026,22:45,NZD,Low,Visitor Arrivals m/m,-2.4%,,1.8%
Mon Jul 13 2026,23:01,GBP,Low,BRC Retail Sales Monitor y/y,1.7%,2.6%,3.4%
Tue Jul 14 2026,0:30,AUD,Low,Westpac Consumer Sentiment,4.1%,,-2.9%
Tue Jul 14 2026,1:30,AUD,Low,NAB Business Confidence,-5,,-14
Tue Jul 14 2026,2:31,CNY,Low,Trade Balance,859B,810B,724B
Tue Jul 14 2026,2:31,CNY,Low,USD-Denominated Trade Balance,125.6B,119.5B,105.4B
Tue Jul 14 2026,4:30,JPY,Low,Revised Industrial Production m/m,0.1%,0.5%,0.5%
Tue Jul 14 2026,6:00,EUR,Low,German WPI m/m,-0.7%,0.5%,-0.6%
Tue Jul 14 2026,All Day,EUR,,French Bank Holiday,,,
Tue Jul 14 2026,6:30,CHF,Low,PPI m/m,-0.3%,-0.5%,-0.4%
Tue Jul 14 2026,8:45,GBP,Medium,BOE Gov Bailey Speaks,,,
Tue Jul 14 2026,10:00,USD,Low,NFIB Small Business Index,97.4,95.8,95.3
Tue Jul 14 2026,12:15,USD,Low,ADP Weekly Employment Change,19.8K,,21.0K
Tue Jul 14 2026,12:30,USD,High,Core CPI m/m,0.0%,0.2%,0.2%
Tue Jul 14 2026,12:30,USD,High,Core CPI y/y,2.6%,2.8%,2.9%
Tue Jul 14 2026,12:30,USD,High,CPI m/m,-0.4%,-0.1%,0.5%
Tue Jul 14 2026,12:30,USD,High,CPI y/y,3.5%,3.8%,4.2%
Tue Jul 14 2026,13:30,GBP,Low,CB Leading Index m/m,-0.5%,,-0.3%
Tue Jul 14 2026,14:00,USD,High,Fed Chairman Warsh Testifies,,,
Tue Jul 14 2026,14:30,AUD,Low,CB Leading Index m/m,0.2%,,0.3%
Tue Jul 14 2026,16:40,USD,Low,FOMC Member Barr Speaks,,,
Tue Jul 14 2026,17:00,USD,Low,FOMC Member Goolsbee Speaks,,,
Tue Jul 14 2026,18:55,USD,Low,FOMC Member Bowman Speaks,,,
Tue Jul 14 2026,20:00,GBP,High,BOE Gov Bailey Speaks,,,
Tue Jul 14 2026,20:00,USD,Low,TIC Long-Term Purchases,232.7B,128.5B,104.8B
Tue Jul 14 2026,20:30,USD,Low,API Weekly Statistical Bulletin,,,
Tue Jul 14 2026,23:50,JPY,Low,Core Machinery Orders m/m,-12.4%,-4.2%,8.7%
Wed Jul 15 2026,1:30,CNY,Low,New Home Prices m/m,-0.15%,,-0.20%
Wed Jul 15 2026,2:00,CNY,Low,Fixed Asset Investment ytd/y,-5.7%,-5.0%,-4.1%
Wed Jul 15 2026,2:00,CNY,Low,GDP q/y,4.3%,4.5%,5.0%
Wed Jul 15 2026,2:00,CNY,Low,Industrial Production y/y,5.3%,4.7%,4.5%
Wed Jul 15 2026,2:00,CNY,Low,NBS Press Conference,,,
Wed Jul 15 2026,2:00,CNY,Low,Retail Sales y/y,1.0%,-0.1%,-0.6%
Wed Jul 15 2026,2:00,CNY,Low,Unemployment Rate,5.0%,5.1%,5.1%
Wed Jul 15 2026,4:30,JPY,Low,Tertiary Industry Activity m/m,1.1%,0.4%,0.8%
Wed Jul 15 2026,7:00,CNY,Low,M2 Money Supply y/y,8.0%,8.5%,8.6%
Wed Jul 15 2026,7:01,CNY,Low,New Loans,1610B,1950B,520B
Wed Jul 15 2026,9:00,EUR,Low,Industrial Production m/m,-0.2%,0.3%,0.3%
Wed Jul 15 2026,9:34,EUR,Low,German 30-y Bond Auction,3.64|2.9,,3.50|1.8
Wed Jul 15 2026,10:30,GBP,Low,MPC Member Pill Speaks,,,
Wed Jul 15 2026,12:30,CAD,Low,Manufacturing Sales m/m,1.3%,1.1%,3.9%
Wed Jul 15 2026,12:30,CAD,Low,Wholesale Sales m/m,0.0%,-0.7%,1.4%
Wed Jul 15 2026,12:30,USD,High,Core PPI m/m,0.2%,0.3%,0.1%
Wed Jul 15 2026,12:30,USD,High,PPI m/m,-0.3%,0.0%,0.6%
Wed Jul 15 2026,12:30,USD,Low,Empire State Manufacturing Index,15.6,9.3,5.7
Wed Jul 15 2026,12:45,USD,Low,FOMC Member Williams Speaks,,,
Wed Jul 15 2026,13:45,CAD,High,BOC Monetary Policy Report,,,
Wed Jul 15 2026,13:45,CAD,High,BOC Rate Statement,,,
Wed Jul 15 2026,13:45,CAD,High,Overnight Rate,2.25%,2.25%,2.25%
Wed Jul 15 2026,14:00,USD,High,Fed Chairman Warsh Testifies,,,
Wed Jul 15 2026,14:30,USD,Low,Crude Oil Inventories,-1.7M,-1.8M,3.0M
Wed Jul 15 2026,14:45,CAD,High,BOC Press Conference,,,
Wed Jul 15 2026,16:00,EUR,Low,German Buba President Nagel Speaks,,,
Wed Jul 15 2026,17:00,USD,Low,FOMC Member Cook Speaks,,,
Wed Jul 15 2026,18:00,USD,Low,Beige Book,,,
Wed Jul 15 2026,22:30,USD,Low,FOMC Member Musalem Speaks,,,
Thu Jul 16 2026,1:00,AUD,Low,MI Inflation Expectations,4.7%,,5.5%
Thu Jul 16 2026,6:00,GBP,High,GDP m/m,0.1%,0.0%,-0.1%
Thu Jul 16 2026,6:00,GBP,Low,Construction Output m/m,-0.8%,-0.3%,-0.1%
Thu Jul 16 2026,6:00,GBP,Low,Goods Trade Balance,-18.7B,-23.1B,-24.6B
Thu Jul 16 2026,6:00,GBP,Low,Index of Services 3m/3m,0.7%,0.6%,0.9%
Thu Jul 16 2026,6:00,GBP,Low,Industrial Production m/m,-0.5%,-0.1%,0.2%
Thu Jul 16 2026,6:00,GBP,Low,Manufacturing Production m/m,0.1%,-0.2%,0.5%
Thu Jul 16 2026,7:30,CHF,Low,Summary of Monetary Policy Discussions,,,
Thu Jul 16 2026,9:00,EUR,Low,Italian Trade Balance,4.79B,4.83B,4.42B
Thu Jul 16 2026,9:00,EUR,Low,Trade Balance,-5.0B,2.8B,0.8B
Thu Jul 16 2026,9:02,GBP,Low,10-y Bond Auction,5.04|3.1,,4.93|3.3
Thu Jul 16 2026,12:15,CAD,Low,Housing Starts,239K,256K,253K
Thu Jul 16 2026,12:30,USD,Medium,Core Retail Sales m/m,-0.2%,0.0%,1.0%
Thu Jul 16 2026,12:30,USD,Medium,Philly Fed Manufacturing Index,41.4,12.7,10.3
Thu Jul 16 2026,12:30,USD,Medium,Retail Sales m/m,0.2%,0.2%,1.0%
Thu Jul 16 2026,12:30,USD,Medium,Unemployment Claims,208K,216K,216K
Thu Jul 16 2026,14:00,USD,Low,Business Inventories m/m,0.3%,0.3%,0.6%
Thu Jul 16 2026,14:00,USD,Low,NAHB Housing Market Index,34,35,36
Thu Jul 16 2026,14:00,USD,Low,Pending Home Sales m/m,-5.4%,-0.5%,3.5%
Thu Jul 16 2026,14:30,USD,Low,Natural Gas Storage,41B,45B,61B
Thu Jul 16 2026,16:30,USD,Low,FOMC Member Logan Speaks,,,
Thu Jul 16 2026,17:25,USD,Low,FOMC Member Schmid Speaks,,,
Thu Jul 16 2026,22:45,NZD,Low,FPI m/m,0.6%,,1.0%
Thu Jul 16 2026,23:00,USD,Low,FOMC Member Jefferson Speaks,,,
Fri Jul 17 2026,1:00,USD,Medium,President Trump Speaks,,,
Fri Jul 17 2026,8:00,EUR,Low,Current Account,25.1B,18.1B,17.5B
Fri Jul 17 2026,9:00,EUR,Low,Final Core CPI y/y,2.4%,2.4%,2.4%
Fri Jul 17 2026,9:00,EUR,Low,Final CPI y/y,2.8%,2.8%,2.8%
Fri Jul 17 2026,12:30,CAD,Low,Foreign Securities Purchases,7.90B,15.21B,46.92B
Fri Jul 17 2026,12:30,USD,Low,Building Permits,1.37M,1.40M,1.41M
Fri Jul 17 2026,12:30,USD,Low,Housing Starts,1.43M,1.31M,1.20M
Fri Jul 17 2026,12:30,USD,Low,Import Prices m/m,0.3%,-0.7%,1.7%
Fri Jul 17 2026,13:15,USD,Low,Capacity Utilization Rate,76.1%,76.2%,76.1%
Fri Jul 17 2026,13:15,USD,Low,Industrial Production m/m,0.1%,0.2%,0.1%
Fri Jul 17 2026,14:00,USD,Medium,Prelim UoM Consumer Sentiment,54.4,51.0,49.5
Fri Jul 17 2026,14:00,USD,Medium,Prelim UoM Inflation Expectations,4.2%,,4.6%
Sun Jul 19 2026,22:45,NZD,Low,Trade Balance,23M,250M,577M
Sun Jul 19 2026,All Day,JPY,,Bank Holiday,,,
Sun Jul 19 2026,23:01,GBP,Low,Rightmove HPI m/m,-1.0%,,-0.6%
Mon Jul 20 2026,1:00,CNY,Low,1-y Loan Prime Rate,3.00%,3.00%,3.00%
Mon Jul 20 2026,1:00,CNY,Low,5-y Loan Prime Rate,3.50%,3.50%,3.50%
Mon Jul 20 2026,6:00,EUR,Low,German PPI m/m,-0.3%,-0.2%,0.3%
Mon Jul 20 2026,12:30,CAD,High,CPI m/m,-0.4%,-0.2%,1.0%
Mon Jul 20 2026,12:30,CAD,High,Median CPI y/y,1.9%,2.1%,2.1%
Mon Jul 20 2026,12:30,CAD,High,Trimmed CPI y/y,1.8%,2.0%,2.0%
Mon Jul 20 2026,12:30,CAD,Medium,Common CPI y/y,2.6%,2.5%,2.7%
Mon Jul 20 2026,12:30,CAD,Low,Core CPI m/m,0.1%,,0.6%
Mon Jul 20 2026,14:00,USD,Low,CB Leading Index m/m,-0.2%,-0.1%,0.1%
Mon Jul 20 2026,22:45,NZD,High,CPI q/q,1.5%,1.4%,0.9%
Tue Jul 21 2026,6:00,GBP,High,Claimant Count Change,6.7K,29.4K,1.3K
Tue Jul 21 2026,6:00,GBP,Medium,Average Earnings Index 3m/y,4.3%,4.5%,4.4%
Tue Jul 21 2026,6:00,GBP,Low,Public Sector Net Borrowing,16.0B,17.8B,20.0B
Tue Jul 21 2026,6:00,GBP,Low,Unemployment Rate,4.9%,4.9%,4.9%
Tue Jul 21 2026,9:00,EUR,Low,ZEW Economic Sentiment,23.4,11.2,9.5
Tue Jul 21 2026,9:00,EUR,Low,German ZEW Economic Sentiment,26.3,15.1,10.5
Tue Jul 21 2026,11:30,EUR,Low,German Buba President Nagel Speaks,,,
Tue Jul 21 2026,12:15,USD,Low,ADP Weekly Employment Change,16.5K,,19.3K
Tue Jul 21 2026,15:16,NZD,Low,GDT Price Index,1.5%,,-4.9%
Tue Jul 21 2026,20:30,USD,Low,API Weekly Statistical Bulletin,,,
Tue Jul 21 2026,23:50,JPY,Low,Trade Balance,-0.88T,-0.56T,-0.22T
Wed Jul 22 2026,0:30,AUD,Low,MI Leading Index m/m,0.0%,,-0.1%
Wed Jul 22 2026,3:03,NZD,Low,Credit Card Spending y/y,3.1%,,4.2%
Wed Jul 22 2026,6:00,GBP,High,CPI y/y,2.6%,2.7%,2.8%
Wed Jul 22 2026,6:00,GBP,Low,Core CPI y/y,2.6%,2.5%,2.6%
Wed Jul 22 2026,6:00,GBP,Low,PPI Input m/m,-2.0%,-0.7%,0.6%
Wed Jul 22 2026,6:00,GBP,Low,PPI Output m/m,0.0%,-0.1%,0.3%
Wed Jul 22 2026,6:00,GBP,Low,RPI y/y,3.0%,3.0%,3.1%
Wed Jul 22 2026,8:30,GBP,Low,HPI y/y,2.7%,3.2%,3.9%
Wed Jul 22 2026,14:30,USD,Low,Crude Oil Inventories,2.0M,-2.0M,-1.7M
Wed Jul 22 2026,19:00,USD,Medium,President Trump Speaks,,,
Thu Jul 23 2026,1:30,AUD,High,Employment Change,76.3K,16.4K,44.0K
Thu Jul 23 2026,1:30,AUD,High,Unemployment Rate,4.4%,4.4%,4.4%
Thu Jul 23 2026,8:56,CNY,Low,Foreign Direct Investment ytd/y,-5.0%,,-8.6%
Thu Jul 23 2026,10:00,GBP,Low,CBI Industrial Order Expectations,-45,-40,-45
Thu Jul 23 2026,12:15,EUR,High,Main Refinancing Rate,2.40%,2.40%,2.40%
Thu Jul 23 2026,12:15,EUR,High,Monetary Policy Statement,,,
Thu Jul 23 2026,12:30,CAD,Low,Core Retail Sales m/m,1.2%,1.3%,0.0%
Thu Jul 23 2026,12:30,CAD,Low,Retail Sales m/m,1.0%,1.0%,0.4%
Thu Jul 23 2026,12:30,USD,Medium,Unemployment Claims,187K,211K,209K
Thu Jul 23 2026,12:45,EUR,High,ECB Press Conference,,,
Thu Jul 23 2026,13:00,CNY,Low,CB Leading Index m/m,0.1%,,-0.3%
Thu Jul 23 2026,14:00,EUR,Low,Consumer Confidence,-16,-17,-18
Thu Jul 23 2026,14:30,USD,Low,Natural Gas Storage,32B,29B,41B
Thu Jul 23 2026,20:00,USD,Low,Treasury Currency Report,,,
Thu Jul 23 2026,23:00,AUD,Low,Flash Manufacturing PMI,51.7,,51.5
Thu Jul 23 2026,23:00,AUD,Low,Flash Services PMI,53.0,,50.5
Thu Jul 23 2026,23:01,GBP,Low,GfK Consumer Confidence,-17,-22,-23
Thu Jul 23 2026,23:30,JPY,Low,National Core CPI y/y,1.6%,1.6%,1.4%
Fri Jul 24 2026,0:30,JPY,Low,Flash Manufacturing PMI,54.7,55.0,54.8
Fri Jul 24 2026,6:00,EUR,Low,German GfK Consumer Climate,-29.6,-28.7,-29.3
Fri Jul 24 2026,6:00,GBP,Medium,Retail Sales m/m,1.0%,-0.3%,1.2%
Fri Jul 24 2026,7:15,EUR,Medium,French Flash Manufacturing PMI,50.0,51.0,51.2
Fri Jul 24 2026,7:15,EUR,Medium,French Flash Services PMI,49.8,47.5,46.8
Fri Jul 24 2026,7:30,EUR,Medium,German Flash Manufacturing PMI,52.2,50.4,50.3
Fri Jul 24 2026,7:30,EUR,Medium,German Flash Services PMI,49.6,49.0,48.6
Fri Jul 24 2026,8:00,EUR,Low,Flash Manufacturing PMI,52.0,51.5,51.4
Fri Jul 24 2026,8:00,EUR,Low,Flash Services PMI,51.6,49.8,49.4
Fri Jul 24 2026,8:30,GBP,Medium,Flash Manufacturing PMI,52.8,52.0,52.5
Fri Jul 24 2026,8:30,GBP,Medium,Flash Services PMI,51.8,49.4,48.8
Fri Jul 24 2026,12:30,CAD,Low,IPPI m/m,-1.4%,-0.4%,1.4%
Fri Jul 24 2026,12:30,CAD,Low,NHPI m/m,-0.1%,-0.2%,-0.3%
Fri Jul 24 2026,12:30,CAD,Low,RMPI m/m,-6.9%,-1.5%,0.5%
Fri Jul 24 2026,13:00,EUR,Low,Belgian NBB Business Climate,-11.9,-10.2,-12.4
Fri Jul 24 2026,13:45,USD,Low,Flash Manufacturing PMI,53.8,54.4,53.9
Fri Jul 24 2026,13:45,USD,Low,Flash Services PMI,53.6,51.3,51.2
Fri Jul 24 2026,14:00,USD,Low,New Home Sales,628K,609K,618K
Sat Jul 25 2026,0:55,USD,Medium,President Trump Speaks,,,
Sun Jul 26 2026,23:50,JPY,Low,SPPI y/y,3.2%,3.4%,3.4%
Mon Jul 27 2026,8:00,EUR,Low,German ifo Business Climate,86.6,86.1,85.7
Mon Jul 27 2026,8:00,EUR,Low,M3 Money Supply y/y,3.3%,3.2%,3.0%
Mon Jul 27 2026,8:00,EUR,Low,Private Loans y/y,3.0%,3.1%,3.0%
Mon Jul 27 2026,All Day,EUR,Low,ECOFIN Meetings,,,
Mon Jul 27 2026,10:00,GBP,Low,CBI Realized Sales,-26,-45,-54
Mon Jul 27 2026,12:30,USD,Low,Core Durable Goods Orders m/m,0.6%,0.9%,1.4%
Mon Jul 27 2026,12:30,USD,Low,Durable Goods Orders m/m,0.3%,1.6%,-4.0%
Mon Jul 27 2026,18:50,USD,Medium,President Trump Speaks,,,
Mon Jul 27 2026,23:01,GBP,Low,BRC Shop Price Index y/y,0.9%,1.1%,1.2%
Tue Jul 28 2026,3:05,AUD,High,RBA Gov Bullock Speaks,,,
Tue Jul 28 2026,5:00,JPY,Low,BOJ Core CPI y/y,1.5%,1.4%,1.4%
Tue Jul 28 2026,7:00,EUR,Low,Spanish Unemployment Rate,9.9%,10.1%,10.8%
Tue Jul 28 2026,10:00,EUR,Low,German Buba Monthly Report,,,
Tue Jul 28 2026,12:15,USD,Low,ADP Weekly Employment Change,15.0K,,16.3K
Tue Jul 28 2026,12:30,USD,Low,Goods Trade Balance,-101.5B,-100.3B,-105.9B
Tue Jul 28 2026,12:30,USD,Low,Prelim Wholesale Inventories m/m,0.3%,0.4%,0.1%
Tue Jul 28 2026,13:00,USD,Low,HPI m/m,0.3%,0.1%,-0.1%
Tue Jul 28 2026,13:00,USD,Low,S&P/CS Composite-20 HPI y/y,1.6%,1.3%,1.2%
Tue Jul 28 2026,14:00,USD,Medium,CB Consumer Confidence,90.8,92.4,92.2
Tue Jul 28 2026,14:00,USD,Low,Richmond Manufacturing Index,5,7,4
Tue Jul 28 2026,20:30,USD,Low,API Weekly Statistical Bulletin,,,
Wed Jul 29 2026,1:30,AUD,High,CPI m/m,-0.1%,0.2%,-0.7%
Wed Jul 29 2026,1:30,AUD,High,CPI y/y,3.8%,4.0%,4.0%
Wed Jul 29 2026,1:30,AUD,High,Trimmed Mean CPI m/m,0.3%,0.3%,0.4%
Wed Jul 29 2026,6:00,EUR,Low,German Import Prices m/m,-0.7%,-0.7%,0.7%
Wed Jul 29 2026,8:00,CHF,Low,UBS Economic Expectations,10.0,,-25.0
Wed Jul 29 2026,8:30,GBP,Low,M4 Money Supply m/m,0.8%,0.2%,0.1%
Wed Jul 29 2026,8:30,GBP,Low,Mortgage Approvals,58K,57K,57K
Wed Jul 29 2026,8:30,GBP,Low,Net Lending to Individuals m/m,9.5B,5.5B,5.0B
Wed Jul 29 2026,9:31,EUR,Low,German 10-y Bond Auction,3.13|1.1,,3.09|1.0
Wed Jul 29 2026,14:30,USD,Low,Crude Oil Inventories,-7.2M,0.7M,2.0M
Wed Jul 29 2026,17:30,CAD,Low,BOC Summary of Deliberations,,,
Wed Jul 29 2026,18:00,USD,High,Federal Funds Rate,3.75%,3.75%,3.75%
Wed Jul 29 2026,18:00,USD,High,FOMC Statement,,,
Wed Jul 29 2026,18:30,USD,High,FOMC Press Conference,,,
Wed Jul 29 2026,22:40,AUD,Low,RBA Assist Gov Hunter Speaks,,,
Thu Jul 30 2026,1:00,NZD,Low,ANZ Business Confidence,56.1,,36.6
Thu Jul 30 2026,1:30,AUD,Low,Building Approvals m/m,7.2%,-0.7%,-1.6%
Thu Jul 30 2026,1:30,AUD,Low,Import Prices q/q,5.7%,0.0%,0.1%
Thu Jul 30 2026,5:00,JPY,Low,Consumer Confidence,34.9,34.2,33.8
Thu Jul 30 2026,5:30,EUR,Low,French Consumer Spending m/m,0.4%,-0.1%,0.3%
Thu Jul 30 2026,5:30,EUR,Low,French Flash GDP q/q,0.2%,0.2%,-0.1%
Thu Jul 30 2026,All Day,EUR,Medium,German Prelim CPI m/m,0.8%,0.7%,-0.3%
Thu Jul 30 2026,6:45,EUR,Low,French Prelim Private Payrolls q/q,-0.1%,-0.1%,-0.1%
Thu Jul 30 2026,7:00,CHF,Low,KOF Economic Barometer,103.5,100.9,102.1
Thu Jul 30 2026,7:00,EUR,Low,Spanish Flash CPI y/y,3.5%,3.2%,3.2%
Thu Jul 30 2026,7:00,EUR,Low,Spanish Flash GDP q/q,0.7%,0.6%,0.6%
Thu Jul 30 2026,8:00,EUR,Medium,German Prelim GDP q/q,0.2%,0.1%,0.3%
Thu Jul 30 2026,8:00,EUR,Low,Italian Prelim GDP q/q,0.2%,0.1%,0.3%
Thu Jul 30 2026,9:00,EUR,Low,Italian Monthly Unemployment Rate,5.7%,5.0%,5.3%
Thu Jul 30 2026,9:00,EUR,Low,Prelim Flash GDP q/q,0.4%,0.2%,-0.2%
Thu Jul 30 2026,9:00,EUR,Low,Unemployment Rate,6.3%,6.2%,6.3%
Thu Jul 30 2026,9:06,EUR,Low,Italian 10-y Bond Auction,4.00|1.7,,3.63|1.7
Thu Jul 30 2026,11:00,GBP,High,BOE Monetary Policy Report,,,
Thu Jul 30 2026,11:00,GBP,High,Monetary Policy Summary,,,
Thu Jul 30 2026,11:00,GBP,High,MPC Official Bank Rate Votes,3-0-6,2-0-7,2-0-7
Thu Jul 30 2026,11:00,GBP,High,Official Bank Rate,3.75%,3.75%,3.75%
Thu Jul 30 2026,12:00,GBP,High,BOE Gov Bailey Speaks,,,
Thu Jul 30 2026,12:30,USD,High,Advance GDP q/q,1.5%,2.1%,2.1%
Thu Jul 30 2026,12:30,USD,High,Core PCE Price Index m/m,0.1%,0.2%,0.3%
Thu Jul 30 2026,12:30,USD,Medium,Advance GDP Price Index q/q,6.2%,4.1%,3.6%
Thu Jul 30 2026,12:30,USD,Medium,Unemployment Claims,197K,201K,188K
Thu Jul 30 2026,12:30,USD,Low,Personal Income m/m,0.2%,0.3%,0.7%
Thu Jul 30 2026,12:30,USD,Low,Personal Spending m/m,0.3%,0.4%,0.9%
Thu Jul 30 2026,14:30,USD,Low,Natural Gas Storage,28B,37B,32B
Thu Jul 30 2026,23:30,JPY,Medium,Tokyo Core CPI y/y,1.9%,1.8%,1.6%
Thu Jul 30 2026,23:30,JPY,Low,Unemployment Rate,2.5%,2.5%,2.5%
Thu Jul 30 2026,23:50,JPY,Low,Prelim Industrial Production m/m,1.3%,1.0%,0.1%
Thu Jul 30 2026,23:50,JPY,Low,Retail Sales y/y,0.5%,3.1%,5.0%
Fri Jul 31 2026,1:30,AUD,Low,PPI q/q,1.3%,0.5%,0.4%
Fri Jul 31 2026,1:30,AUD,Low,Private Sector Credit m/m,0.8%,0.6%,0.7%
Fri Jul 31 2026,1:30,CNY,Low,Manufacturing PMI,49.2,50.1,50.3
Fri Jul 31 2026,1:30,CNY,Low,Non-Manufacturing PMI,49.0,50.0,50.2
Fri Jul 31 2026,3:11,JPY,High,BOJ Outlook Report,,,
Fri Jul 31 2026,3:11,JPY,High,BOJ Policy Rate,<1.00%,<1.00%,<1.00%
Fri Jul 31 2026,3:11,JPY,High,Monetary Policy Statement,,,
Fri Jul 31 2026,5:00,JPY,Low,Housing Starts y/y,18.6%,12.7%,33.9%
Fri Jul 31 2026,6:00,GBP,Low,Nationwide HPI m/m,0.1%,0.1%,0.0%
Fri Jul 31 2026,6:30,CHF,Low,Retail Sales y/y,1.5%,3.1%,3.4%
Fri Jul 31 2026,6:30,JPY,High,BOJ Press Conference,,,
Fri Jul 31 2026,6:45,EUR,Low,French Prelim CPI m/m,0.6%,0.3%,-0.3%
Fri Jul 31 2026,7:55,EUR,Low,German Unemployment Change,6K,5K,-1K
Fri Jul 31 2026,9:00,EUR,Medium,Core CPI Flash Estimate y/y,2.5%,2.4%,2.4%
Fri Jul 31 2026,9:00,EUR,Medium,CPI Flash Estimate y/y,2.9%,2.9%,2.8%
Fri Jul 31 2026,9:00,EUR,Low,Italian Prelim CPI m/m,0.2%,0.3%,0.0%
Fri Jul 31 2026,11:15,GBP,Low,MPC Member Pill Speaks,,,
Fri Jul 31 2026,12:30,CAD,High,GDP m/m,0.3%,0.2%,0.6%
Fri Jul 31 2026,12:30,USD,Medium,Employment Cost Index q/q,0.9%,0.8%,0.9%
Fri Jul 31 2026,13:45,USD,Low,Chicago PMI,57.6,55.9,56.7
Fri Jul 31 2026,14:00,USD,Medium,Revised UoM Consumer Sentiment,55.2,53.9,54.4
Fri Jul 31 2026,14:00,USD,Medium,Revised UoM Inflation Expectations,4.2%,,4.2%
Sun Aug 2 2026,All Day,All,Medium,OPEC-JMMC Meetings,,,
Sun Aug 2 2026,All Day,AUD,,Bank Holiday,,,
Sun Aug 2 2026,22:45,NZD,Low,Building Consents m/m,-3.6%,,-4.9%
Mon Aug 3 2026,0:30,JPY,Low,Final Manufacturing PMI,54.5,54.7,54.7
Mon Aug 3 2026,1:00,AUD,Low,MI Inflation Gauge m/m,1.0%,,-0.4%
Mon Aug 3 2026,1:45,CNY,Low,RatingDog Manufacturing PMI,50.9,51.9,51.7
Mon Aug 3 2026,6:00,EUR,Low,German Retail Sales m/m,-0.7%,-0.4%,1.1%
Mon Aug 3 2026,6:30,CHF,Medium,CPI m/m,-0.1%,-0.1%,0.0%
Mon Aug 3 2026,7:15,EUR,Low,Spanish Manufacturing PMI,50.2,50.5,49.7
Mon Aug 3 2026,7:30,CHF,Low,Manufacturing PMI,53.2,54.5,54.3
Mon Aug 3 2026,7:45,EUR,Low,Italian Manufacturing PMI,51.3,52.5,52.2
Mon Aug 3 2026,7:50,EUR,Low,French Final Manufacturing PMI,49.8,50.0,50.0
Mon Aug 3 2026,7:55,EUR,Low,German Final Manufacturing PMI,52.2,52.2,52.2
Mon Aug 3 2026,8:00,EUR,Low,Final Manufacturing PMI,51.9,52.0,52.0
Mon Aug 3 2026,8:30,GBP,Low,Final Manufacturing PMI,51.9,52.8,52.8
Mon Aug 3 2026,All Day,CAD,,Bank Holiday,,,
Mon Aug 3 2026,13:45,USD,Low,Final Manufacturing PMI,53.9,53.8,53.8
Mon Aug 3 2026,14:00,USD,High,ISM Manufacturing PMI,55.6,54.0,53.3
Mon Aug 3 2026,14:00,USD,Medium,ISM Manufacturing Prices,71.1,70.0,73.0
Mon Aug 3 2026,14:00,USD,Low,Construction Spending m/m,-0.1%,0.2%,0.0%
Mon Aug 3 2026,All Day,USD,Low,Omdia Total Vehicle Sales,16.3M,16.3M,16.5M
Mon Aug 3 2026,18:00,USD,Low,Loan Officer Survey,,,
Mon Aug 3 2026,23:50,JPY,Low,Monetary Base y/y,-13.8%,-13.0%,-13.7%
Tue Aug 4 2026,1:30,AUD,Low,ANZ Job Advertisements m/m,0.8%,,-0.1%
Tue Aug 4 2026,1:30,AUD,Low,Household Spending m/m,0.8%,0.2%,1.2%
Tue Aug 4 2026,3:35,JPY,Low,10-y Bond Auction,2.84|2.6,,2.73|3.1
Tue Aug 4 2026,6:30,AUD,Low,Commodity Prices y/y,15.4%,,14.6%
Tue Aug 4 2026,6:45,EUR,Low,French Gov Budget Balance,-106.8B,,-93.3B
Tue Aug 4 2026,7:00,EUR,Low,Spanish Unemployment Change,19.5K,-18.4K,-28.7K
Tue Aug 4 2026,8:00,EUR,Low,Italian Retail Sales m/m,-0.1%,0.3%,0.2%
Tue Aug 4 2026,12:30,CAD,Low,Trade Balance,3.9B,3.0B,3.7B
Tue Aug 4 2026,12:30,USD,Low,Trade Balance,-73.3B,-73.0B,-77.6B
Tue Aug 4 2026,13:30,CAD,Low,Manufacturing PMI,53.5,,53.0
Tue Aug 4 2026,14:00,USD,Medium,JOLTS Job Openings,7.36M,7.44M,7.54M
Tue Aug 4 2026,14:00,USD,Low,Factory Orders m/m,-0.3%,0.2%,-1.1%
Tue Aug 4 2026,14:13,USD,Low,RCM/TIPP Economic Optimism,45.1,47.5,45.5
Tue Aug 4 2026,15:14,NZD,Low,GDT Price Index,0.1%,,1.5%
Tue Aug 4 2026,20:30,USD,Low,API Weekly Statistical Bulletin,,,
Tue Aug 4 2026,22:45,NZD,High,Employment Change q/q,0.5%,0.1%,0.2%
Tue Aug 4 2026,22:45,NZD,High,Unemployment Rate,5.6%,5.4%,5.4%
Tue Aug 4 2026,22:45,NZD,Low,Labor Cost Index q/q,0.7%,0.6%,0.5%
Tue Aug 4 2026,23:30,JPY,Low,Average Cash Earnings y/y,3.4%,3.4%,3.3%
Tue Aug 4 2026,23:50,JPY,Low,Monetary Policy Meeting Minutes,,,
Wed Aug 5 2026,0:15,USD,Low,FOMC Member Schmid Speaks,,,
Wed Aug 5 2026,1:00,NZD,Low,ANZ Commodity Prices m/m,-3.9%,,-1.1%
Wed Aug 5 2026,1:45,CNY,Low,RatingDog Services PMI,50.4,53.7,54.1
Wed Aug 5 2026,6:45,EUR,Low,French Industrial Production m/m,0.1%,0.3%,-0.1%
Wed Aug 5 2026,7:15,EUR,Low,Spanish Services PMI,58.3,54.9,54.2
Wed Aug 5 2026,7:45,EUR,Low,Italian Services PMI,52.5,51.0,50.2
Wed Aug 5 2026,7:50,EUR,Low,French Final Services PMI,49.6,49.8,49.8
Wed Aug 5 2026,7:55,EUR,Low,German Final Services PMI,49.8,49.6,49.6
Wed Aug 5 2026,8:00,EUR,Low,Final Services PMI,51.7,51.6,51.6
Wed Aug 5 2026,8:30,GBP,Low,Final Services PMI,52.1,51.8,51.8
Wed Aug 5 2026,9:00,EUR,Low,PPI m/m,-0.3%,-0.2%,0.2%
Wed Aug 5 2026,12:15,USD,Medium,ADP Non-Farm Employment Change,44K,68K,95K
Wed Aug 5 2026,13:45,USD,Low,Final Services PMI,54.6,53.6,53.6
Wed Aug 5 2026,14:00,USD,Medium,ISM Services PMI,54.1,54.5,54.0
Wed Aug 5 2026,14:30,USD,Low,Crude Oil Inventories,2.5M,-1.5M,-7.2M
Wed Aug 5 2026,20:05,USD,Low,FOMC Member Cook Speaks,,,
Wed Aug 5 2026,20:30,USD,Medium,President Trump Speaks,,,
Thu Aug 6 2026,0:35,USD,Low,FOMC Member Daly Speaks,,,
Thu Aug 6 2026,1:30,AUD,Low,Goods Trade Balance,1.93B,-1.06B,-2.37B
Thu Aug 6 2026,3:35,JPY,Low,30-y Bond Auction,3.94|3.9,,3.99|4.6
Thu Aug 6 2026,6:00,EUR,Low,German Factory Orders m/m,3.1%,0.5%,0.3%
Thu Aug 6 2026,7:00,CHF,Low,Unemployment Rate,3.1%,3.1%,3.1%
Thu Aug 6 2026,8:00,EUR,Low,ECB Economic Bulletin,,,
Thu Aug 6 2026,8:00,EUR,Low,Italian Industrial Production m/m,-1.0%,0.3%,-0.3%
Thu Aug 6 2026,8:30,GBP,Low,Construction PMI,44.7,40.0,38.4
Thu Aug 6 2026,8:41,EUR,Low,Spanish 10-y Bond Auction,3.54|2.4,,3.40|1.8
Thu Aug 6 2026,8:57,EUR,Low,French 10-y Bond Auction,3.86|3.7,,3.68|3.3
Thu Aug 6 2026,9:00,EUR,Low,Retail Sales m/m,-0.3%,0.1%,0.4%
Thu Aug 6 2026,9:30,USD,Low,Challenger Job Cuts y/y,-46.1%,,-4.5%
Thu Aug 6 2026,12:30,USD,Medium,Unemployment Claims,199K,203K,198K
Thu Aug 6 2026,12:30,USD,Low,Prelim Nonfarm Productivity q/q,1.4%,0.6%,0.3%
Thu Aug 6 2026,12:30,USD,Low,Prelim Unit Labor Costs q/q,1.3%,2.2%,1.8%
Thu Aug 6 2026,14:00,USD,Low,Final Wholesale Inventories m/m,0.2%,0.3%,0.3%
Thu Aug 6 2026,14:30,USD,Low,Natural Gas Storage,33B,30B,28B
Thu Aug 6 2026,21:30,USD,Low,FOMC Member Musalem Speaks,,,
Thu Aug 6 2026,23:30,JPY,Low,Household Spending y/y,-3.3%,0.8%,-0.4%
Fri Aug 7 2026,2:38,CNY,Low,Trade Balance,767B,735B,859B
Fri Aug 7 2026,2:38,CNY,Low,USD-Denominated Trade Balance,112.5B,108.6B,125.6B
Fri Aug 7 2026,5:00,JPY,Low,Leading Indicators,116.4%,116.5%,116.5%
Fri Aug 7 2026,6:00,EUR,Low,German Industrial Production m/m,0.2%,0.2%,0.7%
Fri Aug 7 2026,6:00,EUR,Low,German Trade Balance,15.4B,17.2B,19.3B
Fri Aug 7 2026,6:03,GBP,Low,Lloyds HPI m/m,0.0%,0.2%,0.2%
Fri Aug 7 2026,6:45,EUR,Low,French Trade Balance,-5.8B,-6.5B,-7.7B
Fri Aug 7 2026,7:00,CHF,Low,Foreign Currency Reserves,768B,,759B
Fri Aug 7 2026,7:00,CHF,Low,SECO Consumer Climate,-35,-34,-36
Fri Aug 7 2026,12:30,CAD,High,Employment Change,75.1K,17.8K,18.2K
Fri Aug 7 2026,12:30,CAD,High,Unemployment Rate,6.4%,6.5%,6.5%
Fri Aug 7 2026,12:30,USD,High,Average Hourly Earnings m/m,0.1%,0.3%,0.3%
Fri Aug 7 2026,12:30,USD,High,Non-Farm Employment Change,-23K,85K,20K
Fri Aug 7 2026,12:30,USD,High,Unemployment Rate,4.1%,4.2%,4.2%
Fri Aug 7 2026,14:00,CAD,Medium,Ivey PMI,55.1,55.4,56.2
Fri Aug 7 2026,14:00,USD,Low,FOMC Member Barkin Speaks,,,
Fri Aug 7 2026,19:00,USD,Low,Consumer Credit m/m,14.2B,11.4B,-1.1B
Sat Aug 8 2026,16:45,USD,Low,FOMC Member Bowman Speaks,,,
Sun Aug 9 2026,1:30,CNY,Low,CPI y/y,0.5%,0.8%,1.0%
Sun Aug 9 2026,1:30,CNY,Low,PPI y/y,3.5%,3.9%,4.1%
Sun Aug 9 2026,23:50,JPY,Low,Bank Lending y/y,5.4%,5.7%,5.7%
Sun Aug 9 2026,23:50,JPY,Low,BOJ Summary of Opinions,,,
Sun Aug 9 2026,23:50,JPY,Low,Current Account,1.40T,2.50T,3.06T
Mon Aug 10 2026,5:00,JPY,Low,Economy Watchers Sentiment,45.7,44.6,44.0
Mon Aug 10 2026,8:30,EUR,Low,Sentix Investor Confidence,0.9,-0.7,-3.1
Mon Aug 10 2026,13:45,USD,Low,Cleveland Fed Inflation Expectations,3.3%,,3.7%
Mon Aug 10 2026,19:00,USD,Low,FOMC Member Hammack Speaks,,,
Mon Aug 10 2026,All Day,JPY,,Bank Holiday,,,
Mon Aug 10 2026,23:01,GBP,Low,BRC Retail Sales Monitor y/y,1.0%,1.6%,1.7%
Tue Aug 11 2026,1:30,AUD,Low,NAB Business Confidence,-6,,-6
Tue Aug 11 2026,4:30,AUD,High,Cash Rate,4.35%,4.35%,4.35%
Tue Aug 11 2026,4:30,AUD,High,RBA Monetary Policy Statement,,,
Tue Aug 11 2026,4:30,AUD,High,RBA Rate Statement,,,
Tue Aug 11 2026,5:30,AUD,High,RBA Press Conference,,,
Tue Aug 11 2026,8:00,EUR,Low,Italian Trade Balance,4.23B,4.74B,4.79B
Tue Aug 11 2026,10:00,USD,Low,NFIB Small Business Index,99.8,97.5,97.4
Tue Aug 11 2026,Jul 18th,USD,Low,ADP Weekly Employment Change,11.0K,,14.5K
Tue Aug 11 2026,12:15,USD,Low,ADP Weekly Employment Change,8.3K,,11.0K
Tue Aug 11 2026,14:00,USD,Low,Existing Home Sales,4.06M,4.05M,4.13M
Tue Aug 11 2026,20:30,USD,Low,API Weekly Statistical Bulletin,,,
Tue Aug 11 2026,23:50,JPY,Low,M2 Money Stock y/y,2.2%,2.1%,2.2%
Wed Aug 12 2026,6:00,EUR,Low,German Final CPI m/m,0.8%,0.8%,0.8%
Wed Aug 12 2026,6:00,JPY,Low,Prelim Machine Tool Orders y/y,50.4%,,52.7%
Wed Aug 12 2026,9:33,EUR,Low,German 30-y Bond Auction,3.65|1.3,,3.64|2.9
Wed Aug 12 2026,12:30,CAD,Low,Building Permits m/m,18.5%,0.8%,-3.0%
Wed Aug 12 2026,12:30,USD,High,Core CPI m/m,0.2%,0.2%,0.0%
Wed Aug 12 2026,12:30,USD,High,Core CPI y/y,2.5%,2.5%,2.6%
Wed Aug 12 2026,12:30,USD,High,CPI m/m,0.1%,0.1%,-0.4%
Wed Aug 12 2026,12:30,USD,High,CPI y/y,3.4%,3.4%,3.5%
Wed Aug 12 2026,14:30,USD,Low,Crude Oil Inventories,17.4M,-1.7M,2.5M
Wed Aug 12 2026,17:01,USD,Low,10-y Bond Auction,4.68|2.5,,4.58|2.6
Wed Aug 12 2026,17:58,USD,Low,Federal Budget Balance,-432.3B,-348.3B,-120.3B
Wed Aug 12 2026,23:01,GBP,Low,RICS House Price Balance,-30%,-30%,-32%
Wed Aug 12 2026,23:50,JPY,Low,PPI y/y,7.2%,7.4%,7.3%
Thu Aug 13 2026,0:15,AUD,Low,RBA Assist Gov Kent Speaks,,,
Thu Aug 13 2026,3:00,NZD,Medium,Inflation Expectations q/q,2.34%,,2.53%
Thu Aug 13 2026,6:00,GBP,High,GDP m/m,0.3%,0.0%,0.0%
Thu Aug 13 2026,6:00,GBP,Medium,Prelim GDP q/q,0.4%,0.4%,0.6%
Thu Aug 13 2026,6:00,GBP,Low,Construction Output m/m,-0.1%,-0.3%,-0.8%
Thu Aug 13 2026,6:00,GBP,Low,Goods Trade Balance,-23.0B,-20.6B,-21.1B
Thu Aug 13 2026,6:00,GBP,Low,Index of Services 3m/3m,0.5%,0.5%,0.6%
Thu Aug 13 2026,6:00,GBP,Low,Industrial Production m/m,-0.2%,0.1%,-0.7%
Thu Aug 13 2026,6:00,GBP,Low,Manufacturing Production m/m,-0.5%,-0.1%,-0.2%
Thu Aug 13 2026,6:00,GBP,Low,Prelim Business Investment q/q,1.7%,-0.3%,0.9%
Thu Aug 13 2026,6:30,CHF,Low,PPI m/m,-0.1%,-0.2%,-0.3%
Thu Aug 13 2026,9:00,EUR,Low,Industrial Production m/m,0.0%,-0.1%,0.3%
Thu Aug 13 2026,12:15,USD,Low,FOMC Member Hammack Speaks,,,
Thu Aug 13 2026,12:30,USD,High,Core PPI m/m,0.2%,0.3%,0.4%
Thu Aug 13 2026,12:30,USD,High,PPI m/m,0.0%,0.2%,-0.1%
Thu Aug 13 2026,12:30,USD,Medium,Unemployment Claims,209K,202K,200K
Thu Aug 13 2026,12:40,USD,Low,FOMC Member Barkin Speaks,,,
Thu Aug 13 2026,13:30,GBP,Low,CB Leading Index m/m,-0.4%,,-0.4%
Thu Aug 13 2026,14:29,USD,Low,Mortgage Delinquencies,4.37%,,4.44%
Thu Aug 13 2026,14:30,AUD,Low,CB Leading Index m/m,0.3%,,0.3%
Thu Aug 13 2026,14:30,USD,Low,Natural Gas Storage,36B,31B,33B
Thu Aug 13 2026,17:01,USD,Low,30-y Bond Auction,5.22|2.4,,5.06|2.4
Thu Aug 13 2026,22:00,USD,Low,FOMC Member Goolsbee Speaks,,,
Thu Aug 13 2026,22:30,NZD,Low,BusinessNZ Manufacturing Index,54.3,,60.1
Thu Aug 13 2026,22:45,NZD,Low,Visitor Arrivals m/m,-0.1%,,-2.4%
Fri Aug 14 2026,6:00,EUR,Low,German WPI m/m,0.2%,-0.2%,-0.7%
Fri Aug 14 2026,6:45,EUR,Low,French Final CPI m/m,0.6%,0.6%,0.6%
Fri Aug 14 2026,8:01,CNY,Low,M2 Money Supply y/y,7.7%,7.9%,8.0%
Fri Aug 14 2026,8:02,CNY,Low,New Loans,-340B,-50B,1610B
Fri Aug 14 2026,9:00,EUR,Low,Flash Employment Change q/q,0.1%,0.1%,0.1%
Fri Aug 14 2026,9:00,EUR,Low,Flash GDP q/q,0.4%,0.4%,0.4%
Fri Aug 14 2026,9:00,EUR,Low,Trade Balance,1.8B,-2.2B,-6.1B
Fri Aug 14 2026,12:30,CAD,Low,Manufacturing Sales m/m,0.1%,-0.1%,1.6%
Fri Aug 14 2026,12:30,CAD,Low,Wholesale Sales m/m,2.8%,2.7%,-0.3%
Fri Aug 14 2026,12:30,USD,Medium,Core Retail Sales m/m,-0.3%,0.2%,-0.2%
Fri Aug 14 2026,12:30,USD,Medium,Retail Sales m/m,-0.6%,0.1%,0.2%
Fri Aug 14 2026,14:00,USD,Medium,Prelim UoM Consumer Sentiment,51.0,54.7,55.2
Fri Aug 14 2026,14:00,USD,Medium,Prelim UoM Inflation Expectations,4.3%,,4.2%
Fri Aug 14 2026,14:00,USD,Low,Business Inventories m/m,0.0%,0.2%,0.4%
Fri Aug 14 2026,19:00,USD,Medium,President Trump Speaks,,,
Sun Aug 16 2026,22:30,NZD,Low,BusinessNZ Services Index,50.6,,50.9
Sun Aug 16 2026,22:45,NZD,Low,FPI m/m,0.1%,,0.6%
Sun Aug 16 2026,23:01,GBP,Low,Rightmove HPI m/m,-2.0%,,-1.0%
Sun Aug 16 2026,23:50,JPY,Low,Prelim GDP Price Index y/y,2.6%,2.3%,3.2%
Sun Aug 16 2026,23:50,JPY,Low,Prelim GDP q/q,0.3%,0.5%,0.5%
Mon Aug 17 2026,4:30,JPY,Low,Revised Industrial Production m/m,1.9%,1.3%,1.3%
Mon Aug 17 2026,4:30,JPY,Low,Tertiary Industry Activity m/m,-0.2%,-0.9%,0.8%
Mon Aug 17 2026,7:00,CNY,Low,Fixed Asset Investment ytd/y,-6.7%,-6.2%,-5.7%
Mon Aug 17 2026,7:00,CNY,Low,Industrial Production y/y,4.5%,5.0%,5.3%
Mon Aug 17 2026,7:00,CNY,Low,NBS Press Conference,,,
Mon Aug 17 2026,7:00,CNY,Low,New Home Prices m/m,-0.18%,,-0.15%
Mon Aug 17 2026,7:00,CNY,Low,Retail Sales y/y,0.6%,1.5%,1.0%
Mon Aug 17 2026,7:00,CNY,Low,Unemployment Rate,5.2%,5.1%,5.0%
Mon Aug 17 2026,12:30,CAD,High,CPI m/m,0.5%,0.4%,-0.4%
Mon Aug 17 2026,12:30,CAD,High,Median CPI y/y,2.0%,2.0%,1.9%
Mon Aug 17 2026,12:30,CAD,High,Trimmed CPI y/y,1.9%,1.8%,1.9%
Mon Aug 17 2026,12:30,CAD,Medium,Common CPI y/y,2.7%,2.5%,2.6%
Mon Aug 17 2026,12:30,CAD,Low,Foreign Securities Purchases,40.83B,15.0B,8.80B
Mon Aug 17 2026,12:30,USD,Low,Empire State Manufacturing Index,20.6,10.6,15.6
Mon Aug 17 2026,12:32,CAD,Low,Core CPI m/m,0.2%,,0.1%
Mon Aug 17 2026,14:00,USD,Low,NAHB Housing Market Index,35,33,34
Mon Aug 17 2026,20:00,USD,Low,TIC Long-Term Purchases,172.7B,151.4B,231.2B
Tue Aug 18 2026,0:30,AUD,Low,Westpac Consumer Sentiment,6.0%,,4.1%
Tue Aug 18 2026,6:00,GBP,High,Claimant Count Change,-11.0K,16.5K,-6.4K
Tue Aug 18 2026,6:00,GBP,Medium,Average Earnings Index 3m/y,4.1%,4.0%,4.4%
Tue Aug 18 2026,6:00,GBP,Low,Unemployment Rate,4.9%,4.8%,4.9%
Tue Aug 18 2026,9:00,EUR,Low,ZEW Economic Sentiment,31.4,25.9,23.4
Tue Aug 18 2026,9:00,EUR,Low,German ZEW Economic Sentiment,34.2,30.1,26.3
Tue Aug 18 2026,9:02,GBP,Low,10-y Bond Auction,5.16|3.6,,5.04|3.1
Tue Aug 18 2026,12:15,CAD,Low,Housing Starts,229K,249K,241K
Tue Aug 18 2026,12:15,USD,Low,ADP Weekly Employment Change,9.5K,,8.3K
Tue Aug 18 2026,12:30,USD,Low,Building Permits,1.44M,1.37M,1.37M
Tue Aug 18 2026,12:30,USD,Low,Housing Starts,1.24M,1.34M,1.42M
Tue Aug 18 2026,12:30,USD,Low,Import Prices m/m,-0.4%,0.1%,-0.3%
Tue Aug 18 2026,13:15,USD,Low,Capacity Utilization Rate,76.3%,76.3%,76.2%
Tue Aug 18 2026,13:15,USD,Low,Industrial Production m/m,0.2%,0.3%,0.3%
Tue Aug 18 2026,14:00,USD,Low,Pending Home Sales m/m,-2.3%,0.1%,-4.8%
Tue Aug 18 2026,15:31,NZD,Low,GDT Price Index,2.3%,,0.1%
Tue Aug 18 2026,20:30,USD,Low,API Weekly Statistical Bulletin,,,
Tue Aug 18 2026,22:45,NZD,Low,PPI Input q/q,2.9%,1.3%,1.4%
Tue Aug 18 2026,22:45,NZD,Low,PPI Output q/q,1.6%,0.8%,0.8%
Tue Aug 18 2026,23:50,JPY,Low,Core Machinery Orders m/m,9.7%,7.2%,-12.4%
Wed Aug 19 2026,1:30,AUD,Medium,Wage Price Index q/q,0.8%,0.8%,0.8%
Wed Aug 19 2026,2:45,AUD,Low,RBA Deputy Gov Hauser Speaks,,,
Wed Aug 19 2026,6:00,GBP,High,CPI y/y,2.9%,2.9%,2.6%
Wed Aug 19 2026,6:00,GBP,Low,Core CPI y/y,2.6%,2.5%,2.6%
Wed Aug 19 2026,6:00,GBP,Low,PPI Input m/m,-1.7%,0.0%,-1.9%
Wed Aug 19 2026,6:00,GBP,Low,PPI Output m/m,0.2%,0.2%,-0.1%
Wed Aug 19 2026,6:00,GBP,Low,RPI y/y,3.2%,3.3%,3.0%
Wed Aug 19 2026,7:10,EUR,Medium,ECB President Lagarde Speaks,,,
Wed Aug 19 2026,8:00,EUR,Low,Current Account,35.1B,26.8B,25.8B
Wed Aug 19 2026,8:30,GBP,Low,HPI y/y,2.0%,1.9%,3.0%
Wed Aug 19 2026,9:00,EUR,Low,Final Core CPI y/y,2.5%,2.5%,2.5%
Wed Aug 19 2026,9:00,EUR,Low,Final CPI y/y,2.9%,2.9%,2.9%
Wed Aug 19 2026,9:34,EUR,Low,German 10-y Bond Auction,3.26|1.1,,3.13|1.1
Wed Aug 19 2026,10:15,EUR,Medium,ECB President Lagarde Speaks,,,
Wed Aug 19 2026,14:30,USD,Low,Crude Oil Inventories,4.4M,0.2M,17.4M
Wed Aug 19 2026,18:00,USD,High,FOMC Meeting Minutes,,,
Wed Aug 19 2026,18:30,USD,Medium,President Trump Speaks,,,
Wed Aug 19 2026,23:50,JPY,Low,Trade Balance,-0.69T,-0.44T,-0.93T
Thu Aug 20 2026,1:00,AUD,Low,MI Inflation Expectations,4.9%,,4.7%
Thu Aug 20 2026,1:00,CNY,Low,1-y Loan Prime Rate,3.00%,3.00%,3.00%
Thu Aug 20 2026,1:00,CNY,Low,5-y Loan Prime Rate,3.50%,3.50%,3.50%
Thu Aug 20 2026,1:30,AUD,High,Employment Change,-15.8K,11.7K,80.2K
Thu Aug 20 2026,1:30,AUD,High,Unemployment Rate,4.5%,4.4%,4.4%
Thu Aug 20 2026,6:00,EUR,Low,German PPI m/m,1.1%,0.5%,-0.3%
Thu Aug 20 2026,10:00,EUR,Low,German Buba Monthly Report,,,
Thu Aug 20 2026,10:00,GBP,Low,CBI Industrial Order Expectations,-25,-40,-45
Thu Aug 20 2026,12:30,CAD,Low,IPPI m/m,0.6%,-0.4%,-1.4%
Thu Aug 20 2026,12:30,CAD,Low,NHPI m/m,-0.1%,0.0%,-0.1%
Thu Aug 20 2026,12:30,CAD,Low,RMPI m/m,-2.2%,-1.8%,-6.7%
Thu Aug 20 2026,12:30,USD,Medium,Philly Fed Manufacturing Index,47.4,24.1,41.4
Thu Aug 20 2026,12:30,USD,Medium,Unemployment Claims,206K,210K,212K
Thu Aug 20 2026,14:00,USD,Low,CB Leading Index m/m,0.2%,0.1%,-0.1%
Thu Aug 20 2026,14:30,USD,Low,Natural Gas Storage,16B,15B,36B
Thu Aug 20 2026,15:10,USD,Low,FOMC Member Musalem Speaks,,,
Thu Aug 20 2026,22:45,NZD,Low,Trade Balance,-1949M,-175M,-237M
Thu Aug 20 2026,23:00,AUD,Low,Flash Manufacturing PMI,52.0,,52.0
Thu Aug 20 2026,23:00,AUD,Low,Flash Services PMI,52.9,,53.6
Thu Aug 20 2026,23:01,GBP,Low,GfK Consumer Confidence,-14,-18,-17
Thu Aug 20 2026,23:30,JPY,Low,National Core CPI y/y,1.8%,1.8%,1.6%
Fri Aug 21 2026,0:30,JPY,Low,Flash Manufacturing PMI,55.1,55.1,54.5
Fri Aug 21 2026,3:00,NZD,Low,Credit Card Spending y/y,5.3%,,3.2%
Fri Aug 21 2026,6:00,GBP,Medium,Retail Sales m/m,-0.5%,-0.5%,0.7%
Fri Aug 21 2026,6:00,GBP,Low,Public Sector Net Borrowing,1.8B,0.0B,12.8B
Fri Aug 21 2026,7:15,EUR,Medium,French Flash Manufacturing PMI,51.5,50.1,49.8
Fri Aug 21 2026,7:15,EUR,Medium,French Flash Services PMI,48.4,49.4,49.6
Fri Aug 21 2026,7:30,EUR,Medium,German Flash Manufacturing PMI,54.1,52.1,52.2
Fri Aug 21 2026,7:30,EUR,Medium,German Flash Services PMI,48.5,50.1,49.8
Fri Aug 21 2026,8:00,EUR,Low,Flash Manufacturing PMI,52.8,51.8,51.9
Fri Aug 21 2026,8:00,EUR,Low,Flash Services PMI,51.7,51.5,51.7
Fri Aug 21 2026,8:30,GBP,Medium,Flash Manufacturing PMI,51.5,51.6,51.9
Fri Aug 21 2026,8:30,GBP,Medium,Flash Services PMI,52.8,51.8,52.1
Fri Aug 21 2026,9:03,CNY,Low,Foreign Direct Investment ytd/y,-6.2%,,-5.0%
Fri Aug 21 2026,12:30,CAD,Low,Core Retail Sales m/m,0.5%,0.2%,1.2%
Fri Aug 21 2026,12:30,CAD,Low,Retail Sales m/m,0.6%,0.4%,1.1%
Fri Aug 21 2026,13:45,USD,Low,Flash Manufacturing PMI,53.2,53.9,53.9
Fri Aug 21 2026,13:45,USD,Low,Flash Services PMI,56.8,54.0,54.6
Fri Aug 21 2026,14:00,EUR,Low,Consumer Confidence,-16,-16,-16
Fri Aug 21 2026,23:00,USD,Medium,President Trump Speaks,,,
Sun Aug 23 2026,22:45,NZD,Low,Core Retail Sales q/q,0.7%,0.3%,1.1%
Sun Aug 23 2026,22:45,NZD,Low,Retail Sales q/q,-0.5%,0.1%,1.0%
Mon Aug 24 2026,12:30,CAD,Low,Corporate Profits q/q,8.7%,,-1.9%
Mon Aug 24 2026,17:00,USD,Medium,Treasury Sec Bessent Speaks,,,
Tue Aug 25 2026,1:30,AUD,Low,Monetary Policy Meeting Minutes,,,
Tue Aug 25 2026,5:00,JPY,Low,BOJ Core CPI y/y,1.6%,1.4%,1.5%
Tue Aug 25 2026,6:00,EUR,Low,German Final GDP q/q,0.3%,0.2%,0.2%
Tue Aug 25 2026,8:00,EUR,Low,German ifo Business Climate,88.8,87.2,86.7
Tue Aug 25 2026,12:15,USD,Low,ADP Weekly Employment Change,11.8K,,9.5K
Tue Aug 25 2026,12:30,USD,Low,FOMC Member Barkin Speaks,,,
Tue Aug 25 2026,13:00,EUR,Low,Belgian NBB Business Climate,-13.2,-11.0,-11.9
Tue Aug 25 2026,13:00,USD,Low,HPI m/m,0.0%,0.2%,0.3%
Tue Aug 25 2026,13:00,USD,Low,S&P/CS Composite-20 HPI y/y,2.1%,1.8%,1.6%
Tue Aug 25 2026,14:00,USD,Medium,CB Consumer Confidence,89.4,90.3,90.2
Tue Aug 25 2026,14:00,USD,Low,New Home Sales,607K,620K,678K
Tue Aug 25 2026,14:00,USD,Low,Richmond Manufacturing Index,4,6,5
Tue Aug 25 2026,20:00,USD,Low,FOMC Member Barkin Speaks,,,
Tue Aug 25 2026,20:30,USD,Low,API Weekly Statistical Bulletin,,,
Tue Aug 25 2026,23:50,JPY,Low,SPPI y/y,3.6%,3.2%,3.4%
Wed Aug 26 2026,0:30,AUD,Low,MI Leading Index m/m,0.0%,,0.1%
Wed Aug 26 2026,1:30,AUD,High,CPI m/m,1.0%,0.9%,-0.1%
Wed Aug 26 2026,1:30,AUD,High,CPI y/y,3.5%,3.3%,3.8%
Wed Aug 26 2026,1:30,AUD,High,Trimmed Mean CPI m/m,0.5%,0.4%,0.3%
Wed Aug 26 2026,1:30,AUD,Low,Construction Work Done q/q,-2.1%,0.5%,4.3%
Wed Aug 26 2026,8:00,CHF,Low,UBS Economic Expectations,12.1,,10.0
Wed Aug 26 2026,10:00,GBP,Low,CBI Realized Sales,-48,-35,-26
Wed Aug 26 2026,12:30,USD,High,Core PCE Price Index m/m,0.2%,0.2%,0.1%
Wed Aug 26 2026,12:30,USD,High,Prelim GDP q/q,1.5%,1.5%,1.5%
Wed Aug 26 2026,12:30,USD,Medium,Prelim GDP Price Index q/q,6.4%,6.2%,6.2%
Wed Aug 26 2026,12:30,USD,Low,Core Durable Goods Orders m/m,0.4%,0.6%,0.7%
Wed Aug 26 2026,12:30,USD,Low,Durable Goods Orders m/m,1.1%,0.4%,0.5%
Wed Aug 26 2026,12:30,USD,Low,Personal Income m/m,0.4%,0.2%,0.2%
Wed Aug 26 2026,12:30,USD,Low,Personal Spending m/m,0.2%,0.1%,0.3%
Wed Aug 26 2026,14:30,USD,Low,Crude Oil Inventories,0.1M,1.6M,4.4M
Wed Aug 26 2026,15:45,USD,Low,FOMC Member Barkin Speaks,,,
Wed Aug 26 2026,16:15,CHF,Low,Gov Board Member Martin Speaks,,,
Thu Aug 27 2026,1:30,AUD,Low,Household Spending m/m,1.1%,0.3%,1.0%
Thu Aug 27 2026,1:30,AUD,Low,Private Capital Expenditure q/q,-3.6%,0.8%,6.9%
Thu Aug 27 2026,1:30,AUD,Low,RBA Bulletin,,,
Thu Aug 27 2026,6:00,EUR,Low,German GfK Consumer Climate,-26.6,-29.5,-29.4
Thu Aug 27 2026,8:00,EUR,Low,M3 Money Supply y/y,3.4%,3.5%,3.3%
Thu Aug 27 2026,8:00,EUR,Low,Private Loans y/y,3.1%,2.9%,3.0%
Thu Aug 27 2026,11:30,EUR,Low,ECB Monetary Policy Meeting Accounts,,,
Thu Aug 27 2026,12:30,CAD,Low,Current Account,8.8B,3.5B,-8.3B
Thu Aug 27 2026,12:30,USD,Medium,Unemployment Claims,203K,208K,207K
Thu Aug 27 2026,12:30,USD,Low,Goods Trade Balance,-118.8B,-100.8B,-101.4B
Thu Aug 27 2026,12:30,USD,Low,Prelim Wholesale Inventories m/m,1.3%,0.2%,0.3%
Thu Aug 27 2026,13:00,CNY,Low,CB Leading Index m/m,-0.3%,,0.1%
Thu Aug 27 2026,14:30,USD,Low,Natural Gas Storage,15B,19B,16B
Thu Aug 27 2026,Day 1,All,Medium,Jackson Hole Symposium,,,
Thu Aug 27 2026,23:30,JPY,Medium,Tokyo Core CPI y/y,1.8%,1.8%,1.7%
Thu Aug 27 2026,23:30,JPY,Low,Unemployment Rate,2.4%,2.5%,2.5%
Fri Aug 28 2026,6:00,EUR,Low,German Import Prices m/m,0.2%,0.3%,-0.7%
Fri Aug 28 2026,6:45,EUR,Low,French Consumer Spending m/m,0.5%,0.1%,0.6%
Fri Aug 28 2026,6:45,EUR,Low,French Final Private Payrolls q/q,-0.1%,-0.1%,-0.1%
Fri Aug 28 2026,6:45,EUR,Low,French Prelim CPI m/m,0.7%,0.7%,0.6%
Fri Aug 28 2026,6:45,EUR,Low,French Prelim GDP q/q,0.0%,0.2%,0.2%
Fri Aug 28 2026,7:00,CHF,Low,KOF Economic Barometer,106.7,103.0,104.2
Fri Aug 28 2026,7:00,EUR,Low,Spanish Flash CPI y/y,4.3%,4.2%,3.6%
Fri Aug 28 2026,7:55,EUR,Low,German Unemployment Change,4K,4K,6K
Fri Aug 28 2026,9:09,EUR,Low,Italian 10-y Bond Auction,4.10|1.6,,4.00|1.7
Fri Aug 28 2026,12:30,CAD,High,GDP m/m,0.3%,0.2%,0.3%
Fri Aug 28 2026,13:00,USD,Low,FOMC Member Hammack Speaks,,,
Fri Aug 28 2026,13:45,USD,Low,Chicago PMI,47.1,57.9,57.6
Fri Aug 28 2026,14:00,USD,High,Fed Chairman Warsh Speaks,,,
Fri Aug 28 2026,14:00,USD,High,Prelim Benchmark Payrolls Revision,-79K,,-911K
Fri Aug 28 2026,14:00,USD,Medium,Revised UoM Consumer Sentiment,51.7,51.0,51.0
Fri Aug 28 2026,14:00,USD,Medium,Revised UoM Inflation Expectations,4.0%,,4.3%
Fri Aug 28 2026,14:30,GBP,Low,MPC Member Mann Speaks,,,
Fri Aug 28 2026,Day 2,All,High,Jackson Hole Symposium,,,
Sat Aug 29 2026,Day 1,All,Low,G20 Meetings,,,
Sat Aug 29 2026,Day 3,All,Medium,Jackson Hole Symposium,,,
Sun Aug 30 2026,Day 2,All,Low,G20 Meetings,,,
Sun Aug 30 2026,23:50,JPY,Low,Prelim Industrial Production m/m,0.1%,-0.7%,1.9%
Sun Aug 30 2026,23:50,JPY,Low,Retail Sales y/y,4.0%,3.2%,0.6%
Mon Aug 31 2026,1:00,AUD,Low,MI Inflation Gauge m/m,0.5%,,1.0%
Mon Aug 31 2026,1:00,NZD,Low,ANZ Business Confidence,53.7,,56.1
Mon Aug 31 2026,1:30,AUD,Low,Company Operating Profits q/q,1.8%,2.0%,-1.5%
Mon Aug 31 2026,1:30,AUD,Low,Private Sector Credit m/m,0.6%,0.7%,0.8%
Mon Aug 31 2026,1:30,CNY,Low,Manufacturing PMI,49.8,49.5,49.2
Mon Aug 31 2026,1:30,CNY,Low,Non-Manufacturing PMI,49.0,49.5,49.0
Mon Aug 31 2026,5:00,JPY,Low,Housing Starts y/y,8.2%,7.5%,18.6%
Mon Aug 31 2026,All Day,EUR,Medium,German Prelim CPI m/m,0.2%,0.3%,0.8%
Mon Aug 31 2026,All Day,GBP,,Bank Holiday,,,
Mon Aug 31 2026,Day 3,All,Low,G20 Meetings,,,
Mon Aug 31 2026,23:01,GBP,Low,BRC Shop Price Index y/y,1.5%,0.9%,0.9%
Mon Aug 31 2026,23:50,JPY,Low,Capital Spending q/y,1.6%,-0.2%,0.0%
Tue Sep 1 2026,0:30,JPY,Low,Final Manufacturing PMI,54.9,55.1,55.1
Tue Sep 1 2026,1:30,AUD,Low,Building Approvals m/m,-3.6%,-4.7%,6.9%
Tue Sep 1 2026,1:30,AUD,Low,Current Account,-27.2B,-29.7B,-25.4B
Tue Sep 1 2026,1:45,CNY,Low,RatingDog Manufacturing PMI,51.5,51.0,50.9
Tue Sep 1 2026,3:35,JPY,Low,10-y Bond Auction,3.00|3.3,,2.84|2.6
Tue Sep 1 2026,5:00,JPY,Low,Consumer Confidence,35.5,35.3,34.9
Tue Sep 1 2026,6:00,EUR,Low,German Retail Sales m/m,-3.4%,0.4%,0.0%
Tue Sep 1 2026,6:00,GBP,Low,Nationwide HPI m/m,0.2%,0.1%,-0.1%
Tue Sep 1 2026,6:30,AUD,Low,Commodity Prices y/y,15.5%,,17.2%
Tue Sep 1 2026,6:33,CHF,Low,Retail Sales y/y,2.3%,1.6%,1.9%
Tue Sep 1 2026,7:15,EUR,Low,Spanish Manufacturing PMI,49.5,50.3,50.2
Tue Sep 1 2026,7:30,CHF,Low,Manufacturing PMI,57.1,54.1,53.2
Tue Sep 1 2026,7:45,EUR,Low,Italian Manufacturing PMI,49.6,51.4,51.3
Tue Sep 1 2026,7:50,EUR,Low,French Final Manufacturing PMI,51.1,51.5,51.5
Tue Sep 1 2026,7:55,EUR,Low,German Final Manufacturing PMI,54.3,54.1,54.1
Tue Sep 1 2026,8:00,EUR,Low,Final Manufacturing PMI,52.7,52.8,52.8
Tue Sep 1 2026,8:30,EUR,Low,Italian Monthly Unemployment Rate,5.8%,5.6%,5.8%
Tue Sep 1 2026,8:30,GBP,Low,Final Manufacturing PMI,51.7,51.5,51.5
Tue Sep 1 2026,8:30,GBP,Low,M4 Money Supply m/m,-0.3%,0.9%,0.9%
Tue Sep 1 2026,8:30,GBP,Low,Mortgage Approvals,56K,59K,58K
Tue Sep 1 2026,8:30,GBP,Low,Net Lending to Individuals m/m,6.3B,7.2B,9.5B
Tue Sep 1 2026,9:00,EUR,Medium,Core CPI Flash Estimate y/y,2.4%,2.5%,2.5%
Tue Sep 1 2026,9:00,EUR,Medium,CPI Flash Estimate y/y,3.3%,3.3%,2.9%
Tue Sep 1 2026,9:00,EUR,Low,Italian Prelim CPI m/m,0.5%,0.5%,0.3%
Tue Sep 1 2026,9:00,EUR,Low,Unemployment Rate,6.4%,6.3%,6.4%
Tue Sep 1 2026,12:30,EUR,Low,German Buba President Nagel Speaks,,,
Tue Sep 1 2026,13:05,USD,Low,FOMC Member Barr Speaks,,,
Tue Sep 1 2026,13:30,CAD,Low,Manufacturing PMI,53.0,,53.5
Tue Sep 1 2026,13:45,USD,Low,Final Manufacturing PMI,53.9,53.3,53.2
Tue Sep 1 2026,14:00,USD,High,ISM Manufacturing PMI,54.6,55.2,55.6
Tue Sep 1 2026,14:00,USD,Medium,ISM Manufacturing Prices,71.1,70.5,71.1
Tue Sep 1 2026,14:00,USD,Medium,JOLTS Job Openings,7.27M,7.33M,7.18M
Tue Sep 1 2026,14:00,USD,Low,Construction Spending m/m,-0.5%,0.0%,0.0%
Tue Sep 1 2026,14:04,USD,Low,RCM/TIPP Economic Optimism,45.6,46.2,45.1
Tue Sep 1 2026,All Day,USD,Low,Omdia Total Vehicle Sales,16.8M,16.3M,16.3M
Tue Sep 1 2026,Day 4,All,Low,G20 Meetings,,,
Tue Sep 1 2026,15:25,NZD,Low,GDT Price Index,0.9%,,2.3%
Tue Sep 1 2026,20:30,USD,Low,API Weekly Statistical Bulletin,,,
Tue Sep 1 2026,22:45,NZD,Low,Building Consents m/m,-4.3%,,-3.7%
Tue Sep 1 2026,23:50,JPY,Low,Monetary Base y/y,-15.7%,-13.5%,-13.8%
Wed Sep 2 2026,1:30,AUD,High,GDP q/q,0.4%,0.3%,0.3%
Wed Sep 2 2026,2:00,NZD,High,Official Cash Rate,2.75%,2.75%,2.50%
Wed Sep 2 2026,2:00,NZD,High,RBNZ Monetary Policy Statement,,,
Wed Sep 2 2026,2:00,NZD,High,RBNZ Rate Statement,,,
Wed Sep 2 2026,3:00,NZD,High,RBNZ Press Conference,,,
Wed Sep 2 2026,6:45,EUR,Low,French Gov Budget Balance,-145.9B,,-106.8B
Wed Sep 2 2026,7:00,EUR,Low,Spanish Unemployment Change,44.4K,15.4K,19.5K
Wed Sep 2 2026,12:15,USD,Medium,ADP Non-Farm Employment Change,38K,47K,46K
Wed Sep 2 2026,13:45,CAD,High,BOC Rate Statement,,,
Wed Sep 2 2026,13:45,CAD,High,Overnight Rate,2.25%,2.25%,2.25%
Wed Sep 2 2026,14:00,USD,Low,Factory Orders m/m,0.9%,0.7%,-0.2%
Wed Sep 2 2026,14:30,CAD,High,BOC Press Conference,,,
Wed Sep 2 2026,14:30,USD,Low,Crude Oil Inventories,-4.5M,-0.4M,0.1M
Wed Sep 2 2026,18:00,USD,Low,Beige Book,,,
Wed Sep 2 2026,20:10,NZD,Medium,RBNZ Gov Breman Speaks,,,
Wed Sep 2 2026,22:45,NZD,Low,Overseas Trade Index q/q,-9.0%,-2.1%,-1.9%
Thu Sep 3 2026,1:00,NZD,Low,ANZ Commodity Prices m/m,-0.4%,,-4.0%
Thu Sep 3 2026,1:15,AUD,Low,RBA Assist Gov Jones Speaks,,,
Thu Sep 3 2026,1:30,AUD,Low,Goods Trade Balance,1.92B,1.52B,2.34B
Thu Sep 3 2026,1:45,CNY,Low,RatingDog Services PMI,51.4,50.6,50.4
Thu Sep 3 2026,3:35,JPY,Low,30-y Bond Auction,4.08|3.8,,3.94|3.9
Thu Sep 3 2026,5:15,AUD,Low,RBA Assist Gov Hunter Speaks,,,
Thu Sep 3 2026,6:30,CHF,Medium,CPI m/m,0.4%,0.0%,-0.1%
Thu Sep 3 2026,7:00,CHF,Low,GDP q/q,1.9%,1.7%,0.6%
Thu Sep 3 2026,7:15,EUR,Low,Spanish Services PMI,57.8,59.0,58.3
Thu Sep 3 2026,7:45,EUR,Low,Italian Services PMI,55.2,53.6,52.5
Thu Sep 3 2026,7:50,EUR,Low,French Final Services PMI,48.0,48.4,48.4
Thu Sep 3 2026,7:55,EUR,Low,German Final Services PMI,49.7,48.5,48.5
Thu Sep 3 2026,8:00,EUR,Low,Final Services PMI,51.6,51.7,51.7
Thu Sep 3 2026,8:30,GBP,Low,Final Services PMI,52.5,52.8,52.8
Thu Sep 3 2026,8:43,EUR,Low,Spanish 10-y Bond Auction,3.74|2.3,,3.54|2.4
Thu Sep 3 2026,8:57,EUR,Low,French 10-y Bond Auction,4.23|2.3,,3.86|3.7
Thu Sep 3 2026,9:00,EUR,Low,PPI m/m,1.6%,1.2%,-0.3%
Thu Sep 3 2026,9:30,USD,Low,Challenger Job Cuts y/y,-38.5%,,-46.1%
Thu Sep 3 2026,12:30,CAD,Low,Labor Productivity q/q,1.0%,0.7%,-0.4%
Thu Sep 3 2026,12:30,CAD,Low,Trade Balance,0.8B,3.2B,4.2B
Thu Sep 3 2026,12:30,USD,Medium,Unemployment Claims,206K,205K,204K
Thu Sep 3 2026,12:30,USD,Low,FOMC Member Waller Speaks,,,
Thu Sep 3 2026,12:30,USD,Low,Revised Nonfarm Productivity q/q,1.4%,1.4%,1.4%
Thu Sep 3 2026,12:30,USD,Low,Revised Unit Labor Costs q/q,1.2%,1.3%,1.3%
Thu Sep 3 2026,12:30,USD,Low,Trade Balance,-88.6B,-89.4B,-71.2B
Thu Sep 3 2026,13:45,USD,Low,Final Services PMI,56.5,56.8,56.8
Thu Sep 3 2026,14:00,USD,Medium,ISM Services PMI,55.4,54.2,54.1
Thu Sep 3 2026,14:30,USD,Low,Natural Gas Storage,30B,30B,15B
Thu Sep 3 2026,15:00,GBP,Low,MPC Member Pill Speaks,,,
Thu Sep 3 2026,19:00,USD,Low,FOMC Member Hammack Speaks,,,
Thu Sep 3 2026,19:55,USD,Low,FOMC Member Goolsbee Speaks,,,
Thu Sep 3 2026,23:30,JPY,Low,Household Spending y/y,-3.6%,-1.6%,-3.3%
Fri Sep 4 2026,6:00,EUR,Low,German Factory Orders m/m,2.5%,0.3%,3.7%
Fri Sep 4 2026,8:00,EUR,Low,Italian Retail Sales m/m,-0.4%,0.2%,-0.2%
Fri Sep 4 2026,8:30,GBP,Low,Construction PMI,44.3,45.8,44.7
Fri Sep 4 2026,8:50,GBP,High,BOE Gov Bailey Speaks,,,
Fri Sep 4 2026,9:00,EUR,Low,Retail Sales m/m,-0.6%,0.3%,-0.3%
Fri Sep 4 2026,12:30,CAD,High,Employment Change,-41.7K,15.1K,75.1K
Fri Sep 4 2026,12:30,CAD,High,Unemployment Rate,6.4%,6.4%,6.4%
Fri Sep 4 2026,12:30,USD,High,Average Hourly Earnings m/m,0.3%,0.3%,0.2%
Fri Sep 4 2026,12:30,USD,High,Non-Farm Employment Change,162K,55K,21K
Fri Sep 4 2026,12:30,USD,High,Unemployment Rate,4.1%,4.1%,4.1%
Fri Sep 4 2026,14:00,CAD,Medium,Ivey PMI,64.3,56.2,55.1
Mon Sep 7 2026,1:30,AUD,Low,ANZ Job Advertisements m/m,2.5%,,1.9%
Mon Sep 7 2026,5:00,JPY,Low,Leading Indicators,117.9%,117.9%,116.5%
Mon Sep 7 2026,6:00,EUR,Low,German Industrial Production m/m,-1.1%,0.1%,0.0%
Mon Sep 7 2026,6:00,GBP,Low,Lloyds HPI m/m,-0.2%,0.2%,-0.1%
Mon Sep 7 2026,7:00,CHF,Low,Foreign Currency Reserves,770B,,768B
Mon Sep 7 2026,7:00,CHF,Low,Unemployment Rate,3.1%,3.1%,3.1%
Mon Sep 7 2026,8:30,EUR,Low,Sentix Investor Confidence,5.1,2.1,0.9
Mon Sep 7 2026,9:00,EUR,Low,Final Employment Change q/q,0.1%,0.1%,0.1%
Mon Sep 7 2026,9:00,EUR,Low,Revised GDP q/q,0.6%,0.4%,0.4%
Mon Sep 7 2026,All Day,CAD,,Bank Holiday,,,
Mon Sep 7 2026,All Day,USD,,Bank Holiday,,,
Mon Sep 7 2026,22:45,NZD,Low,Manufacturing Sales q/q,3.1%,,3.1%
Mon Sep 7 2026,23:01,GBP,Low,BRC Retail Sales Monitor y/y,0.5%,1.2%,1.0%
Mon Sep 7 2026,23:30,JPY,Low,Average Cash Earnings y/y,4.7%,3.8%,4.0%
Mon Sep 7 2026,23:50,JPY,Low,Bank Lending y/y,5.4%,5.5%,5.4%
Mon Sep 7 2026,23:50,JPY,Low,Current Account,2.52T,2.48T,1.40T
Mon Sep 7 2026,23:50,JPY,Low,Final GDP Price Index y/y,2.6%,2.6%,2.6%
Mon Sep 7 2026,23:50,JPY,Low,Final GDP q/q,0.4%,0.4%,0.3%
Tue Sep 8 2026,0:30,AUD,Low,Westpac Consumer Sentiment,-5.2%,,6.0%
Tue Sep 8 2026,1:30,AUD,Low,NAB Business Confidence,-8,,-7
Tue Sep 8 2026,2:35,CNY,Low,Trade Balance,809B,805B,767B
Tue Sep 8 2026,2:35,CNY,Low,USD-Denominated Trade Balance,119.1B,118.6B,112.5B
Tue Sep 8 2026,3:20,AUD,Low,RBA Assist Gov Hunter Speaks,,,
Tue Sep 8 2026,5:00,JPY,Low,Economy Watchers Sentiment,46.4,46.3,45.7
Tue Sep 8 2026,6:00,EUR,Low,German Trade Balance,21.3B,16.0B,15.4B
Tue Sep 8 2026,6:45,EUR,Low,French Trade Balance,-6.7B,-6.0B,-5.8B
Tue Sep 8 2026,9:30,AUD,Low,RBA Deputy Gov Hauser Speaks,,,
Tue Sep 8 2026,10:00,USD,Low,NFIB Small Business Index,98.7,99.4,99.8
Tue Sep 8 2026,13:15,GBP,Medium,Monetary Policy Report Hearings,,,
Tue Sep 8 2026,19:00,USD,Low,Consumer Credit m/m,18.1B,11.9B,14.6B
Tue Sep 8 2026,23:50,JPY,Low,M2 Money Stock y/y,2.0%,2.2%,2.1%
Wed Sep 9 2026,1:30,CNY,Low,CPI y/y,0.8%,0.8%,0.5%
Wed Sep 9 2026,1:30,CNY,Low,PPI y/y,3.8%,3.6%,3.5%
Wed Sep 9 2026,6:00,JPY,Low,Prelim Machine Tool Orders y/y,64.7%,,50.4%
Wed Sep 9 2026,6:45,EUR,Low,French Industrial Production m/m,-0.4%,0.2%,-0.1%
Wed Sep 9 2026,9:33,EUR,Low,German 10-y Bond Auction,3.39|1.5,,3.26|1.1
Wed Sep 9 2026,Aug 15th,USD,Low,ADP Weekly Employment Change,10.0K,,11.8K
Wed Sep 9 2026,12:15,USD,Low,ADP Weekly Employment Change,12.0K,,10.0K
Wed Sep 9 2026,17:00,EUR,Low,German Buba President Nagel Speaks,,,
Wed Sep 9 2026,17:00,EUR,Low,ECB President Lagarde Speaks,,,
Wed Sep 9 2026,17:01,USD,Low,10-y Bond Auction,4.83|2.7,,4.68|2.5
Wed Sep 9 2026,20:30,USD,Low,API Weekly Statistical Bulletin,,,
Wed Sep 9 2026,23:01,GBP,Low,RICS House Price Balance,-28%,-30%,-29%
Thu Sep 10 2026,1:00,AUD,Low,MI Inflation Expectations,4.9%,,4.9%
Thu Sep 10 2026,1:15,USD,Medium,President Trump Speaks,,,
Thu Sep 10 2026,6:00,EUR,Low,German Final CPI m/m,0.2%,0.2%,0.2%
Thu Sep 10 2026,8:00,EUR,Low,Italian Industrial Production m/m,0.7%,0.3%,-1.1%
Thu Sep 10 2026,12:15,EUR,High,Main Refinancing Rate,2.65%,2.65%,2.40%
Thu Sep 10 2026,12:15,EUR,High,Monetary Policy Statement,,,
Thu Sep 10 2026,12:30,USD,High,Core PPI m/m,0.2%,0.3%,0.3%
Thu Sep 10 2026,12:30,USD,High,PPI m/m,0.4%,0.4%,0.1%
Thu Sep 10 2026,12:30,USD,Medium,Unemployment Claims,206K,205K,207K
Thu Sep 10 2026,12:45,EUR,High,ECB Press Conference,,,
Thu Sep 10 2026,14:00,USD,Low,Existing Home Sales,3.98M,3.98M,4.06M
Thu Sep 10 2026,14:00,USD,Low,Final Wholesale Inventories m/m,1.3%,1.2%,1.3%
Thu Sep 10 2026,14:30,USD,Low,Natural Gas Storage,40B,35B,30B
Thu Sep 10 2026,16:00,USD,Low,Crude Oil Inventories,-0.4M,-1.4M,-4.5M
Thu Sep 10 2026,17:01,USD,Low,30-y Bond Auction,5.31|2.6,,5.22|2.4
Thu Sep 10 2026,22:30,NZD,Low,BusinessNZ Manufacturing Index,53.1,,54.3
Thu Sep 10 2026,23:50,JPY,Low,BSI Manufacturing Index,7.6,2.5,-1.8
Thu Sep 10 2026,23:50,JPY,Low,PPI y/y,7.6%,7.4%,7.7%
Fri Sep 11 2026,6:00,GBP,High,GDP m/m,0.4%,0.0%,0.3%
Fri Sep 11 2026,6:00,GBP,Low,Construction Output m/m,0.1%,0.1%,-0.1%
Fri Sep 11 2026,6:00,GBP,Low,Goods Trade Balance,-21.0B,-22.6B,-23.0B
Fri Sep 11 2026,6:00,GBP,Low,Index of Services 3m/3m,0.6%,0.5%,0.5%
Fri Sep 11 2026,6:00,GBP,Low,Industrial Production m/m,0.2%,-0.2%,-0.2%
Fri Sep 11 2026,6:00,GBP,Low,Manufacturing Production m/m,0.9%,0.2%,-0.5%
Fri Sep 11 2026,7:00,CHF,Low,SECO Consumer Climate,-33,-33,-35
Fri Sep 11 2026,8:00,EUR,Low,Italian Quarterly Unemployment Rate,5.6%,5.4%,5.5%
Fri Sep 11 2026,8:30,GBP,Low,Consumer Inflation Expectations,3.2%,,4.0%
Fri Sep 11 2026,9:15,CHF,Medium,SNB Chairman Schlegel Speaks,,,
Fri Sep 11 2026,12:30,USD,High,Core CPI m/m,0.3%,0.2%,0.2%
Fri Sep 11 2026,12:30,USD,High,Core CPI y/y,2.4%,2.4%,2.5%
Fri Sep 11 2026,12:30,USD,High,CPI m/m,0.4%,0.4%,0.1%
Fri Sep 11 2026,12:30,USD,High,CPI y/y,3.4%,3.4%,3.4%
Fri Sep 11 2026,14:00,EUR,Medium,ECB President Lagarde Speaks,,,
Fri Sep 11 2026,14:00,USD,Medium,Prelim UoM Consumer Sentiment,47.8,51.0,51.7
Fri Sep 11 2026,14:00,USD,Medium,Prelim UoM Inflation Expectations,4.6%,,4.0%
Fri Sep 11 2026,17:58,USD,Low,Federal Budget Balance,-166.8B,-221.1B,-432.3B
Sat Sep 12 2026,8:00,EUR,Medium,ECB President Lagarde Speaks,,,
Sat Sep 12 2026,Day 1,All,Low,BRICS Summit,,,
Sun Sep 13 2026,Day 2,All,Low,BRICS Summit,,,
Sun Sep 13 2026,22:30,NZD,Low,BusinessNZ Services Index,51.2,,50.6
Sun Sep 13 2026,22:45,NZD,Low,Visitor Arrivals m/m,0.5%,,0.0%
Mon Sep 14 2026,2:30,AUD,Low,RBA Assist Gov Hunter Speaks,,,
Mon Sep 14 2026,4:30,JPY,Low,Revised Industrial Production m/m,-0.2%,0.1%,0.1%
Mon Sep 14 2026,6:30,CHF,Low,PPI m/m,0.7%,0.0%,-0.1%
Mon Sep 14 2026,9:01,CNY,Low,M2 Money Supply y/y,7.5%,7.6%,7.7%
Mon Sep 14 2026,9:01,CNY,Low,New Loans,60B,480B,-340B
Mon Sep 14 2026,12:30,CAD,High,CPI m/m,-0.1%,-0.1%,0.5%
Mon Sep 14 2026,12:30,CAD,High,Median CPI y/y,2.0%,2.0%,2.0%
Mon Sep 14 2026,12:30,CAD,High,Trimmed CPI y/y,1.9%,1.9%,1.9%
Mon Sep 14 2026,12:30,CAD,Medium,Common CPI y/y,2.6%,2.7%,2.7%
Mon Sep 14 2026,12:30,CAD,Low,Core CPI m/m,0.1%,0.2%,0.2%
Mon Sep 14 2026,12:30,CAD,Low,Manufacturing Sales m/m,-0.4%,-0.2%,0.3%
Mon Sep 14 2026,13:30,GBP,Low,CB Leading Index m/m,-0.1%,,-0.1%
Mon Sep 14 2026,15:15,EUR,Medium,ECB President Lagarde Speaks,,,
Tue Sep 15 2026,1:30,CNY,Low,New Home Prices m/m,-0.17%,,-0.18%
Tue Sep 15 2026,2:00,CNY,Low,Fixed Asset Investment ytd/y,-7.2%,-7.1%,-6.7%
Tue Sep 15 2026,2:00,CNY,Low,Industrial Production y/y,5.2%,4.8%,4.5%
Tue Sep 15 2026,2:00,CNY,Low,NBS Press Conference,,,
Tue Sep 15 2026,2:00,CNY,Low,Retail Sales y/y,0.4%,0.7%,0.6%
Tue Sep 15 2026,2:00,CNY,Low,Unemployment Rate,5.3%,5.2%,5.2%
Tue Sep 15 2026,4:30,JPY,Low,Tertiary Industry Activity m/m,0.4%,0.3%,-0.2%
Tue Sep 15 2026,6:00,EUR,Low,German WPI m/m,0.9%,0.1%,0.2%
Tue Sep 15 2026,6:00,GBP,High,Claimant Count Change,27.8K,8.3K,-11.8K
Tue Sep 15 2026,6:00,GBP,Medium,Average Earnings Index 3m/y,3.9%,3.9%,4.2%
Tue Sep 15 2026,6:00,GBP,Low,Unemployment Rate,4.9%,5.0%,4.9%
Tue Sep 15 2026,6:45,EUR,Low,French Final CPI m/m,0.7%,0.7%,0.7%
Tue Sep 15 2026,8:00,EUR,Low,Italian Trade Balance,8.24B,4.77B,4.34B
Tue Sep 15 2026,9:00,EUR,Low,Trade Balance,5.0B,3.7B,1.0B
Tue Sep 15 2026,9:00,EUR,Low,German ZEW Economic Sentiment,34.7,39.8,34.2
Tue Sep 15 2026,9:00,EUR,Low,ZEW Economic Sentiment,25.8,39.2,31.4
Tue Sep 15 2026,12:15,USD,Low,ADP Weekly Employment Change,16.3K,,12.3K
Tue Sep 15 2026,12:30,CAD,Low,Wholesale Sales m/m,0.3%,-0.5%,2.8%
Tue Sep 15 2026,12:30,USD,Low,Empire State Manufacturing Index,7.6,14.8,20.6
Tue Sep 15 2026,14:00,USD,Medium,Treasury Sec Bessent Speaks,,,
Tue Sep 15 2026,15:39,NZD,Low,GDT Price Index,-1.1%,,0.9%
Tue Sep 15 2026,20:30,USD,Low,API Weekly Statistical Bulletin,,,
Tue Sep 15 2026,21:04,NZD,Low,Westpac Consumer Sentiment,89.5,,80.4
Tue Sep 15 2026,22:45,NZD,Low,Current Account,-1.67B,-2.57B,-1.09B
Tue Sep 15 2026,23:50,JPY,Low,Core Machinery Orders m/m,-3.7%,-1.2%,9.7%
Tue Sep 15 2026,23:50,JPY,Low,Trade Balance,-0.84T,-1.00T,-0.68T
Wed Sep 16 2026,0:30,AUD,Low,MI Leading Index m/m,0.0%,,0.0%
Wed Sep 16 2026,6:00,GBP,High,CPI y/y,3.1%,3.1%,2.9%
Wed Sep 16 2026,6:00,GBP,Low,Core CPI y/y,2.6%,2.6%,2.6%
Wed Sep 16 2026,6:00,GBP,Low,PPI Input m/m,0.3%,0.6%,-0.8%
Wed Sep 16 2026,6:00,GBP,Low,PPI Output m/m,0.7%,0.5%,0.4%
Wed Sep 16 2026,6:00,GBP,Low,RPI y/y,3.4%,3.5%,3.2%
Wed Sep 16 2026,8:30,GBP,Low,HPI y/y,1.4%,2.1%,1.5%
Wed Sep 16 2026,9:00,EUR,Low,Industrial Production m/m,-0.1%,-0.2%,-0.1%
Wed Sep 16 2026,9:35,EUR,Low,German 30-y Bond Auction,3.90|2.4,,3.65|1.3
Wed Sep 16 2026,12:15,CAD,Low,Housing Starts,229K,243K,229K
Wed Sep 16 2026,12:30,CAD,Low,Building Permits m/m,-17.3%,-4.7%,18.3%
Wed Sep 16 2026,12:30,USD,Medium,Core Retail Sales m/m,1.4%,0.6%,-0.2%
Wed Sep 16 2026,12:30,USD,Medium,Retail Sales m/m,1.2%,0.8%,-0.5%
Wed Sep 16 2026,12:30,USD,Low,Import Prices m/m,0.7%,0.4%,-0.3%
Wed Sep 16 2026,14:00,USD,Low,Business Inventories m/m,0.8%,0.6%,0.1%
Wed Sep 16 2026,14:00,USD,Low,NAHB Housing Market Index,32,34,35
Wed Sep 16 2026,14:30,USD,Low,Crude Oil Inventories,-0.6M,-1.6M,-0.4M
Wed Sep 16 2026,16:00,EUR,Low,German Buba President Nagel Speaks,,,
Wed Sep 16 2026,17:30,CAD,Low,BOC Summary of Deliberations,,,
Wed Sep 16 2026,18:00,USD,High,Federal Funds Rate,4.00%,4.00%,3.75%
Wed Sep 16 2026,18:00,USD,High,FOMC Economic Projections,,,
Wed Sep 16 2026,18:00,USD,High,FOMC Statement,,,
Wed Sep 16 2026,18:30,USD,High,FOMC Press Conference,,,
Wed Sep 16 2026,20:00,USD,Low,TIC Long-Term Purchases,-27.9B,146.3B,174.4
Wed Sep 16 2026,22:45,NZD,High,GDP q/q,0.2%,0.1%,0.9%
Thu Sep 17 2026,7:00,CHF,Low,SECO Economic Forecasts,,,
Thu Sep 17 2026,9:00,EUR,Low,Final Core CPI y/y,,2.4%,2.4%
Thu Sep 17 2026,9:00,EUR,Low,Final CPI y/y,,3.3%,3.3%
Thu Sep 17 2026,Tentative,EUR,Low,Spanish 10-y Bond Auction,,,3.74|2.3
Thu Sep 17 2026,11:00,GBP,High,Monetary Policy Summary,,,
Thu Sep 17 2026,11:00,GBP,High,MPC Official Bank Rate Votes,,3-0-6,3-0-6
Thu Sep 17 2026,11:00,GBP,High,Official Bank Rate,,3.75%,3.75%
Thu Sep 17 2026,12:30,CAD,Low,Foreign Securities Purchases,,28.64B,40.83B
Thu Sep 17 2026,12:30,CAD,Low,IPPI m/m,,0.0%,0.6%
Thu Sep 17 2026,12:30,CAD,Low,RMPI m/m,,0.7%,-2.2%
Thu Sep 17 2026,12:30,USD,Medium,Philly Fed Manufacturing Index,,31.3,47.4
Thu Sep 17 2026,12:30,USD,Medium,Unemployment Claims,,207K,206K
Thu Sep 17 2026,12:30,USD,Low,Building Permits,,1.40M,1.43M
Thu Sep 17 2026,12:30,USD,Low,Housing Starts,,1.32M,1.24M
Thu Sep 17 2026,14:00,USD,Low,Pending Home Sales m/m,,-0.2%,-2.3%
Thu Sep 17 2026,14:30,AUD,Low,CB Leading Index m/m,,,0.3%
Thu Sep 17 2026,14:30,USD,Low,Natural Gas Storage,,49B,40B
Thu Sep 17 2026,22:45,NZD,Low,FPI m/m,,,0.1%
Thu Sep 17 2026,22:45,NZD,Low,Trade Balance,,-1775M,-1949M
Thu Sep 17 2026,23:01,GBP,Low,GfK Consumer Confidence,,-16,-14
Thu Sep 17 2026,23:30,AUD,Medium,RBA Gov Bullock Speaks,,,
Thu Sep 17 2026,23:30,JPY,Low,National Core CPI y/y,,1.8%,1.8%
Fri Sep 18 2026,Tentative,JPY,High,BOJ Policy Rate,,<1.25%,<1.00%
Fri Sep 18 2026,Tentative,JPY,High,Monetary Policy Statement,,,
Fri Sep 18 2026,Tentative,JPY,High,BOJ Press Conference,,,
Fri Sep 18 2026,6:00,EUR,Low,German PPI m/m,,0.6%,1.1%
Fri Sep 18 2026,6:00,GBP,Medium,Retail Sales m/m,,-0.2%,-0.5%
Fri Sep 18 2026,Tentative,CNY,Low,Foreign Direct Investment ytd/y,,,-6.2%
Fri Sep 18 2026,8:00,EUR,Low,Current Account,,30.7B,35.1B
Fri Sep 18 2026,All Day,EUR,Low,ECOFIN Meetings,,,
Fri Sep 18 2026,All Day,EUR,Low,Eurogroup Meetings,,,
Fri Sep 18 2026,10:30,EUR,Medium,ECB President Lagarde Speaks,,,
Fri Sep 18 2026,13:15,USD,Low,Capacity Utilization Rate,,76.4%,76.3%
Fri Sep 18 2026,13:15,USD,Low,Industrial Production m/m,,0.3%,0.2%
Fri Sep 18 2026,13:30,USD,Low,FOMC Member Bowman Speaks,,,
Fri Sep 18 2026,14:00,USD,Low,CB Leading Index m/m,,0.1%,0.2%
Fri Sep 18 2026,15:45,USD,Low,FOMC Member Schmid Speaks,,,
Sat Sep 19 2026,All Day,EUR,Low,ECOFIN Meetings,,,
Sun Sep 20 2026,All Day,JPY,,Bank Holiday,,,
Sun Sep 20 2026,23:01,GBP,Low,Rightmove HPI m/m,,,-2.0%
Mon Sep 21 2026,1:00,CNY,Low,1-y Loan Prime Rate,,,3.00%
Mon Sep 21 2026,1:00,CNY,Low,5-y Loan Prime Rate,,,3.50%
Mon Sep 21 2026,3:00,NZD,Low,Credit Card Spending y/y,,,5.3%
Mon Sep 21 2026,Tentative,EUR,Low,German Buba Monthly Report,,,
Mon Sep 21 2026,10:30,USD,Low,FOMC Member Goolsbee Speaks,,,
Mon Sep 21 2026,All Day,JPY,,Bank Holiday,,,
Tue Sep 22 2026,3:10,AUD,High,RBA Gov Bullock Speaks,,,
Tue Sep 22 2026,6:00,GBP,Low,Public Sector Net Borrowing,,,1.8B
Tue Sep 22 2026,10:00,GBP,Low,CBI Industrial Order Expectations,,,-25
Tue Sep 22 2026,12:15,USD,Low,ADP Weekly Employment Change,,,
Tue Sep 22 2026,12:30,CAD,Low,NHPI m/m,,,-0.1%
Tue Sep 22 2026,14:00,EUR,Low,Consumer Confidence,,,-16
Tue Sep 22 2026,14:00,USD,Low,Richmond Manufacturing Index,,,4
Tue Sep 22 2026,14:05,USD,Low,FOMC Member Williams Speaks,,,
Tue Sep 22 2026,20:30,USD,Low,API Weekly Statistical Bulletin,,,
Tue Sep 22 2026,23:00,AUD,Low,Flash Manufacturing PMI,,,52.0
Tue Sep 22 2026,23:00,AUD,Low,Flash Services PMI,,,53.2
Tue Sep 22 2026,All Day,JPY,,Bank Holiday,,,
Wed Sep 23 2026,23rd-30th,EUR,Low,German Import Prices m/m,,,
Wed Sep 23 2026,23rd-1st,EUR,Low,German Retail Sales m/m,,,
Wed Sep 23 2026,7:15,EUR,Medium,French Flash Manufacturing PMI,,,51.1
Wed Sep 23 2026,7:15,EUR,Medium,French Flash Services PMI,,,48.0
Wed Sep 23 2026,7:30,EUR,Medium,German Flash Manufacturing PMI,,,54.3
Wed Sep 23 2026,7:30,EUR,Medium,German Flash Services PMI,,,49.7
Wed Sep 23 2026,8:00,EUR,Low,Flash Manufacturing PMI,,,52.7
Wed Sep 23 2026,8:00,EUR,Low,Flash Services PMI,,,51.6
Wed Sep 23 2026,8:30,GBP,Medium,Flash Manufacturing PMI,,,51.7
Wed Sep 23 2026,8:30,GBP,Medium,Flash Services PMI,,,52.5
Wed Sep 23 2026,13:45,USD,Low,Flash Manufacturing PMI,,,53.9
Wed Sep 23 2026,13:45,USD,Low,Flash Services PMI,,,56.5
Wed Sep 23 2026,14:30,USD,Low,Crude Oil Inventories,,,
Thu Sep 24 2026,0:30,JPY,Low,Flash Manufacturing PMI,,,54.9
Thu Sep 24 2026,Tentative,AUD,Low,NAB Quarterly Business Confidence,,,
Thu Sep 24 2026,1:30,AUD,High,Employment Change,,,-15.8K
Thu Sep 24 2026,1:30,AUD,High,Unemployment Rate,,,4.5%
Thu Sep 24 2026,7:30,CHF,High,SNB Monetary Policy Assessment,,,
Thu Sep 24 2026,7:30,CHF,High,SNB Policy Rate,,,0.00%
Thu Sep 24 2026,8:00,CHF,High,SNB Press Conference,,,
Thu Sep 24 2026,8:00,EUR,Low,ECB Economic Bulletin,,,
Thu Sep 24 2026,8:00,EUR,Low,German ifo Business Climate,,,88.8
Thu Sep 24 2026,8:10,USD,Low,FOMC Member Williams Speaks,,,
Thu Sep 24 2026,9:30,GBP,Low,MPC Member Dhingra Speaks,,,
Thu Sep 24 2026,10:00,GBP,Low,CBI Realized Sales,,,-48
Thu Sep 24 2026,Tentative,GBP,Low,30-y Bond Auction,,,
Thu Sep 24 2026,12:30,CAD,Medium,Core Retail Sales m/m,,,0.5%
Thu Sep 24 2026,12:30,CAD,Medium,Retail Sales m/m,,,0.6%
Thu Sep 24 2026,12:30,USD,Medium,Unemployment Claims,,,
Thu Sep 24 2026,12:30,USD,Low,Current Account,,,-227B
Thu Sep 24 2026,12:50,USD,Low,FOMC Member Hammack Speaks,,,
Thu Sep 24 2026,13:00,CNY,Low,CB Leading Index m/m,,,
Thu Sep 24 2026,13:00,EUR,Low,Belgian NBB Business Climate,,,-13.2
Thu Sep 24 2026,13:30,GBP,Low,MPC Member Breeden Speaks,,,
Thu Sep 24 2026,14:00,GBP,Low,MPC Member Lombardelli Speaks,,,
Thu Sep 24 2026,14:00,USD,Low,New Home Sales,,,607K
Thu Sep 24 2026,14:10,USD,Low,FOMC Member Paulson Speaks,,,
Thu Sep 24 2026,14:30,USD,Low,Natural Gas Storage,,,
Thu Sep 24 2026,All Day,CNY,,Bank Holiday,,,
Fri Sep 25 2026,6:00,EUR,Low,German GfK Consumer Climate,,,-26.6
Fri Sep 25 2026,8:00,EUR,Low,M3 Money Supply y/y,,,3.4%
Fri Sep 25 2026,8:00,EUR,Low,Private Loans y/y,,,3.1%
Fri Sep 25 2026,9:15,USD,Low,FOMC Member Williams Speaks,,,
Fri Sep 25 2026,12:30,USD,Low,Core Durable Goods Orders m/m,,,0.4%
Fri Sep 25 2026,12:30,USD,Low,Durable Goods Orders m/m,,,1.1%
Fri Sep 25 2026,14:00,USD,Medium,Revised UoM Consumer Sentiment,,,47.8
Fri Sep 25 2026,14:00,USD,Medium,Revised UoM Inflation Expectations,,,4.6%
Fri Sep 25 2026,18:00,USD,Low,FOMC Member Hammack Speaks,,,
Sat Sep 26 2026,14:00,NZD,,Daylight Saving Time Shift,,,
Sun Sep 27 2026,23:50,JPY,Low,Monetary Policy Meeting Minutes,,,
Sun Sep 27 2026,23:50,JPY,Low,SPPI y/y,,,
Mon Sep 28 2026,6:45,EUR,Low,French Consumer Spending m/m,,,
Mon Sep 28 2026,Tentative,EUR,Low,Italian 10-y Bond Auction,,,
Mon Sep 28 2026,23:01,GBP,Low,BRC Shop Price Index y/y,,,
Tue Sep 29 2026,1:30,AUD,Low,Household Spending m/m,,,
Tue Sep 29 2026,4:30,AUD,High,Cash Rate,,,
Tue Sep 29 2026,4:30,AUD,High,RBA Rate Statement,,,
Tue Sep 29 2026,5:00,JPY,Low,BOJ Core CPI y/y,,,
Tue Sep 29 2026,5:30,AUD,Medium,RBA Press Conference,,,
Tue Sep 29 2026,6:30,CHF,Low,Retail Sales y/y,,,
Tue Sep 29 2026,6:45,EUR,Low,French Prelim CPI m/m,,,
Tue Sep 29 2026,7:00,CHF,Low,KOF Economic Barometer,,,
Tue Sep 29 2026,7:00,EUR,Low,Spanish Flash CPI y/y,,,
Tue Sep 29 2026,8:30,GBP,Low,M4 Money Supply m/m,,,
Tue Sep 29 2026,8:30,GBP,Low,Mortgage Approvals,,,
Tue Sep 29 2026,8:30,GBP,Low,Net Lending to Individuals m/m,,,
Tue Sep 29 2026,12:30,CAD,Medium,GDP m/m,,,
Tue Sep 29 2026,13:00,USD,Low,HPI m/m,,,
Tue Sep 29 2026,13:00,USD,Low,S&P/CS Composite-20 HPI y/y,,,
Tue Sep 29 2026,14:00,USD,Medium,CB Consumer Confidence,,,
Tue Sep 29 2026,14:00,USD,Medium,JOLTS Job Openings,,,
Tue Sep 29 2026,Tentative,CAD,Medium,Annual Budget Release,,,
Tue Sep 29 2026,20:30,USD,Low,API Weekly Statistical Bulletin,,,
Tue Sep 29 2026,23:50,JPY,Low,Prelim Industrial Production m/m,,,
Tue Sep 29 2026,23:50,JPY,Low,Retail Sales y/y,,,
Wed Sep 30 2026,0:00,NZD,Low,ANZ Business Confidence,,,
Wed Sep 30 2026,1:30,AUD,High,CPI m/m,,,
Wed Sep 30 2026,1:30,AUD,High,CPI y/y,,,
Wed Sep 30 2026,1:30,AUD,High,Trimmed Mean CPI m/m,,,
Wed Sep 30 2026,1:30,AUD,Low,Building Approvals m/m,,,
Wed Sep 30 2026,1:30,AUD,Low,Private Sector Credit m/m,,,
Wed Sep 30 2026,1:30,CNY,Low,Manufacturing PMI,,,
Wed Sep 30 2026,1:30,CNY,Low,Non-Manufacturing PMI,,,
Wed Sep 30 2026,1:45,CNY,Low,RatingDog Manufacturing PMI,,,
Wed Sep 30 2026,1:45,CNY,Low,RatingDog Services PMI,,,
Wed Sep 30 2026,5:00,JPY,Low,Housing Starts y/y,,,
Wed Sep 30 2026,6:00,GBP,Low,Current Account,,,
Wed Sep 30 2026,6:00,GBP,Low,Final GDP q/q,,,
Wed Sep 30 2026,6:00,GBP,Low,Revised Business Investment q/q,,,
Wed Sep 30 2026,30th-7th,GBP,Low,Nationwide HPI m/m,,,
Wed Sep 30 2026,All Day,EUR,Medium,German Prelim CPI m/m,,,
Wed Sep 30 2026,7:55,EUR,Low,German Unemployment Change,,,
Wed Sep 30 2026,8:00,CHF,Low,UBS Economic Expectations,,,
Wed Sep 30 2026,9:00,EUR,Low,Italian Prelim CPI m/m,,,
Wed Sep 30 2026,9:30,GBP,Low,FPC Meeting Minutes,,,
Wed Sep 30 2026,9:30,GBP,Low,FPC Statement,,,
Wed Sep 30 2026,All Day,CAD,,Bank Holiday,,,
Wed Sep 30 2026,12:15,USD,Medium,ADP Non-Farm Employment Change,,,
Wed Sep 30 2026,12:30,USD,High,Core PCE Price Index m/m,,,
Wed Sep 30 2026,12:30,USD,High,Final GDP q/q,,,
Wed Sep 30 2026,12:30,USD,Medium,Final GDP Price Index q/q,,,
Wed Sep 30 2026,12:30,USD,Low,Goods Trade Balance,,,
Wed Sep 30 2026,12:30,USD,Low,Personal Income m/m,,,
Wed Sep 30 2026,12:30,USD,Low,Personal Spending m/m,,,
Wed Sep 30 2026,12:30,USD,Low,Prelim Wholesale Inventories m/m,,,
Wed Sep 30 2026,13:00,CHF,Low,SNB Quarterly Bulletin,,,
Wed Sep 30 2026,13:45,USD,Low,Chicago PMI,,,
Wed Sep 30 2026,14:30,USD,Low,Crude Oil Inventories,,,
Wed Sep 30 2026,21:45,NZD,Low,Building Consents m/m,,,
Wed Sep 30 2026,All Day,CNY,,Bank Holiday,,,
Wed Sep 30 2026,23:50,JPY,Low,BOJ Summary of Opinions,,,
Wed Sep 30 2026,23:50,JPY,Low,Tankan Manufacturing Index,,,
Wed Sep 30 2026,23:50,JPY,Low,Tankan Non-Manufacturing Index,,,
Thu Oct 1 2026,0:30,JPY,Low,Final Manufacturing PMI,,,
Thu Oct 1 2026,1:30,AUD,Low,Goods Trade Balance,,,
Thu Oct 1 2026,1:30,AUD,Low,RBA Financial Stability Review,,,
Thu Oct 1 2026,3:35,JPY,Low,10-y Bond Auction,,,
Thu Oct 1 2026,6:30,AUD,Low,Commodity Prices y/y,,,
Thu Oct 1 2026,6:30,CHF,Medium,CPI m/m,,,
Thu Oct 1 2026,7:15,EUR,Low,Spanish Manufacturing PMI,,,
Thu Oct 1 2026,7:30,CHF,Low,Manufacturing PMI,,,
Thu Oct 1 2026,7:45,EUR,Low,Italian Manufacturing PMI,,,
Thu Oct 1 2026,7:50,EUR,Low,French Final Manufacturing PMI,,,
Thu Oct 1 2026,7:55,EUR,Low,German Final Manufacturing PMI,,,
Thu Oct 1 2026,8:00,EUR,Low,Final Manufacturing PMI,,,
Thu Oct 1 2026,8:00,EUR,Low,Italian Monthly Unemployment Rate,,,
Thu Oct 1 2026,8:30,GBP,Low,Final Manufacturing PMI,,,
Thu Oct 1 2026,9:00,EUR,Low,Unemployment Rate,,,
Thu Oct 1 2026,9:30,USD,Low,Challenger Job Cuts y/y,,,
Thu Oct 1 2026,12:30,USD,Medium,Unemployment Claims,,,
Thu Oct 1 2026,13:30,CAD,Low,Manufacturing PMI,,,
Thu Oct 1 2026,13:45,USD,Low,Final Manufacturing PMI,,,
Thu Oct 1 2026,14:00,USD,High,ISM Manufacturing PMI,,,
Thu Oct 1 2026,14:00,USD,Medium,ISM Manufacturing Prices,,,
Thu Oct 1 2026,14:00,USD,Low,Construction Spending m/m,,,
Thu Oct 1 2026,All Day,USD,Low,Omdia Total Vehicle Sales,,,
Thu Oct 1 2026,14:30,USD,Low,Natural Gas Storage,,,
Thu Oct 1 2026,All Day,CNY,,Bank Holiday,,,
Thu Oct 1 2026,23:30,JPY,Medium,Tokyo Core CPI y/y,,,
Thu Oct 1 2026,23:30,JPY,Low,Household Spending y/y,,,
Thu Oct 1 2026,23:30,JPY,Low,Unemployment Rate,,,
Thu Oct 1 2026,23:50,JPY,Low,Monetary Base y/y,,,
Fri Oct 2 2026,5:00,JPY,Low,Leading Indicators,,,
Fri Oct 2 2026,6:45,EUR,Low,French Gov Budget Balance,,,
Fri Oct 2 2026,7:00,EUR,Low,Spanish Unemployment Change,,,
Fri Oct 2 2026,9:00,EUR,Medium,Core CPI Flash Estimate y/y,,,
Fri Oct 2 2026,9:00,EUR,Medium,CPI Flash Estimate y/y,,,
Fri Oct 2 2026,Tentative,EUR,Low,French 10-y Bond Auction,,,
Fri Oct 2 2026,12:30,USD,High,Average Hourly Earnings m/m,,,
Fri Oct 2 2026,12:30,USD,High,Non-Farm Employment Change,,,
Fri Oct 2 2026,12:30,USD,High,Unemployment Rate,,,
Fri Oct 2 2026,14:00,USD,Low,Factory Orders m/m,,,
Sat Oct 3 2026,16:00,AUD,,Daylight Saving Time Shift,,,
Sun Oct 4 2026,All Day,All,Medium,OPEC-JMMC Meetings,,,
Sun Oct 4 2026,All Day,AUD,,Bank Holiday,,,
Sun Oct 4 2026,All Day,CNY,,Bank Holiday,,,
Mon Oct 5 2026,0:00,AUD,Low,MI Inflation Gauge m/m,,,
Mon Oct 5 2026,0:00,NZD,Low,ANZ Commodity Prices m/m,,,
Mon Oct 5 2026,0:30,AUD,Low,ANZ Job Advertisements m/m,,,
Mon Oct 5 2026,5:00,JPY,Low,Consumer Confidence,,,
Mon Oct 5 2026,7:15,EUR,Low,Spanish Services PMI,,,
Mon Oct 5 2026,7:45,EUR,Low,Italian Services PMI,,,
Mon Oct 5 2026,7:50,EUR,Low,French Final Services PMI,,,
Mon Oct 5 2026,7:55,EUR,Low,German Final Services PMI,,,
Mon Oct 5 2026,8:00,EUR,Low,Final Services PMI,,,
Mon Oct 5 2026,8:00,EUR,Low,Italian Retail Sales m/m,,,
Mon Oct 5 2026,8:30,EUR,Low,Sentix Investor Confidence,,,
Mon Oct 5 2026,8:30,GBP,Low,Final Services PMI,,,
Mon Oct 5 2026,9:00,EUR,Low,PPI m/m,,,
Mon Oct 5 2026,13:45,USD,Low,Final Services PMI,,,
Mon Oct 5 2026,14:00,USD,Medium,ISM Services PMI,,,
Mon Oct 5 2026,21:00,NZD,Low,NZIER Business Confidence,,,
Mon Oct 5 2026,All Day,CNY,,Bank Holiday,,,
Tue Oct 6 2026,3:35,JPY,Low,30-y Bond Auction,,,
Tue Oct 6 2026,6:00,EUR,Low,German Factory Orders m/m,,,
Tue Oct 6 2026,7:00,CHF,Low,Unemployment Rate,,,
Tue Oct 6 2026,8:30,GBP,Low,Construction PMI,,,
Tue Oct 6 2026,Tentative,GBP,Low,Housing Equity Withdrawal q/q,,,
Tue Oct 6 2026,9:00,EUR,Low,Retail Sales m/m,,,
Tue Oct 6 2026,Tentative,EUR,Low,German 10-y Bond Auction,,,
Tue Oct 6 2026,12:15,USD,Low,ADP Weekly Employment Change,,,
Tue Oct 6 2026,12:15,USD,Low,ADP Weekly Employment Change,,,
Tue Oct 6 2026,12:30,CAD,Low,Trade Balance,,,
Tue Oct 6 2026,12:30,USD,Low,Trade Balance,,,
Tue Oct 6 2026,14:00,CAD,Medium,Ivey PMI,,,
Tue Oct 6 2026,Tentative,USD,Low,RCM/TIPP Economic Optimism,,,
Tue Oct 6 2026,Tentative,NZD,Low,GDT Price Index,,,
Tue Oct 6 2026,20:30,USD,Low,API Weekly Statistical Bulletin,,,
Tue Oct 6 2026,All Day,CNY,,Bank Holiday,,,
Wed Oct 7 2026,6:00,EUR,Low,German Industrial Production m/m,,,
Wed Oct 7 2026,6:00,GBP,Low,Lloyds HPI m/m,,,
Wed Oct 7 2026,6:45,EUR,Low,French Trade Balance,,,
Wed Oct 7 2026,7:00,CHF,Low,Foreign Currency Reserves,,,
Wed Oct 7 2026,14:00,USD,Low,Consumer Credit m/m,,,
Wed Oct 7 2026,14:30,USD,Low,Crude Oil Inventories,,,
Wed Oct 7 2026,17:01,USD,Low,10-y Bond Auction,,,
Wed Oct 7 2026,18:00,USD,High,FOMC Meeting Minutes,,,
Wed Oct 7 2026,23:01,GBP,Low,RICS House Price Balance,,,
Wed Oct 7 2026,23:50,JPY,Low,Current Account,,,
Thu Oct 8 2026,0:00,AUD,Low,MI Inflation Expectations,,,
Thu Oct 8 2026,5:00,JPY,Low,Economy Watchers Sentiment,,,
Thu Oct 8 2026,6:00,EUR,Low,German Trade Balance,,,
Thu Oct 8 2026,8:30,GBP,Low,BOE Credit Conditions Survey,,,
Thu Oct 8 2026,All Day,EUR,Low,Eurogroup Meetings,,,
Thu Oct 8 2026,11:30,EUR,Low,ECB Monetary Policy Meeting Accounts,,,
Thu Oct 8 2026,12:30,USD,Medium,Unemployment Claims,,,
Thu Oct 8 2026,14:00,USD,Low,Final Wholesale Inventories m/m,,,
Thu Oct 8 2026,14:30,USD,Low,Natural Gas Storage,,,
Thu Oct 8 2026,17:01,USD,Low,30-y Bond Auction,,,
Thu Oct 8 2026,23:30,JPY,Low,Average Cash Earnings y/y,,,
Fri Oct 9 2026,1:30,CNY,Low,CPI y/y,,,
Fri Oct 9 2026,1:30,CNY,Low,PPI y/y,,,
Fri Oct 9 2026,Tentative,CNY,Low,Trade Balance,,,
Fri Oct 9 2026,Tentative,CNY,Low,USD-Denominated Trade Balance,,,
Fri Oct 9 2026,6:45,EUR,Low,French Industrial Production m/m,,,
Fri Oct 9 2026,7:00,CHF,Low,SECO Consumer Climate,,,
Fri Oct 9 2026,8:00,EUR,Low,Italian Industrial Production m/m,,,
Fri Oct 9 2026,All Day,EUR,Low,ECOFIN Meetings,,,
Fri Oct 9 2026,12:30,CAD,High,Employment Change,,,
Fri Oct 9 2026,12:30,CAD,High,Unemployment Rate,,,
Fri Oct 9 2026,14:00,USD,Medium,Prelim UoM Consumer Sentiment,,,
Fri Oct 9 2026,14:00,USD,Medium,Prelim UoM Inflation Expectations,,,
Sun Oct 11 2026,Tentative,USD,Low,Fed Monetary Policy Report,,,
Sun Oct 11 2026,21:45,NZD,Low,Visitor Arrivals m/m,,,
Sun Oct 11 2026,All Day,JPY,,Bank Holiday,,,
Mon Oct 12 2026,6:00,EUR,Low,German WPI m/m,,,
Mon Oct 12 2026,8:00,EUR,Low,Italian Trade Balance,,,
Mon Oct 12 2026,Tentative,EUR,Low,German 30-y Bond Auction,,,
Mon Oct 12 2026,Tentative,EUR,Low,German Buba Monthly Report,,,
Mon Oct 12 2026,All Day,CAD,,Bank Holiday,,,
Mon Oct 12 2026,All Day,USD,,Bank Holiday,,,
Mon Oct 12 2026,Day 1,All,Low,IMF Meetings,,,
Mon Oct 12 2026,23:01,GBP,Low,BRC Retail Sales Monitor y/y,,,
Mon Oct 12 2026,23:30,AUD,Low,Westpac Consumer Sentiment,,,
Mon Oct 12 2026,23:50,JPY,Low,Bank Lending y/y,,,
Mon Oct 12 2026,23:50,JPY,Low,M2 Money Stock y/y,,,
Tue Oct 13 2026,0:30,AUD,Low,Monetary Policy Meeting Minutes,,,
Tue Oct 13 2026,0:30,AUD,Low,NAB Business Confidence,,,
Tue Oct 13 2026,1:30,CNY,Low,New Home Prices m/m,,,
Tue Oct 13 2026,4:30,JPY,Low,Tertiary Industry Activity m/m,,,
Tue Oct 13 2026,6:00,EUR,Low,German Final CPI m/m,,,
Tue Oct 13 2026,Tentative,CNY,Low,M2 Money Supply y/y,,,
Tue Oct 13 2026,Tentative,CNY,Low,New Loans,,,
Tue Oct 13 2026,9:00,EUR,Low,German ZEW Economic Sentiment,,,
Tue Oct 13 2026,9:00,EUR,Low,ZEW Economic Sentiment,,,
Tue Oct 13 2026,10:00,USD,Low,NFIB Small Business Index,,,
Tue Oct 13 2026,12:15,USD,Low,ADP Weekly Employment Change,,,
Tue Oct 13 2026,14:00,USD,Low,Existing Home Sales,,,
Tue Oct 13 2026,Day 2,All,Low,IMF Meetings,,,
Tue Oct 13 2026,14:30,AUD,Low,CB Leading Index m/m,,,
Tue Oct 13 2026,18:00,USD,Low,Federal Budget Balance,,,
Tue Oct 13 2026,23:30,AUD,Low,MI Leading Index m/m,,,
Wed Oct 14 2026,6:00,JPY,Low,Prelim Machine Tool Orders y/y,,,
Wed Oct 14 2026,Tentative,CNY,Low,Foreign Direct Investment ytd/y,,,
Wed Oct 14 2026,12:30,CAD,Low,Building Permits m/m,,,
Wed Oct 14 2026,12:30,USD,High,Core CPI m/m,,,
Wed Oct 14 2026,12:30,USD,High,Core CPI y/y,,,
Wed Oct 14 2026,12:30,USD,High,CPI m/m,,,
Wed Oct 14 2026,12:30,USD,High,CPI y/y,,,
Wed Oct 14 2026,13:30,GBP,Low,CB Leading Index m/m,,,
Wed Oct 14 2026,Day 3,All,Low,IMF Meetings,,,
Wed Oct 14 2026,18:00,USD,Low,Beige Book,,,
Wed Oct 14 2026,20:30,USD,Low,API Weekly Statistical Bulletin,,,
Wed Oct 14 2026,23:50,JPY,Low,Core Machinery Orders m/m,,,
Wed Oct 14 2026,23:50,JPY,Low,PPI y/y,,,
Thu Oct 15 2026,0:30,AUD,High,Employment Change,,,
Thu Oct 15 2026,0:30,AUD,High,Unemployment Rate,,,
Thu Oct 15 2026,6:00,GBP,High,Claimant Count Change,,,
Thu Oct 15 2026,6:00,GBP,High,GDP m/m,,,
Thu Oct 15 2026,6:00,GBP,Medium,Average Earnings Index 3m/y,,,
Thu Oct 15 2026,6:00,GBP,Low,Construction Output m/m,,,
Thu Oct 15 2026,6:00,GBP,Low,Goods Trade Balance,,,
Thu Oct 15 2026,6:00,GBP,Low,Index of Services 3m/3m,,,
Thu Oct 15 2026,6:00,GBP,Low,Industrial Production m/m,,,
Thu Oct 15 2026,6:00,GBP,Low,Manufacturing Production m/m,,,
Thu Oct 15 2026,6:00,GBP,Low,Unemployment Rate,,,
Thu Oct 15 2026,6:30,CHF,Low,PPI m/m,,,
Thu Oct 15 2026,6:45,EUR,Low,French Final CPI m/m,,,
Thu Oct 15 2026,9:00,EUR,Low,Industrial Production m/m,,,
Thu Oct 15 2026,12:30,CAD,Low,Manufacturing Sales m/m,,,
Thu Oct 15 2026,12:30,CAD,Low,Wholesale Sales m/m,,,
Thu Oct 15 2026,12:30,USD,High,Core PPI m/m,,,
Thu Oct 15 2026,12:30,USD,High,Core Retail Sales m/m,,,
Thu Oct 15 2026,12:30,USD,High,PPI m/m,,,
Thu Oct 15 2026,12:30,USD,High,Retail Sales m/m,,,
Thu Oct 15 2026,12:30,USD,Medium,Philly Fed Manufacturing Index,,,
Thu Oct 15 2026,12:30,USD,Medium,Unemployment Claims,,,
Thu Oct 15 2026,12:30,USD,Low,Empire State Manufacturing Index,,,
Thu Oct 15 2026,14:00,USD,Low,Business Inventories m/m,,,
Thu Oct 15 2026,Day 4,All,Low,IMF Meetings,,,
Thu Oct 15 2026,14:30,USD,Low,Natural Gas Storage,,,
Thu Oct 15 2026,16:00,USD,Low,Crude Oil Inventories,,,
Thu Oct 15 2026,21:30,NZD,Low,BusinessNZ Manufacturing Index,,,
Thu Oct 15 2026,21:45,NZD,Low,FPI m/m,,,
Thu Oct 15 2026,23:01,GBP,Low,GfK Consumer Confidence,,,
Fri Oct 16 2026,2:00,CNY,Low,Fixed Asset Investment ytd/y,,,
Fri Oct 16 2026,2:00,CNY,Low,GDP q/y,,,
Fri Oct 16 2026,2:00,CNY,Low,Industrial Production y/y,,,
Fri Oct 16 2026,2:00,CNY,Low,NBS Press Conference,,,
Fri Oct 16 2026,2:00,CNY,Low,Retail Sales y/y,,,
Fri Oct 16 2026,2:00,CNY,Low,Unemployment Rate,,,
Fri Oct 16 2026,9:00,EUR,Low,Final Core CPI y/y,,,
Fri Oct 16 2026,9:00,EUR,Low,Final CPI y/y,,,
Fri Oct 16 2026,9:00,EUR,Low,Trade Balance,,,
Fri Oct 16 2026,12:15,CAD,Low,Housing Starts,,,
Fri Oct 16 2026,12:30,CAD,Low,Foreign Securities Purchases,,,
Fri Oct 16 2026,12:30,USD,Low,Import Prices m/m,,,
Fri Oct 16 2026,13:15,USD,Low,Capacity Utilization Rate,,,
Fri Oct 16 2026,13:15,USD,Low,Industrial Production m/m,,,
Fri Oct 16 2026,Day 5,All,Low,IMF Meetings,,,
Fri Oct 16 2026,20:00,USD,Low,TIC Long-Term Purchases,,,
Fri Oct 16 2026,Tentative,USD,Medium,Treasury Currency Report,,,
Sat Oct 17 2026,Day 6,All,Low,IMF Meetings,,,
Sun Oct 18 2026,Tentative,AUD,Low,RBA Annual Report,,,
Sun Oct 18 2026,Day 7,All,Low,IMF Meetings,,,
Sun Oct 18 2026,21:30,NZD,Low,BusinessNZ Services Index,,,
Sun Oct 18 2026,23:01,GBP,Low,Rightmove HPI m/m,,,
Mon Oct 19 2026,4:30,JPY,Low,Revised Industrial Production m/m,,,
Mon Oct 19 2026,12:30,CAD,High,CPI m/m,,,
Mon Oct 19 2026,12:30,CAD,High,Median CPI y/y,,,
Mon Oct 19 2026,12:30,CAD,High,Trimmed CPI y/y,,,
Mon Oct 19 2026,12:30,CAD,Medium,Common CPI y/y,,,
Mon Oct 19 2026,12:30,CAD,Low,Core CPI m/m,,,
Mon Oct 19 2026,14:00,USD,Low,NAHB Housing Market Index,,,
Mon Oct 19 2026,15:30,CAD,Low,BOC Business Outlook Survey,,,
Mon Oct 19 2026,21:45,NZD,High,CPI q/q,,,
Mon Oct 19 2026,21:45,NZD,Low,Trade Balance,,,
Tue Oct 20 2026,1:00,CNY,Low,1-y Loan Prime Rate,,,
Tue Oct 20 2026,1:00,CNY,Low,5-y Loan Prime Rate,,,
Tue Oct 20 2026,6:00,EUR,Low,German PPI m/m,,,
Tue Oct 20 2026,8:00,EUR,Low,Current Account,,,
Tue Oct 20 2026,12:15,USD,Low,ADP Weekly Employment Change,,,
Tue Oct 20 2026,12:30,USD,Low,Building Permits,,,
Tue Oct 20 2026,12:30,USD,Low,Housing Starts,,,
Tue Oct 20 2026,14:00,EUR,Low,Consumer Confidence,,,
Tue Oct 20 2026,14:00,USD,Low,Pending Home Sales m/m,,,
Tue Oct 20 2026,Tentative,NZD,Low,GDT Price Index,,,
Tue Oct 20 2026,Tentative,USD,Low,FOMC Financial Stability Report,,,
Tue Oct 20 2026,20:30,USD,Low,API Weekly Statistical Bulletin,,,
Wed Oct 21 2026,2:00,NZD,Low,Credit Card Spending y/y,,,
Wed Oct 21 2026,6:00,GBP,High,CPI y/y,,,
Wed Oct 21 2026,6:00,GBP,Low,Core CPI y/y,,,
Wed Oct 21 2026,6:00,GBP,Low,PPI Input m/m,,,
Wed Oct 21 2026,6:00,GBP,Low,PPI Output m/m,,,
Wed Oct 21 2026,6:00,GBP,Low,Public Sector Net Borrowing,,,
Wed Oct 21 2026,6:00,GBP,Low,RPI y/y,,,
Wed Oct 21 2026,8:30,GBP,Low,HPI y/y,,,
Wed Oct 21 2026,14:30,USD,Low,Crude Oil Inventories,,,
Thu Oct 22 2026,7:30,CHF,Low,Summary of Monetary Policy Discussions,,,
Thu Oct 22 2026,10:00,GBP,Low,CBI Industrial Order Expectations,,,
Thu Oct 22 2026,12:30,CAD,Low,IPPI m/m,,,
Thu Oct 22 2026,12:30,CAD,Low,RMPI m/m,,,
Thu Oct 22 2026,12:30,USD,Medium,Unemployment Claims,,,
Thu Oct 22 2026,14:00,USD,Low,CB Leading Index m/m,,,
Thu Oct 22 2026,14:30,USD,Low,Natural Gas Storage,,,
Thu Oct 22 2026,22:00,AUD,Low,Flash Manufacturing PMI,,,
Thu Oct 22 2026,22:00,AUD,Low,Flash Services PMI,,,
Thu Oct 22 2026,23:30,JPY,Low,National Core CPI y/y,,,
Fri Oct 23 2026,0:30,JPY,Low,Flash Manufacturing PMI,,,
Fri Oct 23 2026,6:00,GBP,Medium,Retail Sales m/m,,,
Fri Oct 23 2026,7:15,EUR,Medium,French Flash Manufacturing PMI,,,
Fri Oct 23 2026,7:15,EUR,Medium,French Flash Services PMI,,,
Fri Oct 23 2026,7:30,EUR,Medium,German Flash Manufacturing PMI,,,
Fri Oct 23 2026,7:30,EUR,Medium,German Flash Services PMI,,,
Fri Oct 23 2026,8:00,EUR,Low,Flash Manufacturing PMI,,,
Fri Oct 23 2026,8:00,EUR,Low,Flash Services PMI,,,
Fri Oct 23 2026,8:30,GBP,Medium,Flash Manufacturing PMI,,,
Fri Oct 23 2026,8:30,GBP,Medium,Flash Services PMI,,,
Fri Oct 23 2026,12:30,CAD,Low,Core Retail Sales m/m,,,
Fri Oct 23 2026,12:30,CAD,Low,NHPI m/m,,,
Fri Oct 23 2026,12:30,CAD,Low,Retail Sales m/m,,,
Fri Oct 23 2026,13:00,EUR,Low,Belgian NBB Business Climate,,,
Fri Oct 23 2026,13:45,USD,Low,Flash Manufacturing PMI,,,
Fri Oct 23 2026,13:45,USD,Low,Flash Services PMI,,,
Fri Oct 23 2026,14:00,USD,Medium,Revised UoM Consumer Sentiment,,,
Fri Oct 23 2026,14:00,USD,Medium,Revised UoM Inflation Expectations,,,
Sun Oct 25 2026,1:00,CHF,,Daylight Saving Time Shift,,,
Sun Oct 25 2026,1:00,EUR,,Daylight Saving Time Shift,,,
Sun Oct 25 2026,1:00,GBP,,Daylight Saving Time Shift,,,
Sun Oct 25 2026,All Day,NZD,,Bank Holiday,,,
Sun Oct 25 2026,23:50,JPY,Low,Trade Balance,,,
Mon Oct 26 2026,8:00,EUR,Low,German ifo Business Climate,,,
Mon Oct 26 2026,8:00,EUR,Low,M3 Money Supply y/y,,,
Mon Oct 26 2026,8:00,EUR,Low,Private Loans y/y,,,
Mon Oct 26 2026,10:00,GBP,Low,CBI Realized Sales,,,
Tue Oct 27 2026,5:00,JPY,Low,BOJ Core CPI y/y,,,
Tue Oct 27 2026,6:00,EUR,Low,German GfK Consumer Climate,,,
Tue Oct 27 2026,7:00,EUR,Low,Spanish Unemployment Rate,,,
Tue Oct 27 2026,9:00,EUR,Low,Italian Prelim CPI m/m,,,
Tue Oct 27 2026,12:15,USD,Low,ADP Weekly Employment Change,,,
Tue Oct 27 2026,12:30,USD,Low,Core Durable Goods Orders m/m,,,
Tue Oct 27 2026,12:30,USD,Low,Durable Goods Orders m/m,,,
Tue Oct 27 2026,13:00,USD,Low,HPI m/m,,,
Tue Oct 27 2026,13:00,USD,Low,S&P/CS Composite-20 HPI y/y,,,
Tue Oct 27 2026,14:00,USD,Medium,CB Consumer Confidence,,,
Tue Oct 27 2026,14:00,USD,Low,New Home Sales,,,
Tue Oct 27 2026,14:00,USD,Low,Richmond Manufacturing Index,,,
Tue Oct 27 2026,20:30,USD,Low,API Weekly Statistical Bulletin,,,
Tue Oct 27 2026,23:01,GBP,Low,BRC Shop Price Index y/y,,,
Tue Oct 27 2026,23:50,JPY,Low,SPPI y/y,,,
Wed Oct 28 2026,0:30,AUD,High,CPI m/m,,,
Wed Oct 28 2026,0:30,AUD,High,CPI y/y,,,
Wed Oct 28 2026,0:30,AUD,High,Trimmed Mean CPI m/m,,,
Wed Oct 28 2026,1:00,NZD,High,Official Cash Rate,,,
Wed Oct 28 2026,1:00,NZD,High,RBNZ Rate Statement,,,
Wed Oct 28 2026,2:00,NZD,High,RBNZ Press Conference,,,
Wed Oct 28 2026,6:45,EUR,Low,French Consumer Spending m/m,,,
Wed Oct 28 2026,7:00,EUR,Low,Spanish Flash CPI y/y,,,
Wed Oct 28 2026,8:00,CHF,Low,KOF Economic Barometer,,,
Wed Oct 28 2026,8:00,EUR,Low,Italian Monthly Unemployment Rate,,,
Wed Oct 28 2026,9:00,CHF,Low,UBS Economic Expectations,,,
Wed Oct 28 2026,28th-30th,EUR,Medium,German Prelim GDP q/q,,,
Wed Oct 28 2026,12:30,USD,Low,Goods Trade Balance,,,
Wed Oct 28 2026,12:30,USD,Low,Prelim Wholesale Inventories m/m,,,
Wed Oct 28 2026,Tentative,GBP,High,Autumn Forecast Statement,,,
Wed Oct 28 2026,13:00,CNY,Low,CB Leading Index m/m,,,
Wed Oct 28 2026,13:45,CAD,High,BOC Monetary Policy Report,,,
Wed Oct 28 2026,13:45,CAD,High,BOC Rate Statement,,,
Wed Oct 28 2026,13:45,CAD,High,Overnight Rate,,,
Wed Oct 28 2026,14:30,CAD,High,BOC Press Conference,,,
Wed Oct 28 2026,14:30,USD,Low,Crude Oil Inventories,,,
Wed Oct 28 2026,18:00,USD,High,Federal Funds Rate,,,
Wed Oct 28 2026,18:00,USD,High,FOMC Statement,,,
Wed Oct 28 2026,18:30,USD,High,FOMC Press Conference,,,
Thu Oct 29 2026,0:00,NZD,Low,ANZ Business Confidence,,,
Thu Oct 29 2026,0:30,AUD,Low,Import Prices q/q,,,
Thu Oct 29 2026,6:00,EUR,Low,German Import Prices m/m,,,
Thu Oct 29 2026,6:00,EUR,Low,German Retail Sales m/m,,,
Thu Oct 29 2026,6:00,GBP,Low,Nationwide HPI m/m,,,
Thu Oct 29 2026,6:45,EUR,Low,French Prelim CPI m/m,,,
Thu Oct 29 2026,7:30,CHF,Low,Retail Sales y/y,,,
Thu Oct 29 2026,Tentative,EUR,Low,Italian 10-y Bond Auction,,,
Thu Oct 29 2026,12:15,EUR,High,Main Refinancing Rate,,,
Thu Oct 29 2026,12:15,EUR,High,Monetary Policy Statement,,,
Thu Oct 29 2026,12:30,USD,High,Advance GDP q/q,,,
Thu Oct 29 2026,12:30,USD,High,Core PCE Price Index m/m,,,
Thu Oct 29 2026,12:30,USD,Medium,Advance GDP Price Index q/q,,,
Thu Oct 29 2026,12:30,USD,Medium,Unemployment Claims,,,
Thu Oct 29 2026,12:30,USD,Low,Personal Income m/m,,,
Thu Oct 29 2026,12:30,USD,Low,Personal Spending m/m,,,
Thu Oct 29 2026,12:45,EUR,High,ECB Press Conference,,,
Thu Oct 29 2026,14:30,USD,Low,Natural Gas Storage,,,
Thu Oct 29 2026,23:30,JPY,Medium,Tokyo Core CPI y/y,,,
Thu Oct 29 2026,23:30,JPY,Low,Unemployment Rate,,,
Thu Oct 29 2026,23:50,JPY,Low,Prelim Industrial Production m/m,,,
Thu Oct 29 2026,23:50,JPY,Low,Retail Sales y/y,,,
Fri Oct 30 2026,0:30,AUD,Low,PPI q/q,,,
Fri Oct 30 2026,0:30,AUD,Low,Private Sector Credit m/m,,,
Fri Oct 30 2026,Tentative,JPY,High,BOJ Policy Rate,,,
Fri Oct 30 2026,Tentative,JPY,High,Monetary Policy Statement,,,
Fri Oct 30 2026,Tentative,JPY,High,BOJ Outlook Report,,,
Fri Oct 30 2026,5:00,JPY,Low,Housing Starts y/y,,,
Fri Oct 30 2026,Tentative,JPY,High,BOJ Press Conference,,,
Fri Oct 30 2026,All Day,EUR,Medium,German Prelim CPI m/m,,,
Fri Oct 30 2026,6:30,EUR,Low,French Flash GDP q/q,,,
Fri Oct 30 2026,7:00,EUR,Low,Spanish Flash GDP q/q,,,
Fri Oct 30 2026,7:55,EUR,Low,German Unemployment Change,,,
Fri Oct 30 2026,8:00,EUR,Low,Italian Prelim GDP q/q,,,
Fri Oct 30 2026,8:30,GBP,Low,M4 Money Supply m/m,,,
Fri Oct 30 2026,8:30,GBP,Low,Mortgage Approvals,,,
Fri Oct 30 2026,8:30,GBP,Low,Net Lending to Individuals m/m,,,
Fri Oct 30 2026,9:00,EUR,Low,Unemployment Rate,,,
Fri Oct 30 2026,10:00,EUR,Low,Prelim Flash GDP q/q,,,
Fri Oct 30 2026,12:30,CAD,Medium,GDP m/m,,,
Fri Oct 30 2026,12:30,USD,Medium,Employment Cost Index q/q,,,
Fri Oct 30 2026,13:45,USD,Low,Chicago PMI,,,
Sun Nov 1 2026,1:30,CNY,Low,Manufacturing PMI,,,
Sun Nov 1 2026,1:30,CNY,Low,Non-Manufacturing PMI,,,
Sun Nov 1 2026,7:00,CAD,,Daylight Saving Time Shift,,,
Sun Nov 1 2026,7:00,USD,,Daylight Saving Time Shift,,,
Mon Nov 2 2026,0:00,AUD,Low,MI Inflation Gauge m/m,,,
Mon Nov 2 2026,0:30,AUD,Low,ANZ Job Advertisements m/m,,,
Mon Nov 2 2026,0:30,AUD,Low,Building Approvals m/m,,,
Mon Nov 2 2026,0:30,AUD,Low,Household Spending m/m,,,
Mon Nov 2 2026,1:45,CNY,Low,RatingDog Manufacturing PMI,,,
Mon Nov 2 2026,5:30,AUD,Low,Commodity Prices y/y,,,
Mon Nov 2 2026,8:15,EUR,Low,Spanish Manufacturing PMI,,,
Mon Nov 2 2026,8:30,CHF,Low,Manufacturing PMI,,,
Mon Nov 2 2026,8:45,EUR,Low,Italian Manufacturing PMI,,,
Mon Nov 2 2026,8:50,EUR,Low,French Final Manufacturing PMI,,,
Mon Nov 2 2026,8:55,EUR,Low,German Final Manufacturing PMI,,,
Mon Nov 2 2026,9:00,EUR,Low,Final Manufacturing PMI,,,
Mon Nov 2 2026,9:30,GBP,Low,Final Manufacturing PMI,,,
Mon Nov 2 2026,14:30,CAD,Low,Manufacturing PMI,,,
Mon Nov 2 2026,14:45,USD,Low,Final Manufacturing PMI,,,
Mon Nov 2 2026,15:00,USD,High,ISM Manufacturing PMI,,,
Mon Nov 2 2026,15:00,USD,Medium,ISM Manufacturing Prices,,,
Mon Nov 2 2026,15:00,USD,Low,Construction Spending m/m,,,
Mon Nov 2 2026,All Day,USD,Low,Omdia Total Vehicle Sales,,,
Mon Nov 2 2026,Tentative,USD,Low,Loan Officer Survey,,,
Mon Nov 2 2026,21:45,NZD,Low,Building Consents m/m,,,
Tue Nov 3 2026,All Day,JPY,,Bank Holiday,,,
Tue Nov 3 2026,0:01,GBP,Low,BRC Retail Sales Monitor y/y,,,
Tue Nov 3 2026,3:30,AUD,High,Cash Rate,,,
Tue Nov 3 2026,3:30,AUD,High,RBA Monetary Policy Statement,,,
Tue Nov 3 2026,3:30,AUD,High,RBA Rate Statement,,,
Tue Nov 3 2026,4:30,AUD,Medium,RBA Press Conference,,,
Tue Nov 3 2026,5:00,JPY,Low,Consumer Confidence,,,
Tue Nov 3 2026,7:45,EUR,Low,French Gov Budget Balance,,,
Tue Nov 3 2026,Tentative,EUR,Low,Spanish 10-y Bond Auction,,,
Tue Nov 3 2026,Tentative,EUR,Low,French 10-y Bond Auction,,,
Tue Nov 3 2026,15:00,USD,Medium,JOLTS Job Openings,,,
Tue Nov 3 2026,15:00,USD,Low,Factory Orders m/m,,,
Tue Nov 3 2026,Tentative,USD,Low,RCM/TIPP Economic Optimism,,,
Tue Nov 3 2026,All Day,USD,High,Congressional Elections,,,
Tue Nov 3 2026,Tentative,NZD,Low,GDT Price Index,,,
Tue Nov 3 2026,21:30,USD,Low,API Weekly Statistical Bulletin,,,
Tue Nov 3 2026,21:45,NZD,High,Employment Change q/q,,,
Tue Nov 3 2026,21:45,NZD,High,Unemployment Rate,,,
Tue Nov 3 2026,21:45,NZD,Low,Labor Cost Index q/q,,,
Tue Nov 3 2026,23:50,JPY,Low,Monetary Base y/y,,,
Wed Nov 4 2026,0:00,NZD,Low,ANZ Commodity Prices m/m,,,
Wed Nov 4 2026,1:45,CNY,Low,RatingDog Services PMI,,,
Wed Nov 4 2026,7:30,CHF,Medium,CPI m/m,,,
Wed Nov 4 2026,8:00,EUR,Low,Spanish Unemployment Change,,,
Wed Nov 4 2026,8:15,EUR,Low,Spanish Services PMI,,,
Wed Nov 4 2026,8:45,EUR,Low,Italian Services PMI,,,
Wed Nov 4 2026,8:50,EUR,Low,French Final Services PMI,,,
Wed Nov 4 2026,8:55,EUR,Low,German Final Services PMI,,,
Wed Nov 4 2026,9:00,EUR,Low,Final Services PMI,,,
Wed Nov 4 2026,9:30,GBP,Low,Final Services PMI,,,
Wed Nov 4 2026,10:00,EUR,Medium,Core CPI Flash Estimate y/y,,,
Wed Nov 4 2026,10:00,EUR,Medium,CPI Flash Estimate y/y,,,
Wed Nov 4 2026,13:15,USD,Medium,ADP Non-Farm Employment Change,,,
Wed Nov 4 2026,13:30,CAD,Low,Trade Balance,,,
Wed Nov 4 2026,13:30,USD,Low,Trade Balance,,,
Wed Nov 4 2026,14:45,USD,Low,Final Services PMI,,,
Wed Nov 4 2026,15:00,USD,Medium,ISM Services PMI,,,
Wed Nov 4 2026,15:30,USD,Low,Crude Oil Inventories,,,
Wed Nov 4 2026,23:50,JPY,Low,Monetary Policy Meeting Minutes,,,
Thu Nov 5 2026,0:30,AUD,Low,Goods Trade Balance,,,
Thu Nov 5 2026,0:30,JPY,Low,Final Manufacturing PMI,,,
Thu Nov 5 2026,3:35,JPY,Low,10-y Bond Auction,,,
Thu Nov 5 2026,7:00,EUR,Low,German Factory Orders m/m,,,
Thu Nov 5 2026,7:45,EUR,Low,French Prelim Private Payrolls q/q,,,
Thu Nov 5 2026,9:00,EUR,Low,Italian Retail Sales m/m,,,
Thu Nov 5 2026,9:30,GBP,Low,Construction PMI,,,
Thu Nov 5 2026,10:00,EUR,Low,PPI m/m,,,
Thu Nov 5 2026,10:30,USD,Low,Challenger Job Cuts y/y,,,
Thu Nov 5 2026,Tentative,EUR,Low,German 10-y Bond Auction,,,
Thu Nov 5 2026,12:00,GBP,High,BOE Monetary Policy Report,,,
Thu Nov 5 2026,12:00,GBP,High,Monetary Policy Summary,,,
Thu Nov 5 2026,12:00,GBP,High,MPC Official Bank Rate Votes,,,
Thu Nov 5 2026,12:00,GBP,High,Official Bank Rate,,,
Thu Nov 5 2026,13:30,USD,Medium,Unemployment Claims,,,
Thu Nov 5 2026,13:30,USD,Low,Prelim Nonfarm Productivity q/q,,,
Thu Nov 5 2026,13:30,USD,Low,Prelim Unit Labor Costs q/q,,,
Thu Nov 5 2026,15:30,USD,Low,Natural Gas Storage,,,
Thu Nov 5 2026,23:30,JPY,Low,Average Cash Earnings y/y,,,
Thu Nov 5 2026,23:30,JPY,Low,Household Spending y/y,,,
Fri Nov 6 2026,5:00,JPY,Low,Leading Indicators,,,
Fri Nov 6 2026,7:00,EUR,Low,German Industrial Production m/m,,,
Fri Nov 6 2026,7:00,GBP,Low,Lloyds HPI m/m,,,
Fri Nov 6 2026,8:00,CHF,Low,Foreign Currency Reserves,,,
Fri Nov 6 2026,10:00,EUR,Low,Retail Sales m/m,,,
Fri Nov 6 2026,13:30,CAD,High,Employment Change,,,
Fri Nov 6 2026,13:30,CAD,High,Unemployment Rate,,,
Fri Nov 6 2026,13:30,USD,High,Average Hourly Earnings m/m,,,
Fri Nov 6 2026,13:30,USD,High,Non-Farm Employment Change,,,
Fri Nov 6 2026,13:30,USD,High,Unemployment Rate,,,
Fri Nov 6 2026,15:00,CAD,Medium,Ivey PMI,,,
Fri Nov 6 2026,15:00,USD,Medium,Prelim UoM Consumer Sentiment,,,
Fri Nov 6 2026,15:00,USD,Medium,Prelim UoM Inflation Expectations,,,
Fri Nov 6 2026,15:00,USD,Low,Consumer Credit m/m,,,
Fri Nov 6 2026,All Day,NZD,High,Parliamentary Elections,,,
Mon Nov 9 2026,1:30,CNY,Low,CPI y/y,,,
Mon Nov 9 2026,1:30,CNY,Low,PPI y/y,,,
Mon Nov 9 2026,Tentative,CNY,Low,Trade Balance,,,
Mon Nov 9 2026,Tentative,CNY,Low,USD-Denominated Trade Balance,,,
Mon Nov 9 2026,7:00,EUR,Low,German Trade Balance,,,
Mon Nov 9 2026,7:45,EUR,Low,French Trade Balance,,,
Mon Nov 9 2026,9:30,EUR,Low,Sentix Investor Confidence,,,
Mon Nov 9 2026,All Day,EUR,Low,ECOFIN Meetings,,,
Mon Nov 9 2026,All Day,EUR,Low,Eurogroup Meetings,,,
Mon Nov 9 2026,Tentative,USD,Low,Cleveland Fed Inflation Expectations,,,
Mon Nov 9 2026,15:00,USD,Low,Final Wholesale Inventories m/m,,,
Mon Nov 9 2026,23:30,AUD,Low,Westpac Consumer Sentiment,,,
Mon Nov 9 2026,23:50,JPY,Low,Bank Lending y/y,,,
Mon Nov 9 2026,23:50,JPY,Low,BOJ Summary of Opinions,,,
Mon Nov 9 2026,23:50,JPY,Low,Current Account,,,
Tue Nov 10 2026,0:30,AUD,Low,NAB Business Confidence,,,
Tue Nov 10 2026,3:35,JPY,Low,30-y Bond Auction,,,
Tue Nov 10 2026,5:00,JPY,Low,Economy Watchers Sentiment,,,
Tue Nov 10 2026,7:00,EUR,Low,German WPI m/m,,,
Tue Nov 10 2026,8:00,CHF,Low,SECO Consumer Climate,,,
Tue Nov 10 2026,9:00,EUR,Low,Italian Industrial Production m/m,,,
Tue Nov 10 2026,Tentative,GBP,Low,10-y Bond Auction,,,
Tue Nov 10 2026,11:00,USD,Low,NFIB Small Business Index,,,
Tue Nov 10 2026,13:15,USD,Low,ADP Weekly Employment Change,,,
Tue Nov 10 2026,13:15,USD,Low,ADP Weekly Employment Change,,,
Tue Nov 10 2026,13:30,USD,High,Core CPI m/m,,,
Tue Nov 10 2026,13:30,USD,High,Core CPI y/y,,,
Tue Nov 10 2026,13:30,USD,High,CPI m/m,,,
Tue Nov 10 2026,13:30,USD,High,CPI y/y,,,
Tue Nov 10 2026,18:01,USD,Low,10-y Bond Auction,,,
Tue Nov 10 2026,18:30,CAD,Low,BOC Summary of Deliberations,,,
Tue Nov 10 2026,20:00,NZD,Low,RBNZ Financial Stability Report,,,
Tue Nov 10 2026,21:30,USD,Low,API Weekly Statistical Bulletin,,,
Tue Nov 10 2026,23:50,JPY,Low,M2 Money Stock y/y,,,
Wed Nov 11 2026,6:00,JPY,Low,Prelim Machine Tool Orders y/y,,,
Wed Nov 11 2026,7:00,EUR,Low,German Final CPI m/m,,,
Wed Nov 11 2026,All Day,EUR,,French Bank Holiday,,,
Wed Nov 11 2026,8:00,CHF,Low,Unemployment Rate,,,
Wed Nov 11 2026,Tentative,EUR,Low,German 30-y Bond Auction,,,
Wed Nov 11 2026,Tentative,GBP,Low,30-y Bond Auction,,,
Wed Nov 11 2026,All Day,CAD,,Bank Holiday,,,
Wed Nov 11 2026,All Day,USD,,Bank Holiday,,,
Wed Nov 11 2026,21:45,NZD,Low,Visitor Arrivals m/m,,,
Wed Nov 11 2026,23:50,JPY,Low,PPI y/y,,,
Thu Nov 12 2026,0:00,AUD,Low,MI Inflation Expectations,,,
Thu Nov 12 2026,0:01,GBP,Low,RICS House Price Balance,,,
Thu Nov 12 2026,7:00,GBP,High,GDP m/m,,,
Thu Nov 12 2026,7:00,GBP,Medium,Prelim GDP q/q,,,
Thu Nov 12 2026,7:00,GBP,Low,Construction Output m/m,,,
Thu Nov 12 2026,7:00,GBP,Low,Goods Trade Balance,,,
Thu Nov 12 2026,7:00,GBP,Low,Index of Services 3m/3m,,,
Thu Nov 12 2026,7:00,GBP,Low,Industrial Production m/m,,,
Thu Nov 12 2026,7:00,GBP,Low,Manufacturing Production m/m,,,
Thu Nov 12 2026,7:00,GBP,Low,Prelim Business Investment q/q,,,
Thu Nov 12 2026,Tentative,CNY,Low,Foreign Direct Investment ytd/y,,,
Thu Nov 12 2026,7:45,EUR,Low,French Final CPI m/m,,,
Thu Nov 12 2026,9:00,EUR,Low,ECB Economic Bulletin,,,
Thu Nov 12 2026,Tentative,CNY,Low,M2 Money Supply y/y,,,
Thu Nov 12 2026,Tentative,CNY,Low,New Loans,,,
Thu Nov 12 2026,10:00,EUR,Low,EU Economic Forecasts,,,
Thu Nov 12 2026,13:30,CAD,Low,Building Permits m/m,,,
Thu Nov 12 2026,13:30,USD,Medium,Unemployment Claims,,,
Thu Nov 12 2026,15:00,USD,Low,Existing Home Sales,,,
Thu Nov 12 2026,Tentative,USD,Low,Mortgage Delinquencies,,,
Thu Nov 12 2026,15:30,AUD,Low,CB Leading Index m/m,,,
Thu Nov 12 2026,17:00,USD,Low,Crude Oil Inventories,,,
Thu Nov 12 2026,18:01,USD,Low,30-y Bond Auction,,,
Thu Nov 12 2026,19:00,USD,Low,Federal Budget Balance,,,
Thu Nov 12 2026,21:30,NZD,Low,BusinessNZ Manufacturing Index,,,
Fri Nov 13 2026,1:30,CNY,Low,New Home Prices m/m,,,
Fri Nov 13 2026,4:30,JPY,Low,Tertiary Industry Activity m/m,,,
Fri Nov 13 2026,7:30,CHF,Low,PPI m/m,,,
Fri Nov 13 2026,7:45,EUR,Low,French Industrial Production m/m,,,
Fri Nov 13 2026,9:00,EUR,Low,Italian Trade Balance,,,
Fri Nov 13 2026,10:00,EUR,Low,Flash Employment Change q/q,,,
Fri Nov 13 2026,10:00,EUR,Low,Flash GDP q/q,,,
Fri Nov 13 2026,10:00,EUR,Low,Trade Balance,,,
Fri Nov 13 2026,13:30,CAD,Low,Manufacturing Sales m/m,,,
Fri Nov 13 2026,13:30,CAD,Low,Wholesale Sales m/m,,,
Fri Nov 13 2026,13:30,USD,High,Core PPI m/m,,,
Fri Nov 13 2026,13:30,USD,High,PPI m/m,,,
Fri Nov 13 2026,14:30,GBP,Low,CB Leading Index m/m,,,
Fri Nov 13 2026,15:30,USD,Low,Natural Gas Storage,,,
Sun Nov 15 2026,21:30,NZD,Low,BusinessNZ Services Index,,,
Sun Nov 15 2026,21:45,NZD,Low,FPI m/m,,,
Sun Nov 15 2026,23:50,JPY,Low,Prelim GDP Price Index y/y,,,
Sun Nov 15 2026,23:50,JPY,Low,Prelim GDP q/q,,,
Mon Nov 16 2026,0:01,GBP,Low,Rightmove HPI m/m,,,
Mon Nov 16 2026,4:30,JPY,Low,Revised Industrial Production m/m,,,
Mon Nov 16 2026,7:00,GBP,High,Claimant Count Change,,,
Mon Nov 16 2026,7:00,GBP,Medium,Average Earnings Index 3m/y,,,
Mon Nov 16 2026,7:00,GBP,Low,Unemployment Rate,,,
Mon Nov 16 2026,10:00,EUR,Low,Industrial Production m/m,,,
Mon Nov 16 2026,Tentative,EUR,Low,German Buba Monthly Report,,,
Mon Nov 16 2026,13:30,CAD,High,CPI m/m,,,
Mon Nov 16 2026,13:30,CAD,High,Median CPI y/y,,,
Mon Nov 16 2026,13:30,CAD,High,Trimmed CPI y/y,,,
Mon Nov 16 2026,13:30,CAD,Medium,Common CPI y/y,,,
Mon Nov 16 2026,13:30,CAD,Low,Core CPI m/m,,,
Mon Nov 16 2026,13:30,USD,Low,Empire State Manufacturing Index,,,
Tue Nov 17 2026,0:30,AUD,Low,Monetary Policy Meeting Minutes,,,
Tue Nov 17 2026,2:00,CNY,Low,Fixed Asset Investment ytd/y,,,
Tue Nov 17 2026,2:00,CNY,Low,Industrial Production y/y,,,
Tue Nov 17 2026,2:00,CNY,Low,NBS Press Conference,,,
Tue Nov 17 2026,2:00,CNY,Low,Retail Sales y/y,,,
Tue Nov 17 2026,2:00,CNY,Low,Unemployment Rate,,,
Tue Nov 17 2026,2:00,NZD,High,Inflation Expectations q/q,,,
Tue Nov 17 2026,10:00,EUR,Low,ZEW Economic Sentiment,,,
Tue Nov 17 2026,10:00,EUR,Low,German ZEW Economic Sentiment,,,
Tue Nov 17 2026,13:15,CAD,Low,Housing Starts,,,
Tue Nov 17 2026,13:15,USD,Low,ADP Weekly Employment Change,,,
Tue Nov 17 2026,13:30,CAD,Low,Foreign Securities Purchases,,,
Tue Nov 17 2026,13:30,USD,High,Core Retail Sales m/m,,,
Tue Nov 17 2026,13:30,USD,High,Retail Sales m/m,,,
Tue Nov 17 2026,13:30,USD,Low,Import Prices m/m,,,
Tue Nov 17 2026,14:15,USD,Low,Capacity Utilization Rate,,,
Tue Nov 17 2026,14:15,USD,Low,Industrial Production m/m,,,
Tue Nov 17 2026,15:00,USD,Low,Business Inventories m/m,,,
Tue Nov 17 2026,15:00,USD,Low,NAHB Housing Market Index,,,
Tue Nov 17 2026,Tentative,NZD,Low,GDT Price Index,,,
Tue Nov 17 2026,21:30,USD,Low,API Weekly Statistical Bulletin,,,
Tue Nov 17 2026,23:30,AUD,Low,MI Leading Index m/m,,,
Tue Nov 17 2026,23:50,JPY,Low,Trade Balance,,,
Wed Nov 18 2026,0:30,AUD,Medium,Wage Price Index q/q,,,
Wed Nov 18 2026,7:00,GBP,Low,Core CPI y/y,,,
Wed Nov 18 2026,7:00,GBP,Low,Core CPI y/y,,,
Wed Nov 18 2026,7:00,GBP,Low,PPI Input m/m,,,
Wed Nov 18 2026,7:00,GBP,Low,PPI Output m/m,,,
Wed Nov 18 2026,7:00,GBP,Low,RPI y/y,,,
Wed Nov 18 2026,9:30,GBP,Low,HPI y/y,,,
Wed Nov 18 2026,10:00,EUR,Low,Final Core CPI y/y,,,
Wed Nov 18 2026,10:00,EUR,Low,Final CPI y/y,,,
Wed Nov 18 2026,13:30,USD,Low,Building Permits,,,
Wed Nov 18 2026,13:30,USD,Low,Housing Starts,,,
Wed Nov 18 2026,15:00,USD,Low,Pending Home Sales m/m,,,
Wed Nov 18 2026,15:30,USD,Low,Crude Oil Inventories,,,
Wed Nov 18 2026,19:00,USD,High,FOMC Meeting Minutes,,,
Wed Nov 18 2026,21:00,USD,Low,TIC Long-Term Purchases,,,
Wed Nov 18 2026,21:45,NZD,Low,PPI Input q/q,,,
Wed Nov 18 2026,21:45,NZD,Low,PPI Output q/q,,,
Wed Nov 18 2026,23:50,JPY,Low,Core Machinery Orders m/m,,,
Thu Nov 19 2026,0:30,AUD,High,Employment Change,,,
Thu Nov 19 2026,0:30,AUD,High,Unemployment Rate,,,
Thu Nov 19 2026,7:00,GBP,Medium,Retail Sales m/m,,,
Thu Nov 19 2026,13:30,CAD,Low,IPPI m/m,,,
Thu Nov 19 2026,13:30,CAD,Low,RMPI m/m,,,
Thu Nov 19 2026,13:30,USD,Medium,Philly Fed Manufacturing Index,,,
Thu Nov 19 2026,13:30,USD,Medium,Unemployment Claims,,,
Thu Nov 19 2026,15:00,USD,Low,CB Leading Index m/m,,,
Thu Nov 19 2026,15:30,USD,Low,Natural Gas Storage,,,
Thu Nov 19 2026,21:45,NZD,Low,Trade Balance,,,
Thu Nov 19 2026,23:30,JPY,Low,National Core CPI y/y,,,
Fri Nov 20 2026,0:01,GBP,Low,GfK Consumer Confidence,,,
Fri Nov 20 2026,1:00,CNY,Low,1-y Loan Prime Rate,,,
Fri Nov 20 2026,1:00,CNY,Low,5-y Loan Prime Rate,,,
Fri Nov 20 2026,2:00,NZD,Low,Credit Card Spending y/y,,,
Fri Nov 20 2026,7:00,EUR,Low,German PPI m/m,,,
Fri Nov 20 2026,7:00,GBP,Low,Public Sector Net Borrowing,,,
Fri Nov 20 2026,13:30,CAD,Low,Core Retail Sales m/m,,,
Fri Nov 20 2026,13:30,CAD,Low,NHPI m/m,,,
Fri Nov 20 2026,13:30,CAD,Low,Retail Sales m/m,,,
Fri Nov 20 2026,15:00,EUR,Low,Consumer Confidence,,,
Fri Nov 20 2026,15:00,USD,Medium,Revised UoM Consumer Sentiment,,,
Fri Nov 20 2026,15:00,USD,Medium,Revised UoM Inflation Expectations,,,
Sun Nov 22 2026,22:00,AUD,Low,Flash Manufacturing PMI,,,
Sun Nov 22 2026,22:00,AUD,Low,Flash Services PMI,,,
Mon Nov 23 2026,All Day,JPY,,Bank Holiday,,,
Mon Nov 23 2026,23rd-27th,EUR,Low,German Final GDP q/q,,,
Mon Nov 23 2026,8:15,EUR,Medium,French Flash Manufacturing PMI,,,
Mon Nov 23 2026,8:15,EUR,Medium,French Flash Services PMI,,,
Mon Nov 23 2026,8:30,EUR,Medium,German Flash Manufacturing PMI,,,
Mon Nov 23 2026,8:30,EUR,Medium,German Flash Services PMI,,,
Mon Nov 23 2026,9:00,EUR,Low,Flash Manufacturing PMI,,,
Mon Nov 23 2026,9:00,EUR,Low,Flash Services PMI,,,
Mon Nov 23 2026,9:30,GBP,Medium,Flash Manufacturing PMI,,,
Mon Nov 23 2026,9:30,GBP,Medium,Flash Services PMI,,,
Mon Nov 23 2026,11:00,GBP,Low,CBI Industrial Order Expectations,,,
Mon Nov 23 2026,13:30,CAD,Low,Corporate Profits q/q,,,
Mon Nov 23 2026,14:45,USD,Low,Flash Manufacturing PMI,,,
Mon Nov 23 2026,14:45,USD,Low,Flash Services PMI,,,
Tue Nov 24 2026,0:30,JPY,Low,Flash Manufacturing PMI,,,
Tue Nov 24 2026,5:00,JPY,Low,BOJ Core CPI y/y,,,
Tue Nov 24 2026,7:00,EUR,Low,German GfK Consumer Climate,,,
Tue Nov 24 2026,9:00,EUR,Low,German ifo Business Climate,,,
Tue Nov 24 2026,11:00,GBP,Low,CBI Realized Sales,,,
Tue Nov 24 2026,13:15,USD,Low,ADP Weekly Employment Change,,,
Tue Nov 24 2026,14:00,CNY,Low,CB Leading Index m/m,,,
Tue Nov 24 2026,14:00,EUR,Low,Belgian NBB Business Climate,,,
Tue Nov 24 2026,14:00,USD,Low,HPI m/m,,,
Tue Nov 24 2026,14:00,USD,Low,S&P/CS Composite-20 HPI y/y,,,
Tue Nov 24 2026,15:00,USD,Medium,CB Consumer Confidence,,,
Tue Nov 24 2026,15:00,USD,Low,Richmond Manufacturing Index,,,
Tue Nov 24 2026,21:30,USD,Low,API Weekly Statistical Bulletin,,,
Tue Nov 24 2026,23:50,JPY,Low,SPPI y/y,,,
Wed Nov 25 2026,0:01,GBP,Low,BRC Shop Price Index y/y,,,
Wed Nov 25 2026,0:30,AUD,High,CPI m/m,,,
Wed Nov 25 2026,0:30,AUD,High,CPI y/y,,,
Wed Nov 25 2026,0:30,AUD,High,Trimmed Mean CPI m/m,,,
Wed Nov 25 2026,0:30,AUD,Low,Construction Work Done q/q,,,
Wed Nov 25 2026,9:00,EUR,Medium,ECB Financial Stability Review,,,
Wed Nov 25 2026,13:30,USD,High,Core PCE Price Index m/m,,,
Wed Nov 25 2026,13:30,USD,High,Prelim GDP q/q,,,
Wed Nov 25 2026,13:30,USD,Medium,Prelim GDP Price Index q/q,,,
Wed Nov 25 2026,13:30,USD,Medium,Unemployment Claims,,,
Wed Nov 25 2026,13:30,USD,Low,Core Durable Goods Orders m/m,,,
Wed Nov 25 2026,13:30,USD,Low,Durable Goods Orders m/m,,,
Wed Nov 25 2026,13:30,USD,Low,Personal Income m/m,,,
Wed Nov 25 2026,13:30,USD,Low,Personal Spending m/m,,,
Wed Nov 25 2026,15:00,USD,Low,New Home Sales,,,
Wed Nov 25 2026,15:30,USD,Low,Crude Oil Inventories,,,
Wed Nov 25 2026,17:00,USD,Low,Natural Gas Storage,,,
Wed Nov 25 2026,19:00,USD,Low,Beige Book,,,
Wed Nov 25 2026,21:45,NZD,Low,Core Retail Sales q/q,,,
Wed Nov 25 2026,21:45,NZD,Low,Retail Sales q/q,,,
Thu Nov 26 2026,0:30,AUD,Low,Private Capital Expenditure q/q,,,
Thu Nov 26 2026,0:30,AUD,Low,RBA Bulletin,,,
Thu Nov 26 2026,7:45,EUR,Low,French Consumer Spending m/m,,,
Thu Nov 26 2026,8:00,EUR,Low,Spanish Flash CPI y/y,,,
Thu Nov 26 2026,9:00,CHF,Low,UBS Economic Expectations,,,
Thu Nov 26 2026,10:00,EUR,Low,Italian Prelim CPI m/m,,,
Thu Nov 26 2026,10:30,GBP,Low,BOE Financial Stability Report,,,
Thu Nov 26 2026,10:30,GBP,Low,FPC Meeting Minutes,,,
Thu Nov 26 2026,10:30,GBP,Low,FPC Statement,,,
Thu Nov 26 2026,Tentative,EUR,Low,Italian 10-y Bond Auction,,,
Thu Nov 26 2026,12:30,EUR,Low,ECB Monetary Policy Meeting Accounts,,,
Thu Nov 26 2026,All Day,USD,,Bank Holiday,,,
Thu Nov 26 2026,23:30,JPY,Medium,Tokyo Core CPI y/y,,,
Fri Nov 27 2026,7:45,EUR,Low,French Final Private Payrolls q/q,,,
Fri Nov 27 2026,7:45,EUR,Low,French Prelim CPI m/m,,,
Fri Nov 27 2026,7:45,EUR,Low,French Prelim GDP q/q,,,
Fri Nov 27 2026,8:55,EUR,Low,German Unemployment Change,,,
Fri Nov 27 2026,9:00,EUR,Low,M3 Money Supply y/y,,,
Fri Nov 27 2026,9:00,EUR,Low,Italian Monthly Unemployment Rate,,,
Fri Nov 27 2026,9:00,EUR,Low,Private Loans y/y,,,
Fri Nov 27 2026,13:30,CAD,Low,Current Account,,,
Fri Nov 27 2026,13:30,USD,Low,Goods Trade Balance,,,
Fri Nov 27 2026,13:30,USD,Low,Prelim Wholesale Inventories m/m,,,
Sun Nov 29 2026,All Day,All,Medium,OPEC-JMMC Meetings,,,
Sun Nov 29 2026,All Day,All,Medium,OPEC Meetings,,,
Sun Nov 29 2026,23:50,JPY,Low,Prelim Industrial Production m/m,,,
Sun Nov 29 2026,23:50,JPY,Low,Retail Sales y/y,,,
Mon Nov 30 2026,0:00,AUD,Low,MI Inflation Gauge m/m,,,
Mon Nov 30 2026,0:00,NZD,Low,ANZ Business Confidence,,,
Mon Nov 30 2026,0:30,AUD,Low,Company Operating Profits q/q,,,
Mon Nov 30 2026,0:30,AUD,Low,Private Sector Credit m/m,,,
Mon Nov 30 2026,5:00,JPY,Low,Housing Starts y/y,,,
Mon Nov 30 2026,7:00,EUR,Low,German Import Prices m/m,,,
Mon Nov 30 2026,7:00,EUR,Low,German Retail Sales m/m,,,
Mon Nov 30 2026,7:00,GBP,Low,Nationwide HPI m/m,,,
Mon Nov 30 2026,All Day,EUR,Medium,German Prelim CPI m/m,,,
Mon Nov 30 2026,7:30,CHF,Low,Retail Sales y/y,,,
Mon Nov 30 2026,8:00,CHF,Low,GDP q/q,,,
Mon Nov 30 2026,8:00,CHF,Low,KOF Economic Barometer,,,
Mon Nov 30 2026,9:30,GBP,Low,M4 Money Supply m/m,,,
Mon Nov 30 2026,9:30,GBP,Low,Mortgage Approvals,,,
Mon Nov 30 2026,9:30,GBP,Low,Net Lending to Individuals m/m,,,
Mon Nov 30 2026,13:30,CAD,High,GDP m/m,,,
Mon Nov 30 2026,14:45,USD,Low,Chicago PMI,,,
Mon Nov 30 2026,21:45,NZD,Low,Building Consents m/m,,,
Mon Nov 30 2026,23:30,JPY,Low,Unemployment Rate,,,
Mon Nov 30 2026,23:50,JPY,Low,Capital Spending q/y,,,
Tue Dec 1 2026,0:30,AUD,Low,Building Approvals m/m,,,
Tue Dec 1 2026,0:30,AUD,Low,Current Account,,,
Tue Dec 1 2026,0:30,JPY,Low,Final Manufacturing PMI,,,
Tue Dec 1 2026,1:45,CNY,Low,RatingDog Manufacturing PMI,,,
Tue Dec 1 2026,2:30,CNY,Low,Manufacturing PMI,,,
Tue Dec 1 2026,2:30,CNY,Low,Non-Manufacturing PMI,,,
Tue Dec 1 2026,3:35,JPY,Low,10-y Bond Auction,,,
Tue Dec 1 2026,5:30,AUD,Low,Commodity Prices y/y,,,
Tue Dec 1 2026,8:15,EUR,Low,Spanish Manufacturing PMI,,,
Tue Dec 1 2026,8:30,CHF,Low,Manufacturing PMI,,,
Tue Dec 1 2026,8:45,EUR,Low,Italian Manufacturing PMI,,,
Tue Dec 1 2026,8:50,EUR,Low,French Final Manufacturing PMI,,,
Tue Dec 1 2026,8:55,EUR,Low,German Final Manufacturing PMI,,,
Tue Dec 1 2026,9:00,EUR,Low,Final Manufacturing PMI,,,
Tue Dec 1 2026,9:30,GBP,Low,Final Manufacturing PMI,,,
Tue Dec 1 2026,10:00,EUR,Medium,Core CPI Flash Estimate y/y,,,
Tue Dec 1 2026,10:00,EUR,Medium,CPI Flash Estimate y/y,,,
Tue Dec 1 2026,14:30,CAD,Low,Manufacturing PMI,,,
Tue Dec 1 2026,14:45,USD,Low,Final Manufacturing PMI,,,
Tue Dec 1 2026,15:00,USD,High,ISM Manufacturing PMI,,,
Tue Dec 1 2026,15:00,USD,Medium,ISM Manufacturing Prices,,,
Tue Dec 1 2026,15:00,USD,Medium,JOLTS Job Openings,,,
Tue Dec 1 2026,15:00,USD,Low,Construction Spending m/m,,,
Tue Dec 1 2026,Tentative,USD,Low,RCM/TIPP Economic Optimism,,,
Tue Dec 1 2026,All Day,USD,Low,Omdia Total Vehicle Sales,,,
Tue Dec 1 2026,Tentative,NZD,Low,GDT Price Index,,,
Tue Dec 1 2026,21:30,USD,Low,API Weekly Statistical Bulletin,,,
Tue Dec 1 2026,23:50,JPY,Low,Monetary Base y/y,,,
Wed Dec 2 2026,0:00,NZD,Low,ANZ Commodity Prices m/m,,,
Wed Dec 2 2026,0:30,AUD,High,GDP q/q,,,
Wed Dec 2 2026,0:30,AUD,Low,Household Spending m/m,,,
Wed Dec 2 2026,5:00,JPY,Low,Consumer Confidence,,,
Wed Dec 2 2026,7:45,EUR,Low,French Gov Budget Balance,,,
Wed Dec 2 2026,10:00,EUR,Low,Unemployment Rate,,,
Wed Dec 2 2026,Tentative,EUR,Low,Spanish 10-y Bond Auction,,,
Wed Dec 2 2026,Tentative,EUR,Low,French 10-y Bond Auction,,,
Wed Dec 2 2026,13:15,USD,Medium,ADP Non-Farm Employment Change,,,
Wed Dec 2 2026,15:30,USD,Low,Crude Oil Inventories,,,
Wed Dec 2 2026,21:45,NZD,Low,Overseas Trade Index q/q,,,
Thu Dec 3 2026,0:30,AUD,Low,Goods Trade Balance,,,
Thu Dec 3 2026,1:45,CNY,Low,RatingDog Services PMI,,,
Thu Dec 3 2026,3:35,JPY,Low,30-y Bond Auction,,,
Thu Dec 3 2026,7:30,CHF,Medium,CPI m/m,,,
Thu Dec 3 2026,8:00,EUR,Low,Spanish Unemployment Change,,,
Thu Dec 3 2026,8:45,EUR,Low,Italian Services PMI,,,
Thu Dec 3 2026,8:50,EUR,Low,French Final Services PMI,,,
Thu Dec 3 2026,8:55,EUR,Low,German Final Services PMI,,,
Thu Dec 3 2026,9:00,EUR,Low,Final Services PMI,,,
Thu Dec 3 2026,9:30,GBP,Low,Final Services PMI,,,
Thu Dec 3 2026,10:00,EUR,Low,PPI m/m,,,
Thu Dec 3 2026,10:30,USD,Low,Challenger Job Cuts y/y,,,
Thu Dec 3 2026,Tentative,EUR,Low,German 10-y Bond Auction,,,
Thu Dec 3 2026,13:30,CAD,Low,Labor Productivity q/q,,,
Thu Dec 3 2026,13:30,USD,Medium,Unemployment Claims,,,
Thu Dec 3 2026,Tentative,GBP,Medium,Monetary Policy Report Hearings,,,
Thu Dec 3 2026,14:45,USD,Low,Final Services PMI,,,
Thu Dec 3 2026,15:00,USD,Medium,ISM Services PMI,,,
Thu Dec 3 2026,15:00,USD,Low,Factory Orders m/m,,,
Thu Dec 3 2026,15:30,USD,Low,Natural Gas Storage,,,
Thu Dec 3 2026,23:30,JPY,Low,Household Spending y/y,,,
Fri Dec 4 2026,5:00,JPY,Low,Leading Indicators,,,
Fri Dec 4 2026,9:00,EUR,Low,Italian Retail Sales m/m,,,
Fri Dec 4 2026,9:30,GBP,Low,Construction PMI,,,
Fri Dec 4 2026,10:00,EUR,Low,Retail Sales m/m,,,
Fri Dec 4 2026,13:30,CAD,High,Employment Change,,,
Fri Dec 4 2026,13:30,CAD,High,Unemployment Rate,,,
Fri Dec 4 2026,13:30,USD,High,Average Hourly Earnings m/m,,,
Fri Dec 4 2026,13:30,USD,High,Non-Farm Employment Change,,,
Fri Dec 4 2026,13:30,USD,High,Unemployment Rate,,,
Fri Dec 4 2026,15:00,CAD,Medium,Ivey PMI,,,
Fri Dec 4 2026,15:00,USD,Medium,Prelim UoM Consumer Sentiment,,,
Fri Dec 4 2026,15:00,USD,Medium,Prelim UoM Inflation Expectations,,,
Mon Dec 7 2026,0:30,AUD,Low,ANZ Job Advertisements m/m,,,
Mon Dec 7 2026,7:00,EUR,Low,German Factory Orders m/m,,,
Mon Dec 7 2026,7:00,GBP,Low,Lloyds HPI m/m,,,
Mon Dec 7 2026,8:00,CHF,Low,Foreign Currency Reserves,,,
Mon Dec 7 2026,9:30,EUR,Low,Sentix Investor Confidence,,,
Mon Dec 7 2026,10:00,EUR,Low,Final Employment Change q/q,,,
Mon Dec 7 2026,10:00,EUR,Low,Revised GDP q/q,,,
Mon Dec 7 2026,15:00,USD,Low,Consumer Credit m/m,,,
Mon Dec 7 2026,21:45,NZD,Low,Manufacturing Sales q/q,,,
Mon Dec 7 2026,23:30,AUD,Low,Westpac Consumer Sentiment,,,
Mon Dec 7 2026,23:30,JPY,Low,Average Cash Earnings y/y,,,
Mon Dec 7 2026,23:50,JPY,Low,Bank Lending y/y,,,
Mon Dec 7 2026,23:50,JPY,Low,Current Account,,,
Mon Dec 7 2026,23:50,JPY,Low,Final GDP Price Index y/y,,,
Mon Dec 7 2026,23:50,JPY,Low,Final GDP q/q,,,
Tue Dec 8 2026,0:01,GBP,Low,BRC Retail Sales Monitor y/y,,,
Tue Dec 8 2026,0:30,AUD,Low,NAB Business Confidence,,,
Tue Dec 8 2026,3:30,AUD,High,Cash Rate,,,
Tue Dec 8 2026,3:30,AUD,High,RBA Rate Statement,,,
Tue Dec 8 2026,4:30,AUD,Medium,RBA Press Conference,,,
Tue Dec 8 2026,5:00,JPY,Low,Economy Watchers Sentiment,,,
Tue Dec 8 2026,7:00,EUR,Low,German Industrial Production m/m,,,
Tue Dec 8 2026,All Day,EUR,,Italian Bank Holiday,,,
Tue Dec 8 2026,7:45,EUR,Low,French Trade Balance,,,
Tue Dec 8 2026,11:00,USD,Low,NFIB Small Business Index,,,
Tue Dec 8 2026,13:15,USD,Low,ADP Weekly Employment Change,,,
Tue Dec 8 2026,13:15,USD,Low,ADP Weekly Employment Change,,,
Tue Dec 8 2026,13:30,CAD,Low,Trade Balance,,,
Tue Dec 8 2026,13:30,USD,Low,Revised Nonfarm Productivity q/q,,,
Tue Dec 8 2026,13:30,USD,Low,Revised Unit Labor Costs q/q,,,
Tue Dec 8 2026,13:30,USD,Low,Trade Balance,,,
Tue Dec 8 2026,21:30,USD,Low,API Weekly Statistical Bulletin,,,
Tue Dec 8 2026,23:50,JPY,Low,M2 Money Stock y/y,,,
Wed Dec 9 2026,Tentative,AUD,Low,Mid-Year Economic and Fiscal Outlook,,,
Wed Dec 9 2026,1:00,NZD,High,Official Cash Rate,,,
Wed Dec 9 2026,1:00,NZD,High,RBNZ Monetary Policy Statement,,,
Wed Dec 9 2026,1:00,NZD,High,RBNZ Rate Statement,,,
Wed Dec 9 2026,1:30,CNY,Low,CPI y/y,,,
Wed Dec 9 2026,1:30,CNY,Low,PPI y/y,,,
Wed Dec 9 2026,2:00,NZD,High,RBNZ Press Conference,,,
Wed Dec 9 2026,Tentative,CNY,Low,Trade Balance,,,
Wed Dec 9 2026,Tentative,CNY,Low,USD-Denominated Trade Balance,,,
Wed Dec 9 2026,6:00,JPY,Low,Prelim Machine Tool Orders y/y,,,
Wed Dec 9 2026,7:00,EUR,Low,German Trade Balance,,,
Wed Dec 9 2026,Tentative,EUR,Low,German 30-y Bond Auction,,,
Wed Dec 9 2026,14:45,CAD,High,BOC Rate Statement,,,
Wed Dec 9 2026,14:45,CAD,High,Overnight Rate,,,
Wed Dec 9 2026,15:00,USD,Low,Existing Home Sales,,,
Wed Dec 9 2026,15:00,USD,Low,Final Wholesale Inventories m/m,,,
Wed Dec 9 2026,15:30,CAD,High,BOC Press Conference,,,
Wed Dec 9 2026,15:30,USD,Low,Crude Oil Inventories,,,
Wed Dec 9 2026,18:01,USD,Low,10-y Bond Auction,,,
Wed Dec 9 2026,19:00,USD,High,Federal Funds Rate,,,
Wed Dec 9 2026,19:00,USD,High,FOMC Economic Projections,,,
Wed Dec 9 2026,19:00,USD,High,FOMC Statement,,,
Wed Dec 9 2026,19:30,USD,High,FOMC Press Conference,,,
Wed Dec 9 2026,23:50,JPY,Low,BSI Manufacturing Index,,,
Wed Dec 9 2026,23:50,JPY,Low,PPI y/y,,,
Thu Dec 10 2026,0:00,AUD,Low,MI Inflation Expectations,,,
Thu Dec 10 2026,0:01,GBP,Low,RICS House Price Balance,,,
Thu Dec 10 2026,7:00,EUR,Low,German Final CPI m/m,,,
Thu Dec 10 2026,8:00,CHF,Low,SECO Consumer Climate,,,
Thu Dec 10 2026,8:30,CHF,High,SNB Monetary Policy Assessment,,,
Thu Dec 10 2026,8:30,CHF,High,SNB Policy Rate,,,
Thu Dec 10 2026,9:00,CHF,High,SNB Press Conference,,,
Thu Dec 10 2026,9:00,EUR,Low,Italian Industrial Production m/m,,,
Thu Dec 10 2026,Tentative,CNY,Low,M2 Money Supply y/y,,,
Thu Dec 10 2026,Tentative,CNY,Low,New Loans,,,
Thu Dec 10 2026,All Day,EUR,Low,Eurogroup Meetings,,,
Thu Dec 10 2026,Tentative,GBP,Low,10-y Bond Auction,,,
Thu Dec 10 2026,13:30,USD,High,Core CPI m/m,,,
Thu Dec 10 2026,13:30,USD,High,Core CPI y/y,,,
Thu Dec 10 2026,13:30,USD,High,CPI m/m,,,
Thu Dec 10 2026,13:30,USD,High,CPI y/y,,,
Thu Dec 10 2026,13:30,USD,Medium,Unemployment Claims,,,
Thu Dec 10 2026,15:30,USD,Low,Natural Gas Storage,,,
Thu Dec 10 2026,18:01,USD,Low,30-y Bond Auction,,,
Thu Dec 10 2026,19:00,USD,Low,Federal Budget Balance,,,
Thu Dec 10 2026,21:30,NZD,Low,BusinessNZ Manufacturing Index,,,
Fri Dec 11 2026,1:30,CNY,Low,New Home Prices m/m,,,
Fri Dec 11 2026,7:00,EUR,Low,German WPI m/m,,,
Fri Dec 11 2026,7:00,GBP,High,GDP m/m,,,
Fri Dec 11 2026,7:00,GBP,Low,Construction Output m/m,,,
Fri Dec 11 2026,7:00,GBP,Low,Goods Trade Balance,,,
Fri Dec 11 2026,7:00,GBP,Low,Index of Services 3m/3m,,,
Fri Dec 11 2026,7:00,GBP,Low,Industrial Production m/m,,,
Fri Dec 11 2026,7:00,GBP,Low,Manufacturing Production m/m,,,
Fri Dec 11 2026,7:45,EUR,Low,French Industrial Production m/m,,,
Fri Dec 11 2026,8:00,CHF,Low,Unemployment Rate,,,
Fri Dec 11 2026,9:00,EUR,Low,Italian Quarterly Unemployment Rate,,,
Fri Dec 11 2026,9:00,EUR,Low,Italian Trade Balance,,,
Fri Dec 11 2026,9:30,GBP,Low,Consumer Inflation Expectations,,,
Fri Dec 11 2026,All Day,EUR,Low,ECOFIN Meetings,,,
Fri Dec 11 2026,13:30,CAD,Low,Building Permits m/m,,,
Fri Dec 11 2026,15:30,AUD,Low,CB Leading Index m/m,,,
Sun Dec 13 2026,13th-17th,NZD,Low,Westpac Consumer Sentiment,,,
Sun Dec 13 2026,21:30,NZD,Low,BusinessNZ Services Index,,,
Sun Dec 13 2026,21:45,NZD,Low,Visitor Arrivals m/m,,,
Mon Dec 14 2026,0:01,GBP,Low,Rightmove HPI m/m,,,
Mon Dec 14 2026,4:30,JPY,Low,Tertiary Industry Activity m/m,,,
Mon Dec 14 2026,Tentative,CNY,Low,Foreign Direct Investment ytd/y,,,
Mon Dec 14 2026,7:45,EUR,Low,French Final CPI m/m,,,
Mon Dec 14 2026,Tentative,EUR,Low,German Buba Monthly Report,,,
Mon Dec 14 2026,Tentative,GBP,Low,30-y Bond Auction,,,
Mon Dec 14 2026,13:30,CAD,High,CPI m/m,,,
Mon Dec 14 2026,13:30,CAD,High,Median CPI y/y,,,
Mon Dec 14 2026,13:30,CAD,High,Trimmed CPI y/y,,,
Mon Dec 14 2026,13:30,CAD,Medium,Common CPI y/y,,,
Mon Dec 14 2026,13:30,CAD,Low,Core CPI m/m,,,
Mon Dec 14 2026,13:30,CAD,Low,Manufacturing Sales m/m,,,
Mon Dec 14 2026,14:30,GBP,Low,CB Leading Index m/m,,,
Mon Dec 14 2026,Day 1,All,Low,G20 Meetings,,,
Mon Dec 14 2026,23:50,JPY,Low,Tankan Manufacturing Index,,,
Mon Dec 14 2026,23:50,JPY,Low,Tankan Non-Manufacturing Index,,,
Tue Dec 15 2026,7:00,GBP,High,Claimant Count Change,,,
Tue Dec 15 2026,7:00,GBP,Medium,Average Earnings Index 3m/y,,,
Tue Dec 15 2026,7:00,GBP,Medium,Retail Sales m/m,,,
Tue Dec 15 2026,7:00,GBP,Low,Unemployment Rate,,,
Tue Dec 15 2026,7:30,CHF,Low,PPI m/m,,,
Tue Dec 15 2026,10:00,EUR,Low,Final CPI y/y,,,
Tue Dec 15 2026,10:00,EUR,Low,Industrial Production m/m,,,
Tue Dec 15 2026,10:00,EUR,Low,German ZEW Economic Sentiment,,,
Tue Dec 15 2026,10:00,EUR,Low,ZEW Economic Sentiment,,,
Tue Dec 15 2026,13:15,CAD,Low,Housing Starts,,,
Tue Dec 15 2026,13:15,USD,Low,ADP Weekly Employment Change,,,
Tue Dec 15 2026,13:30,CAD,Low,Wholesale Sales m/m,,,
Tue Dec 15 2026,13:30,USD,High,Core PPI m/m,,,
Tue Dec 15 2026,13:30,USD,High,PPI m/m,,,
Tue Dec 15 2026,13:30,USD,Low,Empire State Manufacturing Index,,,
Tue Dec 15 2026,15:00,USD,Low,NAHB Housing Market Index,,,
Tue Dec 15 2026,Tentative,NZD,Low,GDT Price Index,,,
Tue Dec 15 2026,Day 2,All,Low,G20 Meetings,,,
Tue Dec 15 2026,21:00,USD,Low,TIC Long-Term Purchases,,,
Tue Dec 15 2026,21:30,USD,Low,API Weekly Statistical Bulletin,,,
Tue Dec 15 2026,21:45,NZD,Low,Current Account,,,
Tue Dec 15 2026,21:45,NZD,Low,FPI m/m,,,
Tue Dec 15 2026,22:00,AUD,Low,Flash Manufacturing PMI,,,
Tue Dec 15 2026,22:00,AUD,Low,Flash Services PMI,,,
Tue Dec 15 2026,23:30,AUD,Low,MI Leading Index m/m,,,
Tue Dec 15 2026,23:50,JPY,Low,Trade Balance,,,
Wed Dec 16 2026,0:30,JPY,Low,Flash Manufacturing PMI,,,
Wed Dec 16 2026,7:00,GBP,High,CPI y/y,,,
Wed Dec 16 2026,7:00,GBP,Low,Core CPI y/y,,,
Wed Dec 16 2026,7:00,GBP,Low,PPI Input m/m,,,
Wed Dec 16 2026,7:00,GBP,Low,PPI Output m/m,,,
Wed Dec 16 2026,7:00,GBP,Low,RPI y/y,,,
Wed Dec 16 2026,8:00,CHF,Low,SECO Economic Forecasts,,,
Wed Dec 16 2026,8:15,EUR,Medium,French Flash Manufacturing PMI,,,
Wed Dec 16 2026,8:15,EUR,Medium,French Flash Services PMI,,,
Wed Dec 16 2026,8:30,EUR,Medium,German Flash Manufacturing PMI,,,
Wed Dec 16 2026,8:30,EUR,Medium,German Flash Services PMI,,,
Wed Dec 16 2026,9:00,EUR,Low,Flash Manufacturing PMI,,,
Wed Dec 16 2026,9:00,EUR,Low,Flash Services PMI,,,
Wed Dec 16 2026,9:00,EUR,Low,German ifo Business Climate,,,
Wed Dec 16 2026,9:30,GBP,Medium,Flash Manufacturing PMI,,,
Wed Dec 16 2026,9:30,GBP,Medium,Flash Services PMI,,,
Wed Dec 16 2026,9:30,GBP,Low,HPI y/y,,,
Wed Dec 16 2026,10:00,EUR,Low,Trade Balance,,,
Wed Dec 16 2026,11:00,GBP,Low,CBI Industrial Order Expectations,,,
Wed Dec 16 2026,13:30,USD,High,Core Retail Sales m/m,,,
Wed Dec 16 2026,13:30,USD,High,Retail Sales m/m,,,
Wed Dec 16 2026,14:00,CHF,Low,SNB Quarterly Bulletin,,,
Wed Dec 16 2026,14:15,USD,Low,Capacity Utilization Rate,,,
Wed Dec 16 2026,14:15,USD,Low,Industrial Production m/m,,,
Wed Dec 16 2026,14:45,USD,Low,Flash Manufacturing PMI,,,
Wed Dec 16 2026,14:45,USD,Low,Flash Services PMI,,,
Wed Dec 16 2026,15:00,USD,Low,Business Inventories m/m,,,
Wed Dec 16 2026,15:30,USD,Low,Crude Oil Inventories,,,
Wed Dec 16 2026,21:45,NZD,High,GDP q/q,,,
Wed Dec 16 2026,23:50,JPY,Low,Core Machinery Orders m/m,,,
Thu Dec 17 2026,0:30,AUD,High,Employment Change,,,
Thu Dec 17 2026,0:30,AUD,High,Unemployment Rate,,,
Thu Dec 17 2026,2:00,CNY,Low,Fixed Asset Investment ytd/y,,,
Thu Dec 17 2026,2:00,CNY,Low,Industrial Production y/y,,,
Thu Dec 17 2026,2:00,CNY,Low,NBS Press Conference,,,
Thu Dec 17 2026,2:00,CNY,Low,Retail Sales y/y,,,
Thu Dec 17 2026,2:00,CNY,Low,Unemployment Rate,,,
Thu Dec 17 2026,7:00,EUR,Low,German GfK Consumer Climate,,,
Thu Dec 17 2026,10:00,EUR,Low,Final Core CPI y/y,,,
Thu Dec 17 2026,11:00,GBP,Low,CBI Realized Sales,,,
Thu Dec 17 2026,12:00,GBP,High,Monetary Policy Summary,,,
Thu Dec 17 2026,12:00,GBP,High,MPC Official Bank Rate Votes,,,
Thu Dec 17 2026,12:00,GBP,High,Official Bank Rate,,,
Thu Dec 17 2026,13:15,EUR,High,Main Refinancing Rate,,,
Thu Dec 17 2026,13:15,EUR,High,Monetary Policy Statement,,,
Thu Dec 17 2026,13:30,CAD,Low,Foreign Securities Purchases,,,
Thu Dec 17 2026,13:30,CAD,Low,IPPI m/m,,,
Thu Dec 17 2026,13:30,CAD,Low,NHPI m/m,,,
Thu Dec 17 2026,13:30,CAD,Low,RMPI m/m,,,
Thu Dec 17 2026,13:30,USD,Medium,Philly Fed Manufacturing Index,,,
Thu Dec 17 2026,13:30,USD,Medium,Unemployment Claims,,,
Thu Dec 17 2026,13:30,USD,Low,Building Permits,,,
Thu Dec 17 2026,13:30,USD,Low,Housing Starts,,,
Thu Dec 17 2026,13:30,USD,Low,Import Prices m/m,,,
Thu Dec 17 2026,13:45,EUR,High,ECB Press Conference,,,
Thu Dec 17 2026,15:00,USD,Low,Pending Home Sales m/m,,,
Thu Dec 17 2026,15:30,USD,Low,Natural Gas Storage,,,
Thu Dec 17 2026,23:30,JPY,Low,National Core CPI y/y,,,
Fri Dec 18 2026,0:00,NZD,Low,ANZ Business Confidence,,,
Fri Dec 18 2026,0:01,GBP,Low,GfK Consumer Confidence,,,
Fri Dec 18 2026,1:00,CNY,Low,1-y Loan Prime Rate,,,
Fri Dec 18 2026,1:00,CNY,Low,5-y Loan Prime Rate,,,
Fri Dec 18 2026,Tentative,JPY,High,BOJ Policy Rate,,,
Fri Dec 18 2026,Tentative,JPY,High,Monetary Policy Statement,,,
Fri Dec 18 2026,Tentative,JPY,High,BOJ Press Conference,,,
Fri Dec 18 2026,7:00,EUR,Low,German PPI m/m,,,
Fri Dec 18 2026,9:00,EUR,Low,Current Account,,,
Fri Dec 18 2026,13:30,CAD,Low,Core Retail Sales m/m,,,
Fri Dec 18 2026,13:30,CAD,Low,Retail Sales m/m,,,
Fri Dec 18 2026,13:30,USD,Low,Current Account,,,
Fri Dec 18 2026,14:00,EUR,Low,Belgian NBB Business Climate,,,
Fri Dec 18 2026,15:00,EUR,Low,Consumer Confidence,,,
Fri Dec 18 2026,15:00,USD,Medium,Revised UoM Consumer Sentiment,,,
Fri Dec 18 2026,15:00,USD,Medium,Revised UoM Inflation Expectations,,,
Fri Dec 18 2026,15:00,USD,Low,CB Leading Index m/m,,,
Sun Dec 20 2026,21:45,NZD,Low,Trade Balance,,,
Mon Dec 21 2026,2:00,NZD,Low,Credit Card Spending y/y,,,
Mon Dec 21 2026,4:30,JPY,Low,Revised Industrial Production m/m,,,
Mon Dec 21 2026,7:00,GBP,High,CPI y/y,,,
Mon Dec 21 2026,7:00,GBP,Low,Core CPI y/y,,,
Mon Dec 21 2026,7:00,GBP,Low,PPI Input m/m,,,
Mon Dec 21 2026,7:00,GBP,Low,PPI Output m/m,,,
Mon Dec 21 2026,7:00,GBP,Low,RPI y/y,,,
Mon Dec 21 2026,8:55,EUR,Low,German Unemployment Change,,,
Mon Dec 21 2026,9:30,GBP,Low,HPI y/y,,,
Mon Dec 21 2026,10:00,EUR,Low,Italian Prelim CPI m/m,,,
Tue Dec 22 2026,0:30,AUD,Low,Monetary Policy Meeting Minutes,,,
Tue Dec 22 2026,7:00,GBP,Low,Current Account,,,
Tue Dec 22 2026,7:00,GBP,Low,Final GDP q/q,,,
Tue Dec 22 2026,7:00,GBP,Low,Public Sector Net Borrowing,,,
Tue Dec 22 2026,7:00,GBP,Low,Revised Business Investment q/q,,,
Tue Dec 22 2026,13:15,USD,Low,ADP Weekly Employment Change,,,
Tue Dec 22 2026,14:00,CNY,Low,CB Leading Index m/m,,,
Tue Dec 22 2026,15:00,USD,Medium,CB Consumer Confidence,,,
Tue Dec 22 2026,15:00,USD,Low,Richmond Manufacturing Index,,,
Tue Dec 22 2026,21:30,USD,Low,API Weekly Statistical Bulletin,,,
Tue Dec 22 2026,23:50,JPY,Low,Monetary Policy Meeting Minutes,,,
Wed Dec 23 2026,8:00,EUR,Low,Spanish Flash CPI y/y,,,
Wed Dec 23 2026,13:30,CAD,High,GDP m/m,,,
Wed Dec 23 2026,13:30,USD,High,Core PCE Price Index m/m,,,
Wed Dec 23 2026,13:30,USD,High,Final GDP q/q,,,
Wed Dec 23 2026,13:30,USD,Medium,Final GDP Price Index q/q,,,
Wed Dec 23 2026,13:30,USD,Low,Core Durable Goods Orders m/m,,,
Wed Dec 23 2026,13:30,USD,Low,Durable Goods Orders m/m,,,
Wed Dec 23 2026,13:30,USD,Low,Personal Income m/m,,,
Wed Dec 23 2026,13:30,USD,Low,Personal Spending m/m,,,
Wed Dec 23 2026,15:00,USD,Low,New Home Sales,,,
Wed Dec 23 2026,15:30,USD,Low,Crude Oil Inventories,,,
Wed Dec 23 2026,18:30,CAD,Low,BOC Summary of Deliberations,,,
Thu Dec 24 2026,All Day,EUR,,German Bank Holiday,,,
Thu Dec 24 2026,13:30,USD,Medium,Unemployment Claims,,,
Thu Dec 24 2026,15:30,USD,Low,Natural Gas Storage,,,
Thu Dec 24 2026,All Day,NZD,,Bank Holiday,,,
Thu Dec 24 2026,All Day,AUD,,Bank Holiday,,,
Thu Dec 24 2026,23:30,JPY,Medium,Tokyo Core CPI y/y,,,
Thu Dec 24 2026,23:30,JPY,Low,Unemployment Rate,,,
Fri Dec 25 2026,All Day,CHF,,Bank Holiday,,,
Fri Dec 25 2026,All Day,EUR,,French Bank Holiday,,,
Fri Dec 25 2026,All Day,EUR,,German Bank Holiday,,,
Fri Dec 25 2026,All Day,EUR,,Italian Bank Holiday,,,
Fri Dec 25 2026,All Day,GBP,,Bank Holiday,,,
Fri Dec 25 2026,All Day,CAD,,Bank Holiday,,,
Fri Dec 25 2026,All Day,USD,,Bank Holiday,,,
Sun Dec 27 2026,All Day,NZD,,Bank Holiday,,,
Sun Dec 27 2026,All Day,AUD,,Bank Holiday,,,
Sun Dec 27 2026,23:50,JPY,Low,BOJ Summary of Opinions,,,
Mon Dec 28 2026,7:29,EUR,Medium,German Prelim CPI m/m,,,
Mon Dec 28 2026,7:45,EUR,Low,French Consumer Spending m/m,,,
Mon Dec 28 2026,All Day,GBP,,Bank Holiday,,,
Mon Dec 28 2026,9:00,CHF,Low,UBS Economic Expectations,,,
Mon Dec 28 2026,All Day,CAD,,Bank Holiday,,,
Mon Dec 28 2026,13:30,USD,Low,Goods Trade Balance,,,
Mon Dec 28 2026,13:30,USD,Low,Prelim Wholesale Inventories m/m,,,
Tue Dec 29 2026,5:00,JPY,Low,BOJ Core CPI y/y,,,
Tue Dec 29 2026,5:00,JPY,Low,Housing Starts y/y,,,
Tue Dec 29 2026,7:00,EUR,Low,German Import Prices m/m,,,
Tue Dec 29 2026,7:00,EUR,Low,German Retail Sales m/m,,,
Tue Dec 29 2026,7:45,EUR,Low,French Prelim CPI m/m,,,
Tue Dec 29 2026,8:00,CHF,Low,KOF Economic Barometer,,,
Tue Dec 29 2026,9:00,EUR,Low,Italian Monthly Unemployment Rate,,,
Tue Dec 29 2026,13:15,USD,Low,ADP Weekly Employment Change,,,
Tue Dec 29 2026,14:00,USD,Low,HPI m/m,,,
Tue Dec 29 2026,14:00,USD,Low,S&P/CS Composite-20 HPI y/y,,,
Tue Dec 29 2026,21:30,USD,Low,API Weekly Statistical Bulletin,,,
Tue Dec 29 2026,23:50,JPY,Low,Prelim Industrial Production m/m,,,
Tue Dec 29 2026,23:50,JPY,Low,Retail Sales y/y,,,
Tue Dec 29 2026,23:50,JPY,Low,SPPI y/y,,,
Wed Dec 30 2026,0:01,GBP,Low,BRC Shop Price Index y/y,,,
Wed Dec 30 2026,7:00,GBP,Low,Nationwide HPI m/m,,,
Wed Dec 30 2026,7:30,CHF,Low,Retail Sales y/y,,,
Wed Dec 30 2026,Tentative,EUR,Low,Italian 10-y Bond Auction,,,
Wed Dec 30 2026,14:45,USD,Low,Chicago PMI,,,
Wed Dec 30 2026,15:30,USD,Low,Crude Oil Inventories,,,
Wed Dec 30 2026,19:00,USD,High,FOMC Meeting Minutes,,,
Thu Dec 31 2026,All Day,JPY,,Bank Holiday,,,
Thu Dec 31 2026,0:30,AUD,Low,Private Sector Credit m/m,,,
Thu Dec 31 2026,1:30,CNY,Low,Manufacturing PMI,,,
Thu Dec 31 2026,1:30,CNY,Low,Non-Manufacturing PMI,,,
Thu Dec 31 2026,All Day,EUR,,German Bank Holiday,,,
Thu Dec 31 2026,13:30,USD,Medium,Unemployment Claims,,,
Thu Dec 31 2026,15:30,USD,Low,Natural Gas Storage,,,
